id,isim,universite,sure,tur,kosullar,siraid,fakulte,aciklama,il,unitur,onlisans,kontenjan2022,birinci2022,birincimaxpuan2022,birincipuan2022,birinciyerlesme2022,maxpuan2022,puan2022,sira2022,yerlesme2022,kiz2022,kiz2023,erkek2022,erkek2023,liseli2022,liseli2023,mezun2022,mezun2023,universiteli2022,universiteli2023,unimezunu2022,unimezunu2023,tercihtoplam2022,tercihtoplam2023,tercihbirinci2022,tercihbirinci2023,tercihilkuc2022,tercihilkuc2023,tercihilkdokuz2022,tercihilkdokuz2023,kontenjan2023,depremzedekontenjan2023,kadinkontenjan2023,sehitkontenjan2023,birinci2023,yerlesen2023,maxpuan2023,birinciyerlesen2023,birincipuan2023,depremzedeyerlesen2023,depremzedepuan2023,kadinyerlesen2023,kadinpuan2023,sehityerlesen2023,sehitpuan2023,ekkontenjan2023,eksehitkontenjan2023,ekkadinkontenjan2023,ekdepremzedekontenjan2023,sira2023,puan2023,kontenjan2024,birinci2024,sehitkontenjan2024,kadinkontenjan2024,depremzedekontenjan2024,puan2024,sira2024,maxpuan2024,yerlesen2024,birinciyerlesen2024
101110015,Alman Dili ve Edebiyatı,ANKARA ÜNİVERSİTESİ,4,DİL,"22, 24, 158, 168",751.0,Dil ve Tarih Coğrafya Fakültesi,(Almanca),ANKARA,DEVLET,0,50.0,2.0,0.0,0.0,0.0,486.45379,396.45247,25049.0,52.0,35.0,39.0,17.0,15.0,16.0,20.0,23.0,14.0,3.0,4.0,10.0,14.0,1225.0,1240.0,74.0,65.0,310.0,306.0,818.0,881.0,50.0,0,2.0,0.0,2.0,51.0,456.84582,1.0,300.95296,0.0,0.0,2.0,233.86149,0.0,0.0,4.0,0.0,0.0,0.0,21440,417.29874,55,2,0,0,0,412.84698486328125,19603,469.9930114746094,57,0
101110024,Amerikan Kültürü ve Edebiyatı,ANKARA ÜNİVERSİTESİ,4,DİL,"22, 23, 24, 160",752.0,Dil ve Tarih Coğrafya Fakültesi,(İngilizce),ANKARA,DEVLET,0,60.0,2.0,418.55267,418.55267,1.0,440.99189,426.55594,15304.0,61.0,46.0,44.0,16.0,19.0,33.0,40.0,20.0,16.0,3.0,3.0,4.0,2.0,1228.0,1205.0,71.0,68.0,238.0,275.0,871.0,890.0,60.0,0,2.0,0.0,2.0,60.0,454.16795,2.0,392.02357,0.0,0.0,1.0,177.00069,0.0,0.0,1.0,0.0,1.0,0.0,13963,438.973,65,2,0,0,0,440.572998046875,10949,456.4679870605469,65,2
101110033,Antropoloji,ANKARA ÜNİVERSİTESİ,4,EŞİT AĞIRLIK,,753.0,Dil ve Tarih Coğrafya Fakültesi,,ANKARA,DEVLET,0,50.0,2.0,0.0,0.0,0.0,391.84414,288.49714,492408.0,52.0,30.0,30.0,22.0,24.0,3.0,9.0,11.0,4.0,11.0,9.0,26.0,30.0,944.0,880.0,57.0,63.0,218.0,225.0,599.0,601.0,50.0,0,2.0,0.0,2.0,52.0,355.60448,0.0,0.0,0.0,0.0,2.0,231.34703,0.0,0.0,3.0,0.0,0.0,0.0,423258,298.48815,55,2,0,0,0,294.2969970703125,389784,361.83099365234375,57,0
101110042,Arap Dili ve Edebiyatı,ANKARA ÜNİVERSİTESİ,4,DİL,168,755.0,Dil ve Tarih Coğrafya Fakültesi,,ANKARA,DEVLET,0,60.0,2.0,0.0,0.0,0.0,415.48525,303.75195,60977.0,62.0,42.0,40.0,20.0,23.0,18.0,10.0,18.0,20.0,10.0,14.0,16.0,19.0,408.0,437.0,31.0,48.0,96.0,135.0,251.0,314.0,60.0,0,2.0,0.0,2.0,62.0,444.50885,0.0,0.0,0.0,0.0,1.0,189.68873,0.0,0.0,7.0,0.0,1.0,0.0,62215,323.8291,60,2,0,0,0,323.9849853515625,60119,401.6050109863281,62,0
101110051,Arkeoloji,ANKARA ÜNİVERSİTESİ,4,EŞİT AĞIRLIK,"22, 23, 24",756.0,Dil ve Tarih Coğrafya Fakültesi,(İngilizce),ANKARA,DEVLET,0,25.0,1.0,264.96209,264.96209,1.0,392.83816,335.8019,225915.0,25.0,17.0,13.0,9.0,14.0,7.0,9.0,4.0,3.0,4.0,4.0,11.0,11.0,556.0,618.0,78.0,90.0,175.0,188.0,355.0,416.0,25.0,0,1.0,0.0,1.0,26.0,378.58092,0.0,0.0,0.0,0.0,1.0,259.67256,0.0,0.0,5.0,0.0,0.0,0.0,215275,335.57423,25,1,0,0,0,324.4280090332031,215188,354.3070068359375,25,1
101110069,Bilgi ve Belge Yönetimi,ANKARA ÜNİVERSİTESİ,4,EŞİT AĞIRLIK,,757.0,Dil ve Tarih Coğrafya Fakültesi,,ANKARA,DEVLET,0,50.0,2.0,0.0,0.0,0.0,340.97959,305.38729,375563.0,52.0,40.0,38.0,12.0,16.0,17.0,10.0,24.0,25.0,2.0,5.0,9.0,13.0,1192.0,914.0,98.0,67.0,302.0,247.0,734.0,580.0,50.0,0,2.0,0.0,2.0,51.0,380.13029,1.0,205.61199,0.0,0.0,2.0,207.59974,0.0,0.0,5.0,0.0,0.0,0.0,327415,313.17268,55,2,0,0,0,309.69500732421875,289552,353.27801513671875,57,0
101110087,Coğrafya,ANKARA ÜNİVERSİTESİ,4,SÖZEL,,759.0,Dil ve Tarih Coğrafya Fakültesi,,ANKARA,DEVLET,0,50.0,2.0,304.76295,304.76295,1.0,415.49533,367.89236,66973.0,51.0,26.0,26.0,26.0,28.0,14.0,13.0,21.0,25.0,2.0,4.0,13.0,10.0,1344.0,1159.0,160.0,131.0,390.0,323.0,857.0,775.0,50.0,0,2.0,0.0,2.0,51.0,414.89331,1.0,285.32689,0.0,0.0,2.0,322.43856,0.0,0.0,0.0,0.0,0.0,0.0,57251,372.22061,55,2,0,0,0,384.24798583984375,54961,454.0190124511719,57,0
101110096,Çağdaş Türk Lehçeleri ve Edebiyatları,ANKARA ÜNİVERSİTESİ,4,SÖZEL,,762.0,Dil ve Tarih Coğrafya Fakültesi,,ANKARA,DEVLET,0,60.0,2.0,0.0,0.0,0.0,413.13778,317.49459,244214.0,62.0,39.0,45.0,23.0,29.0,18.0,13.0,21.0,24.0,11.0,15.0,11.0,19.0,716.0,810.0,43.0,66.0,169.0,248.0,469.0,570.0,70.0,0,2.0,0.0,2.0,72.0,444.9795,0.0,0.0,0.0,0.0,2.0,239.28962,0.0,0.0,2.0,0.0,1.0,0.0,175706,331.49755,75,2,0,0,0,346.72900390625,151301,401.0679931640625,77,0
101110103,Çağdaş Yunan Dili ve Edebiyatı,ANKARA ÜNİVERSİTESİ,4,DİL,168,763.0,Dil ve Tarih Coğrafya Fakültesi,,ANKARA,DEVLET,0,35.0,1.0,0.0,0.0,0.0,441.45183,335.98447,47781.0,36.0,19.0,20.0,17.0,17.0,8.0,4.0,9.0,8.0,10.0,9.0,8.0,13.0,288.0,358.0,18.0,35.0,66.0,87.0,184.0,241.0,35.0,0,1.0,0.0,1.0,36.0,484.25816,0.0,0.0,0.0,0.0,1.0,295.03946,0.0,0.0,3.0,0.0,1.0,0.0,41160,369.94216,40,1,0,0,0,362.239013671875,41101,438.8529968261719,41,0
101110121,Fars Dili ve Edebiyatı,ANKARA ÜNİVERSİTESİ,4,DİL,159,769.0,Dil ve Tarih Coğrafya Fakültesi,,ANKARA,DEVLET,0,50.0,2.0,0.0,0.0,0.0,428.99105,247.70863,86539.0,52.0,32.0,24.0,20.0,29.0,9.0,6.0,16.0,12.0,11.0,8.0,15.0,23.0,231.0,429.0,16.0,38.0,51.0,108.0,128.0,275.0,50.0,0,2.0,0.0,2.0,52.0,432.49389,0.0,0.0,0.0,0.0,1.0,274.21176,0.0,0.0,12.0,0.0,2.0,0.0,75899,297.07092,50,2,0,0,0,297.5610046386719,74370,454.07000732421875,52,0
101110139,Felsefe,ANKARA ÜNİVERSİTESİ,4,EŞİT AĞIRLIK,,770.0,Dil ve Tarih Coğrafya Fakültesi,,ANKARA,DEVLET,0,40.0,1.0,0.0,0.0,0.0,418.40789,319.21844,299372.0,41.0,21.0,21.0,20.0,21.0,2.0,3.0,10.0,2.0,7.0,10.0,19.0,27.0,1091.0,892.0,61.0,65.0,232.0,228.0,682.0,613.0,40.0,0,1.0,0.0,1.0,41.0,463.71794,0.0,0.0,0.0,0.0,1.0,210.19688,0.0,0.0,7.0,0.0,0.0,0.0,258972,325.99225,30,1,0,0,0,317.9590148925781,245181,418.8810119628906,31,0
101110148,Fransız Dili ve Edebiyatı,ANKARA ÜNİVERSİTESİ,4,DİL,"22, 24, 159, 171",772.0,Dil ve Tarih Coğrafya Fakültesi,(Fransızca),ANKARA,DEVLET,0,50.0,2.0,0.0,0.0,0.0,470.32031,400.86691,23556.0,52.0,34.0,37.0,18.0,16.0,20.0,26.0,16.0,18.0,5.0,1.0,10.0,8.0,930.0,972.0,46.0,53.0,189.0,236.0,643.0,706.0,50.0,0,2.0,0.0,2.0,51.0,450.68115,1.0,288.93322,0.0,0.0,1.0,156.58365,0.0,0.0,1.0,0.0,1.0,0.0,20826,418.94921,55,2,0,0,0,418.9330139160156,17491,488.4729919433594,55,2
101110166,Hindoloji,ANKARA ÜNİVERSİTESİ,4,DİL,168,775.0,Dil ve Tarih Coğrafya Fakültesi,,ANKARA,DEVLET,0,30.0,1.0,0.0,0.0,0.0,381.88686,220.07168,100810.0,31.0,19.0,17.0,12.0,14.0,3.0,3.0,11.0,10.0,5.0,9.0,12.0,8.0,143.0,218.0,10.0,16.0,17.0,43.0,71.0,136.0,30.0,0,1.0,0.0,1.0,31.0,445.2462,0.0,0.0,0.0,0.0,0.0,0.0,0.0,0.0,5.0,0.0,1.0,0.0,92624,267.476,35,1,0,0,0,270.97601318359375,90101,403.30499267578125,36,0
101110175,Hititoloji,ANKARA ÜNİVERSİTESİ,4,DİL,,776.0,Dil ve Tarih Coğrafya Fakültesi,,ANKARA,DEVLET,0,20.0,1.0,0.0,0.0,0.0,470.49288,282.69728,70049.0,21.0,8.0,12.0,13.0,13.0,3.0,7.0,2.0,7.0,9.0,4.0,6.0,4.0,180.0,185.0,10.0,7.0,26.0,35.0,94.0,123.0,24.0,0,1.0,0.0,1.0,25.0,403.75997,0.0,0.0,0.0,0.0,0.0,0.0,0.0,0.0,4.0,0.0,1.0,0.0,75264,298.28621,24,1,0,0,0,311.7170104980469,66564,417.3900146484375,25,0
101110184,Hungaroloji,ANKARA ÜNİVERSİTESİ,4,DİL,168,777.0,Dil ve Tarih Coğrafya Fakültesi,,ANKARA,DEVLET,0,30.0,1.0,0.0,0.0,0.0,429.44263,250.06445,85352.0,31.0,11.0,18.0,20.0,14.0,7.0,5.0,10.0,11.0,8.0,7.0,6.0,8.0,190.0,312.0,12.0,26.0,39.0,74.0,101.0,198.0,30.0,0,1.0,0.0,1.0,31.0,437.70247,0.0,0.0,0.0,0.0,1.0,307.58238,0.0,0.0,4.0,0.0,1.0,0.0,69426,309.61546,30,1,0,0,0,319.6759948730469,62284,413.90899658203125,31,0
101110193,İngiliz Dili ve Edebiyatı,ANKARA ÜNİVERSİTESİ,4,DİL,"22, 23, 24, 160",778.0,Dil ve Tarih Coğrafya Fakültesi,(İngilizce),ANKARA,DEVLET,0,70.0,2.0,402.54777,402.54777,1.0,462.43528,438.78363,12055.0,71.0,52.0,59.0,20.0,15.0,38.0,40.0,27.0,24.0,4.0,8.0,2.0,2.0,2088.0,2143.0,161.0,203.0,566.0,683.0,1577.0,1704.0,70.0,0,2.0,0.0,2.0,70.0,470.24758,2.0,376.10452,0.0,0.0,2.0,238.3746,0.0,0.0,0.0,0.0,0.0,0.0,10964,449.66282,70,2,0,0,0,452.5159912109375,8187,472.04998779296875,70,2
101110209,İspanyol Dili ve Edebiyatı,ANKARA ÜNİVERSİTESİ,4,DİL,"22, 24, 93, 168",779.0,Dil ve Tarih Coğrafya Fakültesi,(İspanyolca),ANKARA,DEVLET,0,45.0,2.0,401.27715,401.27715,1.0,494.47609,415.83241,18551.0,46.0,25.0,32.0,22.0,16.0,22.0,14.0,9.0,16.0,6.0,2.0,9.0,12.0,845.0,1069.0,96.0,138.0,257.0,348.0,611.0,805.0,45.0,0,2.0,0.0,2.0,47.0,484.12143,0.0,0.0,0.0,0.0,1.0,267.52157,0.0,0.0,3.0,0.0,2.0,0.0,16324,431.57252,45,2,0,0,0,433.37701416015625,12905,472.8869934082031,45,2
101110218,İtalyan Dili ve Edebiyatı,ANKARA ÜNİVERSİTESİ,4,DİL,"22, 24, 159, 172",780.0,Dil ve Tarih Coğrafya Fakültesi,(İtalyanca),ANKARA,DEVLET,0,50.0,2.0,0.0,0.0,0.0,456.85235,393.18213,26248.0,52.0,37.0,38.0,15.0,14.0,21.0,21.0,15.0,16.0,5.0,6.0,11.0,9.0,801.0,973.0,40.0,65.0,159.0,230.0,537.0,670.0,50.0,0,2.0,0.0,2.0,52.0,472.81457,0.0,0.0,0.0,0.0,0.0,0.0,0.0,0.0,2.0,0.0,2.0,0.0,23039,413.08542,55,2,0,0,0,410.93499755859375,20290,443.2900085449219,57,0
101110227,Japon Dili ve Edebiyatı,ANKARA ÜNİVERSİTESİ,4,DİL,168,781.0,Dil ve Tarih Coğrafya Fakültesi,,ANKARA,DEVLET,0,50.0,2.0,367.27664,338.95702,2.0,497.90634,441.88538,11257.0,50.0,33.0,29.0,19.0,23.0,22.0,23.0,13.0,19.0,7.0,4.0,9.0,3.0,1005.0,926.0,327.0,328.0,548.0,533.0,840.0,788.0,50.0,0,2.0,0.0,2.0,50.0,503.91263,2.0,310.48683,0.0,0.0,0.0,0.0,0.0,0.0,4.0,0.0,2.0,0.0,11576,447.19347,50,2,0,0,0,439.1619873046875,11318,506.6629943847656,51,1
101110236,Kore Dili ve Edebiyatı,ANKARA ÜNİVERSİTESİ,4,DİL,159,783.0,Dil ve Tarih Coğrafya Fakültesi,,ANKARA,DEVLET,0,40.0,1.0,334.95868,334.95868,1.0,471.55666,417.55652,18019.0,40.0,34.0,31.0,7.0,10.0,24.0,17.0,5.0,10.0,6.0,9.0,4.0,4.0,829.0,796.0,145.0,154.0,386.0,371.0,667.0,637.0,40.0,0,1.0,0.0,1.0,40.0,454.75682,1.0,381.41258,0.0,0.0,0.0,0.0,0.0,0.0,0.0,0.0,1.0,0.0,18950,424.11549,45,2,0,0,0,425.7349853515625,15224,480.65301513671875,47,0
101110245,Latin Dili ve Edebiyatı,ANKARA ÜNİVERSİTESİ,4,DİL,168,785.0,Dil ve Tarih Coğrafya Fakültesi,,ANKARA,DEVLET,0,30.0,1.0,0.0,0.0,0.0,461.86846,357.76575,39301.0,31.0,14.0,17.0,17.0,14.0,12.0,10.0,9.0,8.0,4.0,5.0,5.0,7.0,313.0,343.0,23.0,17.0,63.0,69.0,189.0,228.0,30.0,0,1.0,0.0,1.0,31.0,411.69147,0.0,0.0,0.0,0.0,0.0,0.0,0.0,0.0,2.0,0.0,1.0,0.0,37246,378.90149,35,1,0,0,0,378.8009948730469,33522,475.0220031738281,36,0
101110263,Psikoloji,ANKARA ÜNİVERSİTESİ,4,EŞİT AĞIRLIK,,788.0,Dil ve Tarih Coğrafya Fakültesi,,ANKARA,DEVLET,0,100.0,3.0,425.75148,416.16833,3.0,459.69678,435.55468,14281.0,100.0,84.0,79.0,19.0,27.0,41.0,55.0,56.0,37.0,3.0,7.0,3.0,6.0,4022.0,2810.0,623.0,414.0,1755.0,1250.0,3128.0,2289.0,100.0,0,3.0,0.0,3.0,100.0,461.75502,3.0,423.6199,0.0,0.0,3.0,290.81501,0.0,0.0,1.0,0.0,0.0,0.0,9831,436.70543,90,3,0,0,0,421.6910095214844,15697,444.23699951171875,90,3
101110272,Rus Dili ve Edebiyatı,ANKARA ÜNİVERSİTESİ,4,DİL,"22, 24, 94",789.0,Dil ve Tarih Coğrafya Fakültesi,(Rusça),ANKARA,DEVLET,0,30.0,1.0,0.0,0.0,0.0,436.05705,399.6582,23941.0,31.0,14.0,21.0,17.0,11.0,17.0,18.0,7.0,5.0,2.0,2.0,4.0,7.0,633.0,789.0,48.0,75.0,158.0,216.0,443.0,572.0,30.0,0,1.0,0.0,1.0,31.0,475.35487,0.0,0.0,0.0,0.0,1.0,335.79614,0.0,0.0,0.0,0.0,0.0,0.0,21591,416.8779,35,1,0,0,0,414.156005859375,19095,491.8280029296875,35,1
101110281,Sanat Tarihi,ANKARA ÜNİVERSİTESİ,4,SÖZEL,,790.0,Dil ve Tarih Coğrafya Fakültesi,,ANKARA,DEVLET,0,50.0,2.0,0.0,0.0,0.0,454.84342,353.8841,99933.0,52.0,29.0,31.0,23.0,23.0,5.0,2.0,5.0,2.0,10.0,13.0,31.0,36.0,948.0,861.0,68.0,86.0,228.0,276.0,618.0,610.0,50.0,0,2.0,0.0,2.0,52.0,409.23909,0.0,0.0,0.0,0.0,2.0,333.75393,0.0,0.0,5.0,0.0,1.0,0.0,77590,362.35004,30,1,0,0,0,390.5150146484375,44609,447.03399658203125,31,0
101110299,Sinoloji,ANKARA ÜNİVERSİTESİ,4,DİL,168,791.0,Dil ve Tarih Coğrafya Fakültesi,,ANKARA,DEVLET,0,30.0,1.0,0.0,0.0,0.0,476.98626,427.69864,14964.0,31.0,26.0,20.0,5.0,11.0,16.0,9.0,8.0,10.0,3.0,6.0,4.0,6.0,354.0,317.0,85.0,65.0,185.0,162.0,306.0,264.0,30.0,0,1.0,0.0,1.0,31.0,481.20927,0.0,0.0,0.0,0.0,0.0,0.0,0.0,0.0,1.0,0.0,1.0,0.0,15634,433.58406,30,1,0,0,0,435.1600036621094,12401,497.8739929199219,30,1
101110306,Sosyoloji,ANKARA ÜNİVERSİTESİ,4,EŞİT AĞIRLIK,,792.0,Dil ve Tarih Coğrafya Fakültesi,,ANKARA,DEVLET,0,60.0,2.0,0.0,0.0,0.0,401.72703,340.20108,209435.0,62.0,48.0,36.0,14.0,28.0,11.0,9.0,28.0,18.0,8.0,9.0,15.0,26.0,1681.0,1200.0,112.0,120.0,420.0,347.0,1080.0,863.0,60.0,0,2.0,0.0,2.0,62.0,387.73698,0.0,0.0,0.0,0.0,2.0,249.06639,0.0,0.0,3.0,0.0,0.0,0.0,189672,341.97256,40,1,0,0,0,337.20098876953125,165212,382.8399963378906,40,1
101110315,Sümeroloji,ANKARA ÜNİVERSİTESİ,4,SÖZEL,,793.0,Dil ve Tarih Coğrafya Fakültesi,,ANKARA,DEVLET,0,20.0,1.0,0.0,0.0,0.0,435.14701,326.32635,199679.0,21.0,12.0,12.0,9.0,10.0,0.0,2.0,3.0,1.0,3.0,7.0,14.0,11.0,280.0,331.0,27.0,30.0,60.0,78.0,168.0,201.0,20.0,0,1.0,0.0,1.0,21.0,393.57005,0.0,0.0,0.0,0.0,1.0,309.2522,0.0,0.0,4.0,0.0,0.0,0.0,138452,341.25014,20,1,0,0,0,357.4330139160156,116421,408.6820068359375,21,0
101110324,Tarih,ANKARA ÜNİVERSİTESİ,4,SÖZEL,,794.0,Dil ve Tarih Coğrafya Fakültesi,,ANKARA,DEVLET,0,80.0,2.0,392.86895,346.47354,2.0,469.99298,414.25832,12692.0,80.0,17.0,16.0,65.0,68.0,36.0,33.0,20.0,23.0,10.0,11.0,16.0,17.0,1489.0,1301.0,260.0,276.0,603.0,635.0,1103.0,1029.0,80.0,0,2.0,0.0,2.0,80.0,488.35273,2.0,314.29614,0.0,0.0,2.0,300.01185,0.0,0.0,4.0,0.0,0.0,0.0,7857,422.57674,30,1,0,0,0,456.15301513671875,2523,487.3919982910156,30,1
101110333,Türk Dili ve Edebiyatı,ANKARA ÜNİVERSİTESİ,4,SÖZEL,,796.0,Dil ve Tarih Coğrafya Fakültesi,,ANKARA,DEVLET,0,80.0,2.0,354.44324,332.13189,2.0,421.15263,374.54999,54850.0,80.0,60.0,58.0,22.0,26.0,32.0,33.0,33.0,37.0,7.0,5.0,9.0,7.0,1862.0,1482.0,188.0,167.0,587.0,482.0,1281.0,1079.0,80.0,0,2.0,0.0,2.0,80.0,441.49536,2.0,301.95774,0.0,0.0,2.0,313.36284,0.0,0.0,0.0,0.0,0.0,0.0,42608,381.23181,30,1,0,0,0,413.5060119628906,18692,442.72698974609375,30,1
101110342,Urdu Dili ve Edebiyatı,ANKARA ÜNİVERSİTESİ,4,DİL,,797.0,Dil ve Tarih Coğrafya Fakültesi,,ANKARA,DEVLET,0,20.0,1.0,0.0,0.0,0.0,301.28276,197.97103,111576.0,21.0,14.0,12.0,7.0,20.0,6.0,3.0,3.0,13.0,3.0,2.0,4.0,11.0,95.0,221.0,2.0,11.0,11.0,41.0,48.0,118.0,30.0,0,1.0,0.0,1.0,31.0,456.95802,0.0,0.0,0.0,0.0,1.0,213.35271,0.0,0.0,6.0,0.0,0.0,0.0,111291,238.13064,30,1,0,0,0,250.552001953125,103438,308.8800048828125,31,0
101110351,Yunan Dili ve Edebiyatı,ANKARA ÜNİVERSİTESİ,4,DİL,168,798.0,Dil ve Tarih Coğrafya Fakültesi,,ANKARA,DEVLET,0,20.0,1.0,0.0,0.0,0.0,487.92596,331.55954,49554.0,21.0,12.0,12.0,9.0,9.0,5.0,5.0,5.0,4.0,4.0,3.0,6.0,5.0,309.0,358.0,24.0,16.0,75.0,72.0,192.0,235.0,20.0,0,1.0,0.0,1.0,21.0,430.36434,0.0,0.0,0.0,0.0,0.0,0.0,0.0,0.0,1.0,0.0,1.0,0.0,43357,365.00711,25,1,0,0,0,362.8280029296875,40827,444.0450134277344,26,0
101110369,Diş Hekimliği,ANKARA ÜNİVERSİTESİ,5,SAYISAL,147,801.0,Diş Hekimliği Fakültesi,,ANKARA,DEVLET,0,140.0,4.0,491.95881,486.89131,4.0,512.33224,493.28178,21968.0,140.0,97.0,99.0,47.0,45.0,66.0,84.0,76.0,58.0,2.0,2.0,0.0,0.0,4351.0,2914.0,246.0,228.0,1283.0,1037.0,2539.0,1738.0,140.0,0,0.0,0.0,4.0,140.0,517.28586,4.0,486.57115,0.0,0.0,0.0,0.0,0.0,0.0,0.0,0.0,0.0,0.0,21423,495.69718,140,4,0,0,0,477.3869934082031,21111,520.322021484375,140,4
101110378,Eczacılık,ANKARA ÜNİVERSİTESİ,5,SAYISAL,"148, 149",804.0,Eczacılık Fakültesi,,ANKARA,DEVLET,0,120.0,3.0,465.59203,464.52174,3.0,498.76448,468.66419,40771.0,120.0,93.0,86.0,30.0,37.0,37.0,73.0,83.0,47.0,1.0,3.0,0.0,0.0,3667.0,2976.0,139.0,161.0,794.0,742.0,1929.0,1529.0,120.0,0,0.0,0.0,3.0,120.0,501.22541,3.0,453.5087,0.0,0.0,0.0,0.0,0.0,0.0,0.0,0.0,0.0,0.0,42983,467.13329,80,2,0,0,0,445.656005859375,41800,494.6300048828125,80,2
101110387,Bilgisayar ve Öğretim Teknolojileri Öğretmenliği,ANKARA ÜNİVERSİTESİ,4,SAYISAL,"1, 150, 151",809.0,Eğitim Bilimleri Fakültesi,,ANKARA,DEVLET,0,20.0,1.0,0.0,0.0,0.0,321.20204,310.72353,262398.0,21.0,9.0,11.0,12.0,10.0,7.0,4.0,14.0,16.0,0.0,0.0,0.0,1.0,273.0,463.0,2.0,5.0,15.0,52.0,98.0,241.0,20.0,0,0.0,0.0,1.0,21.0,377.85835,0.0,0.0,0.0,0.0,0.0,0.0,0.0,0.0,0.0,0.0,0.0,0.0,221173,335.22004,20,1,0,0,0,313.468994140625,225271,325.6400146484375,21,0
101110403,Okul Öncesi Öğretmenliği,ANKARA ÜNİVERSİTESİ,4,SÖZEL,"1, 150, 151",810.0,Eğitim Bilimleri Fakültesi,,ANKARA,DEVLET,0,70.0,2.0,403.49437,393.64696,2.0,468.87001,414.93372,12332.0,70.0,59.0,61.0,13.0,11.0,23.0,32.0,25.0,32.0,5.0,5.0,19.0,3.0,2608.0,2161.0,293.0,186.0,925.0,748.0,1954.0,1634.0,70.0,0,0.0,0.0,2.0,70.0,453.07912,2.0,405.1922,0.0,0.0,0.0,0.0,0.0,0.0,2.0,0.0,0.0,0.0,8554,420.71153,50,2,0,0,0,436.1830139160156,6673,455.9460144042969,50,2
101110412,Rehberlik ve Psikolojik Danışmanlık,ANKARA ÜNİVERSİTESİ,4,EŞİT AĞIRLIK,"150, 151",812.0,Eğitim Bilimleri Fakültesi,,ANKARA,DEVLET,0,70.0,2.0,393.24436,390.58833,2.0,412.24131,398.00605,61072.0,70.0,65.0,60.0,7.0,12.0,34.0,35.0,32.0,37.0,3.0,0.0,3.0,0.0,1288.0,1868.0,100.0,196.0,352.0,596.0,805.0,1250.0,70.0,0,0.0,0.0,2.0,70.0,435.6628,2.0,380.32357,0.0,0.0,0.0,0.0,0.0,0.0,0.0,0.0,0.0,0.0,48483,397.8634,35,1,0,0,0,387.8489990234375,49802,415.54998779296875,35,1
101110421,Sınıf Öğretmenliği,ANKARA ÜNİVERSİTESİ,4,EŞİT AĞIRLIK,"1, 150, 151",813.0,Eğitim Bilimleri Fakültesi,,ANKARA,DEVLET,0,60.0,2.0,365.99423,365.88001,2.0,434.18415,390.42278,75473.0,60.0,43.0,50.0,19.0,12.0,17.0,21.0,44.0,36.0,0.0,2.0,1.0,2.0,1851.0,2429.0,157.0,201.0,547.0,825.0,1180.0,1627.0,60.0,0,0.0,0.0,2.0,60.0,403.89507,2.0,377.01226,0.0,0.0,0.0,0.0,0.0,0.0,0.0,0.0,0.0,0.0,56415,393.14017,50,2,0,0,0,379.38800048828125,62669,441.85699462890625,50,2
101110439,Sosyal Bilgiler Öğretmenliği,ANKARA ÜNİVERSİTESİ,4,SÖZEL,"1, 150, 151",814.0,Eğitim Bilimleri Fakültesi,,ANKARA,DEVLET,0,60.0,2.0,0.0,0.0,0.0,404.01304,374.87971,54260.0,62.0,41.0,37.0,21.0,25.0,22.0,15.0,27.0,25.0,5.0,7.0,8.0,14.0,1275.0,1303.0,80.0,105.0,259.0,339.0,742.0,821.0,60.0,0,0.0,0.0,2.0,61.0,410.03877,1.0,328.94396,0.0,0.0,0.0,0.0,0.0,0.0,6.0,0.0,0.0,0.0,45723,379.13,40,1,0,0,0,394.2179870605469,39256,426.1390075683594,40,1
101110457,Astronomi ve Uzay Bilimleri,ANKARA ÜNİVERSİTESİ,4,SAYISAL,,816.0,Fen Fakültesi,,ANKARA,DEVLET,0,40.0,1.0,280.41964,280.41964,1.0,417.01049,309.78088,264972.0,40.0,22.0,14.0,19.0,28.0,15.0,12.0,17.0,17.0,1.0,6.0,8.0,7.0,1235.0,1049.0,180.0,150.0,394.0,339.0,778.0,683.0,40.0,0,1.0,0.0,1.0,40.0,401.7492,1.0,284.62784,0.0,0.0,1.0,175.12052,0.0,0.0,3.0,0.0,0.0,0.0,231248,331.11897,45,2,0,0,0,307.6510009765625,241575,399.2980041503906,45,2
101110466,Biyoloji,ANKARA ÜNİVERSİTESİ,4,SAYISAL,48,819.0,Fen Fakültesi,,ANKARA,DEVLET,0,90.0,3.0,0.0,0.0,0.0,435.18255,332.07219,210957.0,93.0,71.0,72.0,22.0,22.0,41.0,34.0,45.0,56.0,3.0,1.0,3.0,2.0,1424.0,1183.0,90.0,71.0,352.0,318.0,921.0,784.0,90.0,0,3.0,0.0,3.0,90.0,387.88358,3.0,314.95345,0.0,0.0,1.0,187.59936,0.0,0.0,2.0,0.0,3.0,0.0,188742,350.0106,70,2,0,0,0,333.0580139160156,179199,363.4849853515625,70,2
101110475,Fizik,ANKARA ÜNİVERSİTESİ,4,SAYISAL,48,821.0,Fen Fakültesi,,ANKARA,DEVLET,0,40.0,1.0,0.0,0.0,0.0,438.44634,318.13774,243153.0,41.0,14.0,17.0,27.0,24.0,17.0,22.0,20.0,13.0,2.0,3.0,1.0,1.0,915.0,932.0,79.0,81.0,219.0,242.0,603.0,640.0,40.0,0,1.0,0.0,1.0,40.0,455.07283,1.0,277.97649,0.0,0.0,0.0,0.0,0.0,0.0,2.0,0.0,1.0,0.0,182110,353.36002,40,1,0,0,0,346.57598876953125,153860,459.0119934082031,41,0
101110484,İstatistik,ANKARA ÜNİVERSİTESİ,4,SAYISAL,,822.0,Fen Fakültesi,,ANKARA,DEVLET,0,60.0,2.0,295.83555,288.91042,2.0,378.61962,353.22219,170444.0,60.0,30.0,41.0,32.0,22.0,20.0,21.0,40.0,41.0,1.0,0.0,1.0,1.0,1750.0,2059.0,87.0,104.0,434.0,506.0,1154.0,1350.0,60.0,0,2.0,0.0,2.0,60.0,424.60571,2.0,328.66742,0.0,0.0,1.0,253.42855,0.0,0.0,0.0,0.0,2.0,0.0,100576,408.39254,65,2,0,0,0,399.27801513671875,83409,429.17999267578125,65,2
101110493,Kimya,ANKARA ÜNİVERSİTESİ,4,SAYISAL,48,823.0,Fen Fakültesi,,ANKARA,DEVLET,0,60.0,2.0,258.09269,258.09269,1.0,383.6943,333.06081,208766.0,61.0,52.0,52.0,10.0,10.0,25.0,23.0,35.0,39.0,0.0,0.0,2.0,0.0,1945.0,1628.0,103.0,94.0,405.0,368.0,1185.0,1004.0,60.0,0,2.0,0.0,2.0,60.0,427.56464,2.0,281.508,0.0,0.0,0.0,0.0,0.0,0.0,2.0,0.0,2.0,0.0,155503,368.34304,60,2,0,0,0,355.3240051269531,139400,396.9070129394531,60,2
101110509,Matematik,ANKARA ÜNİVERSİTESİ,4,SAYISAL,48,825.0,Fen Fakültesi,,ANKARA,DEVLET,0,60.0,2.0,340.5013,333.21576,2.0,439.29334,392.53581,114723.0,60.0,28.0,36.0,34.0,26.0,23.0,1.0,35.0,34.0,4.0,1.0,0.0,0.0,1677.0,1494.0,100.0,108.0,461.0,447.0,1128.0,1013.0,60.0,0,2.0,0.0,2.0,60.0,450.18644,2.0,288.88411,0.0,0.0,0.0,0.0,0.0,0.0,0.0,0.0,2.0,0.0,94439,413.68374,60,2,0,0,0,380.2300109863281,105010,422.9129943847656,60,2
101110518,Hukuk,ANKARA ÜNİVERSİTESİ,4,EŞİT AĞIRLIK,162,833.0,Hukuk Fakültesi,,ANKARA,DEVLET,0,550.0,14.0,468.28812,458.60898,14.0,522.97552,468.87573,4387.0,550.0,315.0,330.0,249.0,183.0,325.0,1.0,205.0,117.0,20.0,6.0,14.0,4.0,6026.0,6033.0,2719.0,3058.0,4217.0,4461.0,5500.0,5565.0,500.0,0,0.0,0.0,13.0,500.0,526.85957,13.0,463.01744,0.0,0.0,0.0,0.0,0.0,0.0,0.0,0.0,0.0,0.0,3242,471.29194,500,13,0,0,0,456.38299560546875,3227,515.2440185546875,500,13
101110536,İlahiyat,ANKARA ÜNİVERSİTESİ,4,SÖZEL,"1, 22, 24, 152",835.0,İlahiyat Fakültesi,,ANKARA,DEVLET,0,200.0,5.0,355.68073,327.35101,5.0,445.8794,363.94579,75171.0,200.0,127.0,114.0,78.0,96.0,92.0,1.0,67.0,60.0,10.0,15.0,32.0,42.0,2644.0,2193.0,478.0,409.0,935.0,893.0,1813.0,1563.0,200.0,0,5.0,0.0,5.0,200.0,466.81839,5.0,325.21659,0.0,0.0,5.0,316.41283,0.0,0.0,12.0,0.0,0.0,0.0,84589,359.39583,150,4,0,0,0,384.4010009765625,54669,496.4530029296875,150,4
101110554,Gazetecilik,ANKARA ÜNİVERSİTESİ,4,SÖZEL,,839.0,İletişim Fakültesi,,ANKARA,DEVLET,0,65.0,2.0,0.0,0.0,0.0,478.79095,379.74382,46429.0,67.0,25.0,26.0,42.0,43.0,17.0,15.0,9.0,8.0,9.0,16.0,31.0,30.0,1225.0,987.0,166.0,137.0,404.0,347.0,835.0,710.0,65.0,0,2.0,0.0,2.0,66.0,446.85936,1.0,306.20488,0.0,0.0,2.0,274.43255,0.0,0.0,5.0,0.0,0.0,0.0,40300,382.85038,65,2,0,0,0,396.11700439453125,36721,453.0769958496094,67,0
101110563,Halkla İlişkiler ve Tanıtım,ANKARA ÜNİVERSİTESİ,4,SÖZEL,,840.0,İletişim Fakültesi,,ANKARA,DEVLET,0,65.0,2.0,0.0,0.0,0.0,413.47979,375.20845,53694.0,67.0,46.0,42.0,21.0,27.0,22.0,21.0,31.0,25.0,5.0,12.0,8.0,10.0,1210.0,887.0,117.0,74.0,338.0,279.0,791.0,631.0,65.0,0,2.0,0.0,2.0,66.0,419.16974,1.0,318.1485,0.0,0.0,2.0,265.82759,0.0,0.0,4.0,0.0,0.0,0.0,51745,375.40578,70,2,0,0,0,392.7900085449219,41231,452.45599365234375,71,1
101110572,"Radyo, Televizyon ve Sinema",ANKARA ÜNİVERSİTESİ,4,SÖZEL,,841.0,İletişim Fakültesi,,ANKARA,DEVLET,0,65.0,2.0,334.04703,275.07004,2.0,472.50879,397.29497,25082.0,65.0,31.0,35.0,36.0,34.0,13.0,26.0,11.0,14.0,14.0,4.0,28.0,24.0,1668.0,1295.0,288.0,240.0,630.0,550.0,1204.0,978.0,65.0,0,2.0,0.0,2.0,65.0,462.06254,2.0,312.02047,0.0,0.0,2.0,291.38354,0.0,0.0,2.0,0.0,0.0,0.0,21623,399.63637,70,2,0,0,0,409.7430114746094,21921,472.3009948730469,70,2
101110581,Bilgisayar Mühendisliği,ANKARA ÜNİVERSİTESİ,4,SAYISAL,144,844.0,Mühendislik Fakültesi,,ANKARA,DEVLET,0,80.0,2.0,479.53854,473.3806,2.0,508.20038,487.33685,26213.0,80.0,26.0,27.0,56.0,55.0,42.0,45.0,39.0,37.0,0.0,0.0,1.0,0.0,3872.0,2444.0,202.0,171.0,894.0,632.0,2708.0,1681.0,80.0,0,0.0,0.0,2.0,80.0,517.05357,2.0,476.35337,0.0,0.0,0.0,0.0,0.0,0.0,0.0,0.0,0.0,0.0,20929,496.43475,85,3,0,0,0,466.22601318359375,27581,491.5369873046875,85,3
101110651,Beslenme ve Diyetetik,ANKARA ÜNİVERSİTESİ,4,SAYISAL,,863.0,Sağlık Bilimleri Fakültesi,,ANKARA,DEVLET,0,70.0,2.0,399.14743,397.95346,2.0,427.40383,402.58412,103177.0,70.0,69.0,70.0,3.0,4.0,23.0,24.0,48.0,46.0,1.0,1.0,0.0,3.0,1889.0,1651.0,107.0,155.0,615.0,594.0,1292.0,1181.0,70.0,0,2.0,0.0,2.0,70.0,424.48091,2.0,359.39489,0.0,0.0,2.0,216.43692,0.0,0.0,0.0,0.0,0.0,0.0,114042,397.34944,30,1,0,0,0,381.760986328125,103112,408.239990234375,30,1
101110669,Ebelik,ANKARA ÜNİVERSİTESİ,4,SAYISAL,31,830.0,Hemşirelik Fakültesi,,ANKARA,DEVLET,0,110.0,3.0,327.94567,321.72705,3.0,409.73186,347.6328,180211.0,110.0,113.0,116.0,0.0,0.0,47.0,46.0,61.0,66.0,3.0,0.0,2.0,3.0,3907.0,2991.0,450.0,430.0,1051.0,868.0,2353.0,1822.0,110.0,0,3.0,0.0,3.0,110.0,418.13489,3.0,353.80272,0.0,0.0,3.0,177.32931,0.0,0.0,0.0,0.0,0.0,0.0,175185,356.97776,115,3,0,0,0,338.31201171875,168994,392.3320007324219,115,3
101110678,Hemşirelik,ANKARA ÜNİVERSİTESİ,4,SAYISAL,,831.0,Hemşirelik Fakültesi,,ANKARA,DEVLET,0,180.0,5.0,405.76726,400.10844,5.0,455.28384,412.90311,92100.0,180.0,159.0,156.0,26.0,34.0,59.0,79.0,126.0,106.0,0.0,2.0,0.0,2.0,4717.0,4167.0,586.0,580.0,2113.0,1924.0,3496.0,3110.0,180.0,0,5.0,0.0,5.0,180.0,461.46967,5.0,399.5189,0.0,0.0,5.0,187.80592,0.0,0.0,0.0,0.0,0.0,0.0,87900,419.66053,180,5,0,0,0,400.2900085449219,82339,439.34698486328125,180,5
101110696,Sosyal Hizmet,ANKARA ÜNİVERSİTESİ,4,EŞİT AĞIRLIK,,868.0,Sağlık Bilimleri Fakültesi,,ANKARA,DEVLET,0,80.0,2.0,295.08904,228.01254,2.0,354.65129,331.60063,243043.0,80.0,77.0,75.0,5.0,9.0,19.0,17.0,52.0,55.0,4.0,3.0,5.0,6.0,2104.0,1558.0,131.0,95.0,520.0,422.0,1298.0,1004.0,80.0,0,2.0,0.0,2.0,80.0,351.92842,2.0,256.33739,0.0,0.0,2.0,204.03378,0.0,0.0,1.0,0.0,0.0,0.0,227286,332.79056,85,3,0,0,0,322.99200439453125,221591,341.2929992675781,85,3
101110775,Tıp,ANKARA ÜNİVERSİTESİ,6,SAYISAL,155,879.0,Tıp Fakültesi,,ANKARA,DEVLET,0,320.0,8.0,525.78265,524.72487,8.0,557.36797,525.98498,4353.0,320.0,167.0,185.0,161.0,143.0,235.0,295.0,88.0,33.0,5.0,0.0,0.0,0.0,3551.0,4450.0,501.0,659.0,1721.0,2229.0,3279.0,4054.0,320.0,0,0.0,0.0,8.0,320.0,552.92932,8.0,530.60852,0.0,0.0,0.0,0.0,0.0,0.0,0.0,0.0,0.0,0.0,3533,531.86301,335,9,0,0,0,523.2990112304688,3569,536.5170288085938,335,9
101110784,Veteriner,ANKARA ÜNİVERSİTESİ,5,SAYISAL,,887.0,Veteriner Fakültesi,,ANKARA,DEVLET,0,165.0,5.0,440.57942,416.55155,5.0,488.18217,443.83492,62045.0,165.0,110.0,103.0,60.0,72.0,68.0,70.0,95.0,95.0,6.0,6.0,0.0,4.0,2864.0,2332.0,767.0,609.0,1625.0,1274.0,2226.0,1750.0,165.0,0,5.0,0.0,5.0,165.0,481.11108,5.0,381.87777,0.0,0.0,5.0,194.34591,0.0,0.0,1.0,0.0,0.0,0.0,66274,441.32151,170,5,0,0,0,412.8269958496094,69730,462.8039855957031,170,5
101110793,Peyzaj Mimarlığı,ANKARA ÜNİVERSİTESİ,4,SAYISAL,,893.0,Ziraat Fakültesi,,ANKARA,DEVLET,0,75.0,2.0,254.25678,247.38188,2.0,364.24875,291.24264,322104.0,75.0,54.0,59.0,23.0,20.0,23.0,22.0,45.0,42.0,2.0,5.0,7.0,7.0,2204.0,1836.0,239.0,190.0,604.0,522.0,1394.0,1263.0,75.0,0,2.0,0.0,2.0,75.0,341.80452,2.0,219.31545,0.0,0.0,2.0,196.64118,0.0,0.0,3.0,0.0,2.0,0.0,313555,303.84258,40,1,0,0,0,293.87200927734375,286237,357.41400146484375,40,1
101110899,Klasik Arkeoloji,ANKARA ÜNİVERSİTESİ,4,EŞİT AĞIRLIK,,782.0,Dil ve Tarih Coğrafya Fakültesi,,ANKARA,DEVLET,0,50.0,2.0,0.0,0.0,0.0,353.76079,285.30351,517706.0,52.0,29.0,36.0,23.0,18.0,5.0,3.0,9.0,6.0,11.0,12.0,26.0,32.0,1002.0,854.0,50.0,64.0,213.0,229.0,642.0,563.0,50.0,0,2.0,0.0,2.0,52.0,358.33455,0.0,0.0,0.0,0.0,2.0,221.32878,0.0,0.0,9.0,0.0,1.0,0.0,441880,295.93225,30,1,0,0,0,303.3330078125,328017,367.6789855957031,31,0
101110915,Protohistorya ve Ön Asya Arkeolojisi,ANKARA ÜNİVERSİTESİ,4,EŞİT AĞIRLIK,,787.0,Dil ve Tarih Coğrafya Fakültesi,,ANKARA,DEVLET,0,30.0,1.0,0.0,0.0,0.0,333.91624,268.24323,672692.0,31.0,19.0,20.0,12.0,12.0,4.0,5.0,5.0,7.0,8.0,2.0,13.0,15.0,643.0,565.0,27.0,22.0,139.0,119.0,385.0,357.0,30.0,0,1.0,0.0,1.0,30.0,356.07733,1.0,233.69986,0.0,0.0,1.0,218.8766,0.0,0.0,1.0,0.0,0.0,0.0,588033,278.24314,30,1,0,0,0,278.6549987792969,518209,300.3949890136719,31,0
101110924,Bahçe Bitkileri,ANKARA ÜNİVERSİTESİ,4,SAYISAL,,891.0,Ziraat Fakültesi,,ANKARA,DEVLET,0,45.0,2.0,0.0,0.0,0.0,323.94152,288.65398,331401.0,47.0,28.0,24.0,19.0,25.0,12.0,5.0,29.0,28.0,2.0,4.0,4.0,12.0,1698.0,1116.0,143.0,112.0,541.0,379.0,1163.0,832.0,45.0,0,2.0,0.0,2.0,47.0,362.04534,0.0,0.0,0.0,0.0,2.0,218.02846,0.0,0.0,1.0,0.0,0.0,0.0,337909,297.32362,45,2,0,0,0,286.28399658203125,315307,351.9939880371094,46,1
101110933,Bitki Koruma,ANKARA ÜNİVERSİTESİ,4,SAYISAL,,892.0,Ziraat Fakültesi,,ANKARA,DEVLET,0,45.0,2.0,241.40865,240.78787,2.0,361.79291,321.47684,234956.0,45.0,12.0,15.0,35.0,34.0,13.0,18.0,31.0,28.0,0.0,0.0,2.0,2.0,1886.0,1251.0,241.0,223.0,705.0,540.0,1402.0,947.0,45.0,0,2.0,0.0,2.0,45.0,395.84967,2.0,260.64238,0.0,0.0,2.0,222.44299,0.0,0.0,1.0,0.0,0.0,0.0,238682,328.20184,30,1,0,0,0,312.4469909667969,228030,374.63299560546875,30,1
101110942,Tarım Ekonomisi,ANKARA ÜNİVERSİTESİ,4,EŞİT AĞIRLIK,,897.0,Ziraat Fakültesi,,ANKARA,DEVLET,0,50.0,2.0,232.69115,232.69115,1.0,395.93647,313.36218,329627.0,51.0,32.0,21.0,20.0,33.0,8.0,10.0,22.0,21.0,4.0,3.0,18.0,18.0,1375.0,859.0,318.0,178.0,527.0,334.0,992.0,617.0,50.0,0,2.0,0.0,2.0,52.0,345.40736,0.0,0.0,0.0,0.0,2.0,251.40695,0.0,0.0,3.0,0.0,0.0,0.0,330604,312.62804,45,2,0,0,0,306.24200439453125,310168,355.8190002441406,47,0
101110969,Tarımsal Yapılar ve Sulama,ANKARA ÜNİVERSİTESİ,4,SAYISAL,,899.0,Ziraat Fakültesi,,ANKARA,DEVLET,0,35.0,1.0,0.0,0.0,0.0,284.62261,255.56876,484809.0,36.0,15.0,17.0,21.0,32.0,7.0,10.0,15.0,19.0,4.0,6.0,10.0,13.0,1003.0,748.0,32.0,39.0,164.0,156.0,700.0,532.0,45.0,0,2.0,0.0,2.0,47.0,321.65206,0.0,0.0,0.0,0.0,2.0,220.21499,0.0,0.0,1.0,0.0,0.0,0.0,474819,269.1383,45,2,0,0,0,259.1820068359375,459412,282.4309997558594,47,0
101110978,Tarla Bitkileri,ANKARA ÜNİVERSİTESİ,4,SAYISAL,,900.0,Ziraat Fakültesi,,ANKARA,DEVLET,0,45.0,2.0,232.48237,226.90914,2.0,343.76568,283.87828,348706.0,45.0,17.0,17.0,30.0,32.0,17.0,10.0,27.0,26.0,0.0,2.0,3.0,11.0,2054.0,1180.0,144.0,78.0,585.0,364.0,1413.0,855.0,45.0,0,2.0,0.0,2.0,47.0,343.97721,0.0,0.0,0.0,0.0,2.0,222.71513,0.0,0.0,1.0,0.0,0.0,0.0,348573,294.67551,45,2,0,0,0,279.5570068359375,344315,324.6839904785156,46,1
101110987,Toprak Bilimi ve Bitki Besleme,ANKARA ÜNİVERSİTESİ,4,SAYISAL,,901.0,Ziraat Fakültesi,,ANKARA,DEVLET,0,50.0,2.0,0.0,0.0,0.0,285.63938,269.14688,411638.0,52.0,24.0,23.0,28.0,31.0,13.0,12.0,24.0,26.0,6.0,4.0,9.0,10.0,1886.0,977.0,111.0,51.0,392.0,196.0,1194.0,674.0,50.0,0,2.0,0.0,2.0,52.0,344.38494,0.0,0.0,0.0,0.0,2.0,208.27129,0.0,0.0,2.0,0.0,0.0,0.0,398554,283.36269,30,1,0,0,0,273.92498779296875,371503,339.63299560546875,31,0
101110996,Zootekni,ANKARA ÜNİVERSİTESİ,4,SAYISAL,,902.0,Ziraat Fakültesi,,ANKARA,DEVLET,0,45.0,2.0,0.0,0.0,0.0,326.93331,266.33363,425387.0,47.0,13.0,14.0,34.0,35.0,8.0,11.0,31.0,26.0,2.0,3.0,6.0,7.0,1407.0,815.0,139.0,68.0,343.0,182.0,943.0,548.0,45.0,0,2.0,0.0,2.0,47.0,347.25621,0.0,0.0,0.0,0.0,2.0,206.8386,0.0,0.0,0.0,0.0,0.0,0.0,439485,275.36785,40,1,0,0,0,267.32000732421875,407859,366.6669921875,40,1
101111004,Süt Teknolojisi,ANKARA ÜNİVERSİTESİ,4,SAYISAL,,896.0,Ziraat Fakültesi,,ANKARA,DEVLET,0,30.0,1.0,0.0,0.0,0.0,316.49689,245.05994,557123.0,31.0,18.0,16.0,13.0,16.0,4.0,3.0,6.0,8.0,4.0,7.0,17.0,14.0,693.0,615.0,35.0,47.0,134.0,142.0,454.0,391.0,30.0,0,1.0,0.0,1.0,31.0,289.2815,0.0,0.0,0.0,0.0,1.0,220.54149,0.0,0.0,0.0,0.0,0.0,0.0,517034,262.46174,30,1,0,0,0,254.49600219726562,494019,277.4930114746094,31,0
101111013,Su Ürünleri Mühendisliği,ANKARA ÜNİVERSİTESİ,4,SAYISAL,,894.0,Ziraat Fakültesi,,ANKARA,DEVLET,0,30.0,1.0,0.0,0.0,0.0,287.11374,257.5371,473007.0,31.0,12.0,15.0,19.0,17.0,2.0,7.0,15.0,14.0,4.0,2.0,10.0,9.0,1192.0,897.0,128.0,83.0,350.0,256.0,818.0,612.0,30.0,0,1.0,0.0,1.0,31.0,347.20183,0.0,0.0,0.0,0.0,1.0,216.17718,0.0,0.0,1.0,0.0,1.0,0.0,428135,277.46448,30,1,0,0,0,267.8590087890625,404589,312.3800048828125,31,0
101111022,Bilgisayar Mühendisliği,ANKARA ÜNİVERSİTESİ,4,SAYISAL,"22, 23, 24, 144",847.0,Mühendislik Fakültesi,(İngilizce),ANKARA,DEVLET,0,75.0,2.0,508.85132,507.67339,2.0,523.68732,509.55009,11746.0,75.0,18.0,19.0,59.0,58.0,52.0,41.0,25.0,36.0,0.0,0.0,0.0,0.0,3995.0,2346.0,477.0,279.0,1351.0,800.0,3060.0,1773.0,75.0,0,0.0,0.0,2.0,75.0,526.6693,2.0,511.78511,0.0,0.0,0.0,0.0,0.0,0.0,0.0,0.0,0.0,0.0,10400,514.64455,80,2,0,0,0,492.5679931640625,13483,515.43701171875,80,2
101111031,Çocuk Gelişimi,ANKARA ÜNİVERSİTESİ,4,EŞİT AĞIRLIK,,864.0,Sağlık Bilimleri Fakültesi,,ANKARA,DEVLET,0,55.0,2.0,322.6658,310.05685,2.0,356.81401,349.16634,178915.0,55.0,51.0,62.0,6.0,2.0,15.0,16.0,37.0,37.0,0.0,2.0,4.0,7.0,3498.0,2505.0,340.0,219.0,1203.0,796.0,2365.0,1593.0,60.0,0,2.0,0.0,2.0,60.0,364.7121,2.0,310.21451,0.0,0.0,2.0,232.91607,0.0,0.0,1.0,0.0,0.0,0.0,157335,351.20596,30,1,0,0,0,347.52099609375,133111,352.52801513671875,30,1
101111049,İlahiyat,ANKARA ÜNİVERSİTESİ,4,SÖZEL,"1, 22, 23, 24",837.0,İlahiyat Fakültesi,(İngilizce),ANKARA,DEVLET,0,20.0,1.0,372.69592,372.69592,1.0,450.07329,409.25313,15707.0,20.0,13.0,11.0,8.0,11.0,10.0,10.0,1.0,3.0,0.0,1.0,9.0,8.0,378.0,296.0,65.0,61.0,132.0,120.0,273.0,226.0,20.0,0,1.0,0.0,1.0,20.0,473.00679,1.0,388.65982,0.0,0.0,1.0,295.54944,0.0,0.0,3.0,0.0,1.0,0.0,17054,405.43421,30,1,0,0,0,417.8320007324219,15531,511.0260009765625,30,1
101111094,Tarih Öncesi Arkeolojisi,ANKARA ÜNİVERSİTESİ,4,EŞİT AĞIRLIK,,795.0,Dil ve Tarih Coğrafya Fakültesi,,ANKARA,DEVLET,0,30.0,1.0,0.0,0.0,0.0,406.21023,268.7073,668043.0,31.0,10.0,15.0,21.0,17.0,3.0,5.0,8.0,3.0,7.0,3.0,9.0,19.0,927.0,805.0,39.0,38.0,169.0,170.0,565.0,505.0,30.0,0,1.0,0.0,1.0,31.0,319.66409,0.0,0.0,0.0,0.0,1.0,249.66287,0.0,0.0,4.0,0.0,0.0,0.0,550571,282.46118,30,1,0,0,0,284.5190124511719,466729,325.06298828125,31,0
101111191,Elektrik-Elektronik Mühendisliği,ANKARA ÜNİVERSİTESİ,4,SAYISAL,"22, 23, 24, 144",850.0,Mühendislik Fakültesi,(İngilizce),ANKARA,DEVLET,0,80.0,2.0,470.52554,469.80587,2.0,509.94523,479.8263,31889.0,80.0,16.0,15.0,66.0,67.0,45.0,52.0,35.0,29.0,2.0,0.0,0.0,0.0,2093.0,2028.0,64.0,111.0,340.0,414.0,1249.0,1241.0,80.0,0,0.0,0.0,2.0,80.0,516.07674,2.0,475.01348,0.0,0.0,0.0,0.0,0.0,0.0,1.0,0.0,0.0,0.0,26677,487.92874,80,2,0,0,0,461.6180114746094,30612,495.7139892578125,80,2
101111279,Tarım Makineleri ve Teknolojileri Mühendisliği,ANKARA ÜNİVERSİTESİ,4,SAYISAL,,898.0,Ziraat Fakültesi,,ANKARA,DEVLET,0,45.0,2.0,272.68082,272.68082,1.0,306.69519,283.82589,348911.0,46.0,6.0,8.0,41.0,41.0,14.0,20.0,26.0,22.0,3.0,2.0,4.0,5.0,1426.0,1041.0,161.0,131.0,391.0,331.0,953.0,757.0,45.0,0,2.0,0.0,2.0,45.0,351.02576,2.0,197.39254,0.0,0.0,2.0,200.75516,0.0,0.0,1.0,0.0,0.0,0.0,331225,299.05414,30,1,0,0,0,287.46099853515625,310444,364.24200439453125,30,1
101111288,Biyomedikal Mühendisliği,ANKARA ÜNİVERSİTESİ,4,SAYISAL,"22, 23, 24, 144",849.0,Mühendislik Fakültesi,(İngilizce),ANKARA,DEVLET,0,65.0,2.0,387.54812,375.27043,2.0,445.87466,411.04777,94091.0,65.0,51.0,44.0,16.0,23.0,29.0,24.0,35.0,43.0,1.0,0.0,2.0,0.0,876.0,906.0,36.0,59.0,162.0,186.0,521.0,521.0,65.0,0,0.0,0.0,2.0,65.0,452.48826,2.0,408.04768,0.0,0.0,0.0,0.0,0.0,0.0,0.0,0.0,0.0,0.0,86240,421.33324,65,2,0,0,0,395.1319885253906,87797,434.6570129394531,65,2
101111304,Biyoloji,ANKARA ÜNİVERSİTESİ,4,SAYISAL,"22, 23, 24, 48",820.0,Fen Fakültesi,(İngilizce),ANKARA,DEVLET,0,30.0,1.0,379.95549,379.95549,1.0,464.1949,413.12376,91878.0,30.0,27.0,21.0,4.0,10.0,16.0,15.0,15.0,15.0,0.0,0.0,0.0,1.0,854.0,587.0,97.0,60.0,288.0,181.0,614.0,422.0,30.0,0,1.0,0.0,1.0,30.0,479.87663,1.0,395.32995,0.0,0.0,0.0,0.0,0.0,0.0,0.0,0.0,1.0,0.0,78711,428.52786,30,1,0,0,0,381.1440124511719,103882,434.02801513671875,30,1
101111313,Kimya,ANKARA ÜNİVERSİTESİ,4,SAYISAL,"22, 23, 24, 48",824.0,Fen Fakültesi,(İngilizce),ANKARA,DEVLET,0,20.0,1.0,358.63388,358.63388,1.0,460.22323,406.7593,98682.0,20.0,16.0,14.0,5.0,7.0,8.0,9.0,13.0,12.0,0.0,0.0,0.0,0.0,858.0,647.0,67.0,51.0,196.0,171.0,544.0,432.0,20.0,0,1.0,0.0,1.0,20.0,451.75501,1.0,361.57309,0.0,0.0,0.0,0.0,0.0,0.0,0.0,0.0,1.0,0.0,85725,421.82904,20,1,0,0,0,397.8819885253906,84854,457.5469970703125,20,1
101111322,Eczacılık,ANKARA ÜNİVERSİTESİ,5,SAYISAL,"22, 23, 24, 148, 149",805.0,Eczacılık Fakültesi,(İngilizce),ANKARA,DEVLET,0,60.0,2.0,465.22109,464.89812,2.0,488.53087,466.45064,42622.0,60.0,42.0,48.0,20.0,14.0,24.0,32.0,35.0,29.0,2.0,0.0,0.0,0.0,1719.0,1680.0,43.0,77.0,305.0,407.0,1003.0,1023.0,60.0,0,0.0,0.0,2.0,60.0,478.96843,2.0,453.36708,0.0,0.0,0.0,0.0,0.0,0.0,0.0,0.0,0.0,0.0,42863,467.28225,30,1,0,0,0,449.3890075683594,39028,477.6549987792969,30,1
101111331,Veteriner,ANKARA ÜNİVERSİTESİ,5,SAYISAL,"22, 23, 24",888.0,Veteriner Fakültesi,(İngilizce),ANKARA,DEVLET,0,60.0,2.0,439.01569,424.79743,2.0,511.58426,458.45818,49281.0,60.0,41.0,37.0,21.0,25.0,34.0,32.0,28.0,29.0,0.0,0.0,0.0,0.0,1400.0,1119.0,555.0,440.0,793.0,595.0,1077.0,833.0,60.0,0,2.0,0.0,2.0,60.0,512.36203,2.0,422.27595,0.0,0.0,0.0,0.0,0.0,0.0,0.0,0.0,2.0,0.0,53240,455.36476,65,2,0,0,0,425.77801513671875,57952,484.78399658203125,65,2
101111349,Sağlık Yönetimi,ANKARA ÜNİVERSİTESİ,4,EŞİT AĞIRLIK,,867.0,Sağlık Bilimleri Fakültesi,,ANKARA,DEVLET,0,70.0,2.0,269.60655,232.87319,2.0,365.59031,317.55179,307732.0,70.0,45.0,56.0,27.0,18.0,21.0,22.0,36.0,31.0,4.0,6.0,7.0,15.0,2745.0,1691.0,187.0,123.0,631.0,438.0,1686.0,1092.0,70.0,0,2.0,0.0,2.0,71.0,431.57001,1.0,232.30267,0.0,0.0,2.0,187.71836,0.0,0.0,4.0,0.0,0.0,0.0,278873,322.00988,75,2,0,0,0,319.66900634765625,236818,375.989990234375,75,2
101111367,Matematik,ANKARA ÜNİVERSİTESİ,4,SAYISAL,"22, 23, 24, 48",826.0,Fen Fakültesi,(İngilizce),ANKARA,DEVLET,0,60.0,2.0,351.94627,348.29464,2.0,457.70099,379.92907,130401.0,60.0,39.0,33.0,23.0,29.0,22.0,20.0,39.0,41.0,0.0,0.0,0.0,1.0,1496.0,1451.0,100.0,88.0,355.0,395.0,983.0,966.0,60.0,0,2.0,0.0,2.0,60.0,448.46299,2.0,296.88906,0.0,0.0,0.0,0.0,0.0,0.0,1.0,0.0,2.0,0.0,100605,408.36895,60,2,0,0,0,380.781005859375,104353,421.7569885253906,60,2
101111376,Kültür Varlıklarını Koruma ve Onarım,ANKARA ÜNİVERSİTESİ,4,EŞİT AĞIRLIK,,828.0,Güzel Sanatlar Fakültesi,,ANKARA,DEVLET,0,40.0,1.0,0.0,0.0,0.0,388.69363,272.30215,632644.0,41.0,23.0,27.0,18.0,15.0,6.0,6.0,10.0,8.0,6.0,5.0,19.0,22.0,760.0,656.0,66.0,63.0,162.0,148.0,436.0,402.0,40.0,0,1.0,0.0,1.0,41.0,322.20874,0.0,0.0,0.0,0.0,1.0,253.37146,0.0,0.0,7.0,0.0,0.0,0.0,563695,280.96908,45,2,0,0,0,277.32501220703125,530457,325.2349853515625,46,1
101111385,Gayrimenkul Geliştirme ve Yönetimi,ANKARA ÜNİVERSİTESİ,4,EŞİT AĞIRLIK,,885.0,Uygulamalı Bilimler Fakültesi,,ANKARA,DEVLET,0,70.0,2.0,0.0,0.0,0.0,388.58948,291.10502,472350.0,72.0,27.0,40.0,45.0,34.0,27.0,13.0,19.0,29.0,6.0,10.0,20.0,21.0,894.0,565.0,148.0,141.0,266.0,224.0,564.0,397.0,70.0,0,2.0,0.0,2.0,71.0,366.30632,1.0,231.82632,0.0,0.0,2.0,234.09795,0.0,0.0,4.0,0.0,0.0,0.0,419527,299.01232,75,2,0,0,0,294.0459899902344,391639,353.4530029296875,77,0
101111394,Özel Eğitim Öğretmenliği,ANKARA ÜNİVERSİTESİ,4,SÖZEL,"1, 150, 151",811.0,Eğitim Bilimleri Fakültesi,,ANKARA,DEVLET,0,80.0,2.0,425.9596,419.29317,2.0,475.61945,429.46129,6483.0,80.0,46.0,53.0,36.0,29.0,30.0,40.0,26.0,36.0,3.0,2.0,23.0,4.0,1541.0,2000.0,252.0,268.0,747.0,1042.0,1272.0,1698.0,80.0,0,0.0,0.0,2.0,80.0,464.86498,2.0,429.23533,0.0,0.0,0.0,0.0,0.0,0.0,0.0,0.0,0.0,0.0,3352,439.99908,45,2,0,0,0,459.2359924316406,2163,490.1409912109375,45,2
101111401,Su Ürünleri Mühendisliği,ANKARA ÜNİVERSİTESİ,4,SAYISAL,"22, 23, 24",895.0,Ziraat Fakültesi,(İngilizce),ANKARA,DEVLET,0,30.0,1.0,0.0,0.0,0.0,329.25596,268.30779,415650.0,31.0,16.0,18.0,15.0,13.0,2.0,3.0,18.0,16.0,5.0,6.0,5.0,6.0,426.0,458.0,51.0,48.0,121.0,136.0,272.0,310.0,30.0,0,1.0,0.0,1.0,31.0,330.53951,0.0,0.0,0.0,0.0,0.0,0.0,0.0,0.0,5.0,0.0,1.0,0.0,368781,289.90384,30,1,0,0,0,282.5570068359375,330846,342.5820007324219,31,0
101111419,Antropoloji,ANKARA ÜNİVERSİTESİ,4,EŞİT AĞIRLIK,5,754.0,Dil ve Tarih Coğrafya Fakültesi,(KKTC UYRUKLU),ANKARA,DEVLET,0,,,,,,,,,,,,,,,,,,,,,,,,,,,,,,,,,,,,,,,,,,,,,,,,,0,0.0,1,0,0,0,0,0.0,0,0.0,0,0
101150059,Turist Rehberliği,ANKARA ÜNİVERSİTESİ,2,TYT,,15665.0,Beypazarı Meslek Yüksekokulu,,ANKARA,DEVLET,1,65.0,2.0,0.0,0.0,0.0,412.35032,264.79297,1262509.0,67.0,50.0,43.0,17.0,26.0,17.0,15.0,28.0,24.0,13.0,13.0,9.0,16.0,1099.0,1191.0,48.0,73.0,189.0,231.0,584.0,690.0,65.0,0,2.0,0.0,2.0,67.0,403.23381,0.0,0.0,0.0,0.0,2.0,230.39605,0.0,0.0,5.0,0.0,1.0,0.0,1147329,279.79797,65,2,0,0,0,291.6109924316406,994595,360.97198486328125,67,0
101150129,Gıda Teknolojisi,ANKARA ÜNİVERSİTESİ,2,TYT,,15685.0,Kalecik Meslek Yüksekokulu,,ANKARA,DEVLET,1,50.0,2.0,0.0,0.0,0.0,335.64249,271.92965,1154835.0,52.0,42.0,40.0,10.0,14.0,15.0,14.0,26.0,26.0,5.0,7.0,2.0,6.0,997.0,660.0,52.0,38.0,167.0,128.0,486.0,356.0,50.0,0,2.0,0.0,2.0,52.0,334.80574,0.0,0.0,0.0,0.0,2.0,217.98853,0.0,0.0,3.0,0.0,1.0,0.0,1327958,267.56769,50,2,0,0,0,283.32501220703125,1113325,361.1889953613281,52,0
101150156,Anestezi,ANKARA ÜNİVERSİTESİ,2,TYT,,15698.0,Sağlık Hizmetleri Meslek Yüksekokulu,,ANKARA,DEVLET,1,65.0,2.0,324.40852,319.78804,2.0,441.22854,374.63675,275333.0,65.0,53.0,54.0,14.0,15.0,23.0,24.0,36.0,34.0,6.0,9.0,2.0,2.0,7405.0,5526.0,1183.0,1015.0,2537.0,1959.0,5040.0,3757.0,65.0,0,2.0,0.0,2.0,65.0,446.43718,2.0,334.77938,0.0,0.0,2.0,262.89157,0.0,0.0,3.0,0.0,0.0,0.0,266819,379.84646,65,2,0,0,0,386.36199951171875,236329,445.9540100097656,65,2
101150192,Radyoterapi,ANKARA ÜNİVERSİTESİ,2,TYT,,15701.0,Sağlık Hizmetleri Meslek Yüksekokulu,,ANKARA,DEVLET,1,60.0,2.0,0.0,0.0,0.0,363.5241,324.00194,573012.0,62.0,45.0,52.0,17.0,12.0,22.0,15.0,33.0,37.0,3.0,5.0,3.0,7.0,4191.0,2323.0,128.0,85.0,573.0,328.0,2103.0,1156.0,60.0,0,2.0,0.0,2.0,61.0,359.44429,1.0,306.62743,0.0,0.0,2.0,234.38714,0.0,0.0,2.0,0.0,0.0,0.0,570133,330.627,60,2,0,0,0,338.1340026855469,494719,372.62799072265625,60,2
101150208,Tıbbi Dokümantasyon ve Sekreterlik,ANKARA ÜNİVERSİTESİ,2,TYT,,15702.0,Sağlık Hizmetleri Meslek Yüksekokulu,,ANKARA,DEVLET,1,60.0,2.0,261.25266,247.82867,2.0,345.83591,321.22511,595936.0,60.0,41.0,48.0,21.0,16.0,22.0,12.0,32.0,33.0,5.0,8.0,2.0,8.0,5077.0,6815.0,266.0,471.0,907.0,1644.0,2690.0,4108.0,60.0,0,2.0,0.0,2.0,60.0,399.1332,2.0,307.88027,0.0,0.0,2.0,239.11322,0.0,0.0,2.0,0.0,0.0,0.0,475282,342.67263,60,2,0,0,0,349.7049865722656,414032,424.8559875488281,60,2
101150492,Turizm ve Otel İşletmeciliği,ANKARA ÜNİVERSİTESİ,2,TYT,,15666.0,Beypazarı Meslek Yüksekokulu,,ANKARA,DEVLET,1,75.0,2.0,0.0,0.0,0.0,365.72431,261.86233,1308933.0,77.0,37.0,39.0,40.0,40.0,26.0,23.0,38.0,35.0,6.0,12.0,6.0,7.0,1976.0,1309.0,80.0,57.0,330.0,226.0,1031.0,694.0,75.0,0,2.0,0.0,2.0,77.0,309.85971,0.0,0.0,0.0,0.0,2.0,245.97565,0.0,0.0,18.0,0.0,0.0,0.0,1274581,271.06457,75,2,0,0,0,281.66400146484375,1138148,379.7349853515625,77,0
101150517,Bankacılık ve Sigortacılık,ANKARA ÜNİVERSİTESİ,2,TYT,,15661.0,Beypazarı Meslek Yüksekokulu,,ANKARA,DEVLET,1,90.0,3.0,0.0,0.0,0.0,326.13765,274.88493,1112279.0,93.0,63.0,64.0,30.0,32.0,36.0,27.0,38.0,40.0,11.0,12.0,3.0,10.0,2501.0,1934.0,131.0,118.0,420.0,339.0,1240.0,988.0,90.0,0,3.0,0.0,3.0,93.0,333.19463,0.0,0.0,0.0,0.0,3.0,197.34284,0.0,0.0,19.0,0.0,0.0,0.0,1115365,282.06342,90,3,0,0,0,294.34600830078125,957457,355.677001953125,93,0
101150526,Muhasebe ve Vergi Uygulamaları,ANKARA ÜNİVERSİTESİ,2,TYT,,15674.0,Elmadağ Meslek Yüksekokulu,,ANKARA,DEVLET,1,55.0,2.0,0.0,0.0,0.0,305.54808,279.63451,1046946.0,57.0,30.0,39.0,27.0,20.0,21.0,20.0,24.0,26.0,8.0,6.0,2.0,2.0,1125.0,1094.0,51.0,55.0,211.0,209.0,603.0,619.0,55.0,0,2.0,0.0,2.0,57.0,311.49118,0.0,0.0,0.0,0.0,2.0,233.65986,0.0,0.0,10.0,0.0,1.0,0.0,1109855,282.46451,55,2,0,0,0,297.2149963378906,919060,319.1189880371094,56,1
101150544,Bahçe Tarımı,ANKARA ÜNİVERSİTESİ,2,TYT,,15683.0,Kalecik Meslek Yüksekokulu,,ANKARA,DEVLET,1,50.0,2.0,0.0,0.0,0.0,271.85579,238.98848,1726339.0,52.0,14.0,20.0,38.0,34.0,15.0,5.0,21.0,27.0,6.0,8.0,8.0,12.0,1060.0,998.0,59.0,51.0,163.0,179.0,486.0,523.0,50.0,0,2.0,0.0,2.0,52.0,343.91477,0.0,0.0,0.0,0.0,2.0,241.36974,0.0,0.0,11.0,0.0,1.0,0.0,1709145,244.56472,50,2,0,0,0,250.4239959716797,1645214,339.6960144042969,52,0
101150562,Elektronik Teknolojisi,ANKARA ÜNİVERSİTESİ,2,TYT,,15673.0,Elmadağ Meslek Yüksekokulu,,ANKARA,DEVLET,1,50.0,2.0,272.03278,267.60689,2.0,390.16831,301.09715,785557.0,50.0,4.0,5.0,48.0,47.0,19.0,16.0,26.0,29.0,4.0,4.0,1.0,3.0,1252.0,851.0,69.0,55.0,285.0,216.0,753.0,551.0,50.0,0,2.0,0.0,2.0,51.0,379.48591,1.0,288.95997,0.0,0.0,0.0,0.0,0.0,0.0,2.0,0.0,2.0,0.0,778009,309.13285,50,2,0,0,0,317.1210021972656,683856,351.968994140625,50,2
101150571,Bilgisayar Programcılığı,ANKARA ÜNİVERSİTESİ,2,TYT,,15669.0,Elmadağ Meslek Yüksekokulu,,ANKARA,DEVLET,1,65.0,2.0,276.7706,276.7244,2.0,416.08899,337.80308,470884.0,65.0,15.0,22.0,52.0,47.0,17.0,15.0,40.0,42.0,3.0,6.0,7.0,5.0,2697.0,2115.0,191.0,134.0,646.0,493.0,1709.0,1393.0,65.0,0,2.0,0.0,2.0,65.0,415.1075,2.0,260.76106,0.0,0.0,2.0,174.4557,0.0,0.0,7.0,0.0,0.0,0.0,441740,347.44712,65,2,0,0,0,343.2300109863281,457291,393.9599914550781,65,2
101150598,Turizm ve Seyahat Hizmetleri,ANKARA ÜNİVERSİTESİ,2,TYT,,15667.0,Beypazarı Meslek Yüksekokulu,,ANKARA,DEVLET,1,60.0,2.0,0.0,0.0,0.0,294.23592,255.81475,1407202.0,62.0,29.0,35.0,33.0,29.0,23.0,18.0,28.0,30.0,6.0,8.0,2.0,7.0,1644.0,1020.0,81.0,49.0,261.0,174.0,825.0,549.0,60.0,0,2.0,0.0,2.0,62.0,343.73609,0.0,0.0,0.0,0.0,2.0,206.34741,0.0,0.0,10.0,0.0,1.0,0.0,1408163,262.43986,60,2,0,0,0,269.84600830078125,1321078,306.7950134277344,62,0
101150605,Tıbbi Laboratuvar Teknikleri,ANKARA ÜNİVERSİTESİ,2,TYT,,15704.0,Sağlık Hizmetleri Meslek Yüksekokulu,,ANKARA,DEVLET,1,60.0,2.0,269.49497,269.49497,1.0,401.51466,339.07856,462156.0,61.0,50.0,57.0,12.0,7.0,12.0,16.0,35.0,40.0,7.0,2.0,6.0,4.0,3776.0,3305.0,130.0,105.0,567.0,519.0,2010.0,1814.0,60.0,0,2.0,0.0,2.0,60.0,364.79922,2.0,242.22153,0.0,0.0,2.0,226.59073,0.0,0.0,1.0,0.0,0.0,0.0,428903,349.35788,60,2,0,0,0,354.7869873046875,382990,374.7550048828125,60,2
101150623,Tıbbi Görüntüleme Teknikleri,ANKARA ÜNİVERSİTESİ,2,TYT,,15703.0,Sağlık Hizmetleri Meslek Yüksekokulu,,ANKARA,DEVLET,1,65.0,2.0,303.01481,247.80728,2.0,390.29004,351.5571,384879.0,65.0,33.0,52.0,34.0,17.0,21.0,21.0,33.0,41.0,7.0,4.0,5.0,2.0,4217.0,3481.0,190.0,142.0,861.0,696.0,2526.0,2071.0,65.0,0,2.0,0.0,2.0,65.0,386.88984,2.0,263.16916,0.0,0.0,2.0,259.91994,0.0,0.0,3.0,0.0,0.0,0.0,363342,360.06543,65,2,0,0,0,368.385009765625,311426,415.22698974609375,65,2
101150641,Tıbbi Dokümantasyon ve Sekreterlik,ANKARA ÜNİVERSİTESİ,2,TYT,7,15647.0,Açık ve Uzaktan Eğitim Fakültesi,(Uzaktan Öğretim),ANKARA,DEVLET,1,150.0,4.0,242.89725,242.89725,1.0,387.18322,294.00204,867686.0,153.0,110.0,115.0,44.0,43.0,13.0,10.0,32.0,24.0,55.0,53.0,46.0,66.0,15835.0,29390.0,1273.0,2686.0,4400.0,9833.0,10639.0,21035.0,150.0,0,4.0,0.0,4.0,150.0,424.49943,4.0,238.47757,0.0,0.0,4.0,294.23241,0.0,0.0,44.0,0.0,1.0,0.0,606749,326.38622,150,4,0,0,0,318.531005859375,669375,402.97198486328125,151,3
101150659,Bankacılık ve Sigortacılık,ANKARA ÜNİVERSİTESİ,2,TYT,7,15636.0,Açık ve Uzaktan Eğitim Fakültesi,(Uzaktan Öğretim),ANKARA,DEVLET,1,103.0,3.0,0.0,0.0,0.0,339.86316,268.52645,1200365.0,106.0,67.0,60.0,39.0,51.0,11.0,5.0,39.0,18.0,18.0,32.0,29.0,48.0,9005.0,12325.0,401.0,597.0,1676.0,2472.0,5049.0,7103.0,105.0,0,3.0,0.0,3.0,108.0,420.8555,0.0,0.0,0.0,0.0,3.0,268.26837,0.0,0.0,39.0,0.0,1.0,0.0,1067585,285.54005,100,3,0,0,0,287.0369873046875,1059142,382.8160095214844,102,1
101150677,Bilgisayar Programcılığı,ANKARA ÜNİVERSİTESİ,2,TYT,"7, 8",15638.0,Açık ve Uzaktan Eğitim Fakültesi,(Uzaktan Öğretim),ANKARA,DEVLET,1,123.0,4.0,306.89077,255.7511,2.0,518.18782,359.17501,345513.0,125.0,45.0,51.0,82.0,82.0,3.0,2.0,4.0,6.0,44.0,54.0,73.0,68.0,11180.0,11990.0,1077.0,1146.0,3029.0,3234.0,7161.0,7601.0,125.0,0,4.0,0.0,4.0,127.0,489.55746,2.0,237.31941,0.0,0.0,4.0,258.57023,0.0,0.0,26.0,0.0,1.0,0.0,261457,381.15099,125,4,0,0,0,355.6159973144531,378292,457.2409973144531,127,2
101150686,Elektronik Haberleşme Teknolojisi,ANKARA ÜNİVERSİTESİ,2,TYT,,15672.0,Elmadağ Meslek Yüksekokulu,,ANKARA,DEVLET,1,50.0,2.0,0.0,0.0,0.0,355.41105,285.71565,967565.0,52.0,8.0,5.0,44.0,48.0,15.0,16.0,30.0,27.0,4.0,8.0,3.0,0.0,833.0,640.0,38.0,45.0,152.0,140.0,479.0,399.0,50.0,0,2.0,0.0,2.0,52.0,342.89355,0.0,0.0,0.0,0.0,1.0,192.51078,0.0,0.0,9.0,0.0,1.0,0.0,970751,292.87364,50,2,0,0,0,300.468994140625,876648,342.4530029296875,52,0
101150695,Eczane Hizmetleri,ANKARA ÜNİVERSİTESİ,2,TYT,,15699.0,Sağlık Hizmetleri Meslek Yüksekokulu,,ANKARA,DEVLET,1,65.0,2.0,234.14089,234.14089,1.0,408.54025,324.37007,570088.0,66.0,48.0,53.0,19.0,16.0,20.0,16.0,32.0,27.0,8.0,12.0,6.0,12.0,4178.0,2451.0,188.0,123.0,782.0,458.0,2317.0,1356.0,65.0,0,2.0,0.0,2.0,66.0,382.83847,1.0,241.74689,0.0,0.0,2.0,230.67493,0.0,0.0,3.0,0.0,0.0,0.0,571842,330.42199,65,2,0,0,0,336.885986328125,504193,394.0320129394531,67,0
101150702,Büro Yönetimi ve Yönetici Asistanlığı,ANKARA ÜNİVERSİTESİ,2,TYT,,15670.0,Elmadağ Meslek Yüksekokulu,,ANKARA,DEVLET,1,45.0,2.0,0.0,0.0,0.0,343.33398,272.76125,1142817.0,47.0,34.0,40.0,13.0,9.0,16.0,14.0,22.0,22.0,5.0,7.0,4.0,4.0,1310.0,1089.0,68.0,52.0,223.0,189.0,721.0,595.0,45.0,0,2.0,0.0,2.0,47.0,317.23733,0.0,0.0,0.0,0.0,2.0,236.71487,0.0,0.0,7.0,0.0,1.0,0.0,1129722,281.03656,45,2,0,0,0,301.89599609375,858405,329.72198486328125,47,0
101150711,Turizm ve Otel İşletmeciliği,ANKARA ÜNİVERSİTESİ,2,TYT,7,15648.0,Açık ve Uzaktan Eğitim Fakültesi,(Uzaktan Öğretim),ANKARA,DEVLET,1,70.0,2.0,0.0,0.0,0.0,412.8082,266.73802,1232545.0,72.0,30.0,42.0,42.0,32.0,9.0,12.0,23.0,12.0,20.0,29.0,11.0,13.0,6646.0,7249.0,258.0,266.0,1102.0,1078.0,3526.0,3472.0,70.0,0,2.0,0.0,2.0,72.0,354.48675,0.0,0.0,0.0,0.0,2.0,269.72537,0.0,0.0,32.0,0.0,0.0,0.0,1183999,277.24121,70,2,0,0,0,278.0889892578125,1191994,367.49200439453125,72,0
101150729,Yaşlı Bakımı,ANKARA ÜNİVERSİTESİ,2,TYT,,15680.0,Haymana Meslek Yüksekokulu,,ANKARA,DEVLET,1,60.0,2.0,0.0,0.0,0.0,324.77565,265.43646,1244164.0,62.0,48.0,50.0,14.0,14.0,21.0,18.0,29.0,30.0,6.0,8.0,3.0,8.0,1026.0,1176.0,51.0,73.0,166.0,204.0,479.0,595.0,60.0,0,2.0,0.0,2.0,62.0,334.36738,0.0,0.0,0.0,0.0,2.0,192.87268,0.0,0.0,12.0,0.0,0.0,0.0,1152788,279.41102,60,2,0,0,0,293.4159851074219,969834,312.8869934082031,60,2
101150738,Fizyoterapi,ANKARA ÜNİVERSİTESİ,2,TYT,,15679.0,Haymana Meslek Yüksekokulu,,ANKARA,DEVLET,1,70.0,2.0,0.0,0.0,0.0,383.88732,317.07743,632003.0,72.0,51.0,60.0,21.0,14.0,18.0,19.0,42.0,37.0,6.0,8.0,5.0,8.0,2326.0,1825.0,143.0,121.0,384.0,367.0,1126.0,1009.0,70.0,0,2.0,0.0,2.0,71.0,371.22786,1.0,299.46954,0.0,0.0,2.0,273.67472,0.0,0.0,7.0,0.0,0.0,0.0,671207,319.47463,70,2,0,0,0,324.8089904785156,607372,403.9320068359375,70,2
101150765,Biyomedikal Cihaz Teknolojisi,ANKARA ÜNİVERSİTESİ,2,TYT,,15677.0,Gama Meslek Yüksekokulu,,ANKARA,DEVLET,1,65.0,2.0,298.25542,297.18419,2.0,398.67098,311.65135,681948.0,65.0,29.0,31.0,38.0,38.0,19.0,18.0,33.0,22.0,7.0,14.0,6.0,12.0,1741.0,1251.0,126.0,91.0,347.0,234.0,980.0,713.0,65.0,0,2.0,0.0,2.0,67.0,429.7291,0.0,0.0,0.0,0.0,2.0,236.84553,0.0,0.0,4.0,0.0,0.0,0.0,725740,314.06876,65,2,0,0,0,319.3179931640625,661404,355.0419921875,65,2
101150783,Bilgisayar Programcılığı,ANKARA ÜNİVERSİTESİ,2,TYT,,15693.0,Nallıhan Meslek Yüksekokulu,,ANKARA,DEVLET,1,60.0,2.0,0.0,0.0,0.0,360.98282,309.70794,699860.0,62.0,17.0,24.0,45.0,40.0,19.0,14.0,34.0,37.0,6.0,5.0,2.0,4.0,1892.0,1590.0,129.0,103.0,379.0,324.0,1074.0,955.0,60.0,0,2.0,0.0,2.0,60.0,365.33104,2.0,286.61891,0.0,0.0,2.0,203.08497,0.0,0.0,15.0,0.0,1.0,0.0,666774,319.93589,60,2,0,0,0,322.30499267578125,631463,372.197998046875,62,0
101150792,Elektronik Teknolojisi,ANKARA ÜNİVERSİTESİ,2,TYT,,15694.0,Nallıhan Meslek Yüksekokulu,,ANKARA,DEVLET,1,55.0,2.0,227.5441,227.5441,1.0,312.98628,272.60896,1142094.0,56.0,6.0,6.0,51.0,53.0,19.0,17.0,30.0,30.0,4.0,4.0,2.0,5.0,972.0,734.0,45.0,34.0,168.0,139.0,516.0,412.0,55.0,0,2.0,0.0,2.0,57.0,309.70972,0.0,0.0,0.0,0.0,2.0,170.17047,0.0,0.0,8.0,0.0,1.0,0.0,1217753,274.87959,60,2,0,0,0,285.26800537109375,1084761,316.82501220703125,62,0
101150835,Kuyumculuk ve Takı Tasarımı,ANKARA ÜNİVERSİTESİ,2,TYT,,15662.0,Beypazarı Meslek Yüksekokulu,,ANKARA,DEVLET,1,40.0,1.0,0.0,0.0,0.0,326.94415,246.59935,1576231.0,41.0,28.0,23.0,13.0,19.0,14.0,8.0,14.0,14.0,1.0,3.0,10.0,15.0,817.0,774.0,34.0,34.0,130.0,121.0,412.0,398.0,40.0,0,1.0,0.0,1.0,41.0,345.85671,0.0,0.0,0.0,0.0,1.0,245.37618,0.0,0.0,10.0,0.0,0.0,0.0,1504557,256.50062,40,1,0,0,0,269.3580017089844,1328933,335.7090148925781,41,0
101150844,Moda Tasarımı,ANKARA ÜNİVERSİTESİ,2,TYT,,15663.0,Beypazarı Meslek Yüksekokulu,,ANKARA,DEVLET,1,55.0,2.0,0.0,0.0,0.0,392.30174,281.22597,1024759.0,57.0,51.0,54.0,6.0,5.0,16.0,6.0,24.0,26.0,7.0,11.0,7.0,15.0,1286.0,943.0,102.0,86.0,260.0,236.0,727.0,587.0,55.0,0,2.0,0.0,2.0,57.0,466.50727,0.0,0.0,0.0,0.0,2.0,262.67063,0.0,0.0,16.0,0.0,0.0,0.0,1079249,284.68523,55,2,0,0,0,292.43798828125,983129,354.5119934082031,56,1
101150889,Alternatif Enerji Kaynakları Teknolojisi,ANKARA ÜNİVERSİTESİ,2,TYT,,15676.0,Gama Meslek Yüksekokulu,,ANKARA,DEVLET,1,65.0,2.0,242.64515,242.64515,1.0,375.67128,296.35033,835815.0,66.0,13.0,19.0,54.0,48.0,23.0,14.0,28.0,32.0,2.0,7.0,14.0,11.0,1562.0,1077.0,93.0,70.0,352.0,264.0,929.0,673.0,65.0,0,2.0,0.0,2.0,66.0,370.55144,1.0,284.5693,0.0,0.0,0.0,0.0,0.0,0.0,5.0,0.0,2.0,0.0,844913,303.20314,65,2,0,0,0,307.95001220703125,785433,470.37200927734375,66,1
101150898,Ağız ve Diş Sağlığı,ANKARA ÜNİVERSİTESİ,2,TYT,,15696.0,Sağlık Hizmetleri Meslek Yüksekokulu,,ANKARA,DEVLET,1,65.0,2.0,291.08773,265.15389,2.0,360.44426,337.4987,472927.0,65.0,49.0,44.0,18.0,25.0,28.0,23.0,29.0,32.0,5.0,6.0,5.0,4.0,5717.0,3720.0,298.0,221.0,1046.0,754.0,3178.0,2186.0,65.0,0,2.0,0.0,2.0,65.0,394.34228,2.0,284.60178,0.0,0.0,2.0,233.14914,0.0,0.0,3.0,0.0,0.0,0.0,451290,346.06732,65,2,0,0,0,355.5780029296875,378500,454.6180114746094,65,2
101150959,İlk ve Acil Yardım,ANKARA ÜNİVERSİTESİ,2,TYT,,15700.0,Sağlık Hizmetleri Meslek Yüksekokulu,,ANKARA,DEVLET,1,65.0,2.0,347.94447,328.10272,2.0,389.41014,371.73949,286696.0,65.0,45.0,51.0,22.0,18.0,21.0,20.0,41.0,42.0,1.0,2.0,4.0,4.0,4977.0,3657.0,526.0,302.0,1753.0,1145.0,3418.0,2424.0,65.0,0,2.0,0.0,2.0,65.0,415.44277,2.0,337.54916,0.0,0.0,2.0,259.81768,0.0,0.0,3.0,0.0,1.0,0.0,295111,373.40055,65,2,0,0,0,375.95599365234375,277375,398.6099853515625,65,2
101150977,Acil Durum ve Afet Yönetimi,ANKARA ÜNİVERSİTESİ,2,TYT,,15658.0,Beypazarı Meslek Yüksekokulu,,ANKARA,DEVLET,1,70.0,2.0,0.0,0.0,0.0,330.27788,298.2994,819193.0,72.0,50.0,56.0,22.0,18.0,27.0,29.0,37.0,30.0,5.0,5.0,3.0,7.0,2075.0,2098.0,140.0,151.0,398.0,400.0,1070.0,1061.0,70.0,0,2.0,0.0,2.0,71.0,335.07267,1.0,262.57095,0.0,0.0,2.0,213.3864,0.0,0.0,10.0,0.0,1.0,0.0,830430,304.46567,70,2,0,0,0,309.6780090332031,765422,407.5559997558594,71,1
101150986,Sosyal Güvenlik,ANKARA ÜNİVERSİTESİ,2,TYT,,15653.0,Ayaş Meslek Yüksekokulu,,ANKARA,DEVLET,1,60.0,2.0,0.0,0.0,0.0,342.87364,276.01328,1090189.0,62.0,39.0,47.0,23.0,17.0,23.0,18.0,29.0,24.0,5.0,9.0,4.0,10.0,1177.0,900.0,93.0,66.0,217.0,165.0,561.0,468.0,60.0,0,2.0,0.0,2.0,62.0,326.1421,0.0,0.0,0.0,0.0,2.0,241.93156,0.0,0.0,12.0,0.0,1.0,0.0,1215936,275.0061,60,2,0,0,0,286.6409912109375,1064815,329.3550109863281,62,0
101150995,Fizyoterapi,ANKARA ÜNİVERSİTESİ,2,TYT,,15689.0,Kızılcahamam Sağlık Hizmetleri Meslek Yüksekokulu,,ANKARA,DEVLET,1,60.0,2.0,247.40586,247.40586,1.0,350.22934,323.63258,576018.0,61.0,53.0,52.0,9.0,12.0,23.0,13.0,31.0,40.0,2.0,9.0,5.0,2.0,2382.0,1686.0,152.0,118.0,417.0,329.0,1175.0,944.0,60.0,0,2.0,0.0,2.0,61.0,386.10042,1.0,271.80532,0.0,0.0,2.0,224.27053,0.0,0.0,2.0,0.0,0.0,0.0,588250,328.5127,60,2,0,0,0,329.8869934082031,561650,372.8689880371094,62,0
101151003,Ayakkabı Tasarım ve Üretimi,ANKARA ÜNİVERSİTESİ,2,TYT,,15660.0,Beypazarı Meslek Yüksekokulu,,ANKARA,DEVLET,1,20.0,1.0,0.0,0.0,0.0,312.45549,247.41774,1560491.0,21.0,12.0,14.0,9.0,8.0,5.0,2.0,9.0,6.0,5.0,3.0,2.0,8.0,723.0,495.0,26.0,17.0,101.0,77.0,341.0,255.0,20.0,0,1.0,0.0,1.0,21.0,302.18328,0.0,0.0,0.0,0.0,1.0,248.85803,0.0,0.0,11.0,0.0,0.0,0.0,1486116,257.62485,20,1,0,0,0,265.0660095214844,1398307,297.5719909667969,21,0
101190201,Felsefe,ANKARA ÜNİVERSİTESİ,4,EŞİT AĞIRLIK,"22, 23, 24",771.0,Dil ve Tarih Coğrafya Fakültesi,(İngilizce),ANKARA,DEVLET,0,40.0,1.0,0.0,0.0,0.0,399.91364,326.70158,263879.0,41.0,21.0,23.0,20.0,19.0,8.0,14.0,12.0,9.0,5.0,6.0,16.0,12.0,552.0,499.0,31.0,34.0,125.0,141.0,356.0,349.0,40.0,0,1.0,0.0,1.0,41.0,411.44709,0.0,0.0,0.0,0.0,1.0,181.54948,0.0,0.0,2.0,0.0,0.0,0.0,236156,330.7954,20,1,0,0,0,328.0260009765625,199803,386.99700927734375,21,0
101190202,Aşçılık,ANKARA ÜNİVERSİTESİ,2,TYT,,15659.0,Beypazarı Meslek Yüksekokulu,,ANKARA,DEVLET,1,55.0,2.0,0.0,0.0,0.0,370.62757,308.02633,717020.0,57.0,36.0,47.0,21.0,12.0,19.0,1.0,25.0,21.0,6.0,9.0,7.0,9.0,2662.0,2075.0,302.0,196.0,728.0,574.0,1650.0,1289.0,55.0,0,2.0,0.0,2.0,57.0,451.33511,0.0,0.0,0.0,0.0,2.0,248.37158,0.0,0.0,13.0,0.0,1.0,0.0,802895,306.88861,55,2,0,0,0,314.0199890136719,717167,398.8399963378906,55,2
101190204,Çağdaş Yunan Dili ve Edebiyatı,ANKARA ÜNİVERSİTESİ,4,DİL,"5, 168",764.0,Dil ve Tarih Coğrafya Fakültesi,(KKTC Uyruklu),ANKARA,DEVLET,0,2.0,0.0,0.0,0.0,0.0,317.76256,259.6325,80632.0,2.0,2.0,1.0,0.0,1.0,2.0,2.0,0.0,0.0,0.0,0.0,0.0,0.0,13.0,8.0,4.0,2.0,6.0,3.0,11.0,4.0,2.0,0,0.0,0.0,0.0,2.0,336.74578,0.0,0.0,0.0,0.0,0.0,0.0,0.0,0.0,0.0,0.0,0.0,0.0,91934,268.63772,1,0,0,0,0,346.27801513671875,48824,346.27801513671875,1,0
101190205,Fizik Mühendisliği,ANKARA ÜNİVERSİTESİ,4,SAYISAL,"5, 22, 23, 24, 144",852.0,Mühendislik Fakültesi,(İngilizce)KKTC Uyruklu,ANKARA,DEVLET,0,,,,,,,,,,,,,,,,,,,,,,,,,,,,,,,,,,,,,,,,,,,,,,,,,0,0.0,1,0,0,0,0,375.14599609375,111324,375.14599609375,1,0
101190208,Tıp,ANKARA ÜNİVERSİTESİ,6,SAYISAL,"22, 23, 24, 155",880.0,Tıp Fakültesi,(İngilizce),ANKARA,DEVLET,0,60.0,2.0,528.41097,527.63644,2.0,536.54565,530.28888,3042.0,60.0,36.0,29.0,26.0,33.0,53.0,54.0,9.0,8.0,0.0,0.0,0.0,0.0,1551.0,1934.0,116.0,114.0,613.0,846.0,1354.0,1674.0,60.0,0,0.0,0.0,2.0,60.0,542.23122,2.0,534.97906,0.0,0.0,0.0,0.0,0.0,0.0,0.0,0.0,0.0,0.0,2449,535.75221,65,2,0,0,0,526.97900390625,2827,541.2429809570312,65,2
101190209,Fizik Mühendisliği,ANKARA ÜNİVERSİTESİ,4,SAYISAL,"22, 23, 24, 144",851.0,Mühendislik Fakültesi,(İngilizce),ANKARA,DEVLET,0,50.0,2.0,342.69753,342.69753,1.0,417.23413,360.80253,157858.0,51.0,26.0,22.0,26.0,30.0,21.0,21.0,28.0,29.0,2.0,1.0,0.0,1.0,578.0,874.0,26.0,46.0,135.0,230.0,357.0,566.0,50.0,0,0.0,0.0,2.0,52.0,445.53751,0.0,0.0,0.0,0.0,0.0,0.0,0.0,0.0,0.0,0.0,0.0,0.0,113090,398.07218,55,2,0,0,0,386.6470031738281,97364,475.99700927734375,55,2
101190210,Kimya Mühendisliği,ANKARA ÜNİVERSİTESİ,4,SAYISAL,"22, 23, 24, 144",858.0,Mühendislik Fakültesi,(İngilizce),ANKARA,DEVLET,0,100.0,3.0,419.17792,413.43724,3.0,452.90008,423.88247,80884.0,100.0,76.0,73.0,27.0,30.0,38.0,37.0,65.0,65.0,0.0,0.0,0.0,1.0,2417.0,2634.0,85.0,174.0,416.0,550.0,1436.0,1596.0,100.0,0,0.0,0.0,3.0,100.0,468.43096,3.0,412.08718,0.0,0.0,0.0,0.0,0.0,0.0,0.0,0.0,0.0,0.0,65015,442.60281,75,2,0,0,0,424.5369873046875,59074,454.2090148925781,75,2
101190211,Gıda Mühendisliği,ANKARA ÜNİVERSİTESİ,4,SAYISAL,"22, 23, 24, 144",853.0,Mühendislik Fakültesi,(İngilizce),ANKARA,DEVLET,0,90.0,3.0,311.96964,309.36144,2.0,410.42207,355.41571,166671.0,91.0,69.0,84.0,24.0,9.0,37.0,38.0,54.0,53.0,1.0,0.0,1.0,1.0,1237.0,1051.0,54.0,43.0,190.0,152.0,671.0,580.0,90.0,0,0.0,0.0,3.0,91.0,417.68368,2.0,310.94202,0.0,0.0,0.0,0.0,0.0,0.0,0.0,0.0,0.0,0.0,149526,372.05725,60,2,0,0,0,355.0610046386719,139827,390.0150146484375,60,2
101190216,Ermeni Dili ve Kültürü,ANKARA ÜNİVERSİTESİ,4,DİL,"22, 24, 159, 170",768.0,Dil ve Tarih Coğrafya Fakültesi,(Ermenice),ANKARA,DEVLET,0,20.0,1.0,0.0,0.0,0.0,279.99366,194.06039,113307.0,21.0,10.0,10.0,11.0,12.0,4.0,7.0,3.0,1.0,3.0,5.0,9.0,9.0,70.0,179.0,1.0,13.0,5.0,42.0,31.0,110.0,20.0,0,1.0,0.0,1.0,21.0,390.34528,0.0,0.0,0.0,0.0,1.0,230.67273,0.0,0.0,4.0,0.0,1.0,0.0,91515,269.3314,25,1,0,0,0,256.29998779296875,99512,304.94000244140625,26,0
101190217,Bulgar Dili ve Edebiyatı,ANKARA ÜNİVERSİTESİ,4,DİL,"22, 24, 168, 169",758.0,Dil ve Tarih Coğrafya Fakültesi,(Bulgarca),ANKARA,DEVLET,0,20.0,1.0,0.0,0.0,0.0,349.2413,272.2851,74663.0,21.0,12.0,10.0,9.0,11.0,4.0,1.0,5.0,6.0,3.0,5.0,8.0,6.0,163.0,251.0,9.0,18.0,25.0,59.0,78.0,161.0,20.0,0,1.0,0.0,1.0,21.0,415.50059,0.0,0.0,0.0,0.0,0.0,0.0,0.0,0.0,1.0,0.0,1.0,0.0,62994,322.25987,25,1,0,0,0,314.6700134277344,64971,381.3059997558594,26,0
101190339,Politika ve Ekonomi,ANKARA ÜNİVERSİTESİ,4,EŞİT AĞIRLIK,"22, 23, 24",875.0,Siyasal Bilgiler Fakültesi,(İngilizce),ANKARA,DEVLET,0,40.0,1.0,346.0853,346.0853,1.0,455.85273,384.83457,86858.0,40.0,20.0,21.0,21.0,20.0,14.0,21.0,23.0,15.0,2.0,0.0,2.0,3.0,678.0,776.0,84.0,96.0,211.0,228.0,490.0,592.0,40.0,0,1.0,0.0,1.0,40.0,448.69716,1.0,357.74357,0.0,0.0,0.0,0.0,0.0,0.0,1.0,0.0,1.0,0.0,59867,391.19454,45,2,0,0,0,388.6520080566406,48655,440.57598876953125,45,2
101190340,Aktüerya Bilimleri,ANKARA ÜNİVERSİTESİ,4,SAYISAL,,884.0,Uygulamalı Bilimler Fakültesi,,ANKARA,DEVLET,0,60.0,2.0,0.0,0.0,0.0,295.67365,284.96842,344615.0,62.0,33.0,37.0,29.0,25.0,19.0,18.0,41.0,37.0,0.0,2.0,1.0,5.0,781.0,1009.0,22.0,52.0,188.0,331.0,451.0,720.0,60.0,0,2.0,0.0,2.0,62.0,387.32086,0.0,0.0,0.0,0.0,0.0,0.0,0.0,0.0,3.0,0.0,2.0,0.0,294203,309.35857,65,2,0,0,0,300.2239990234375,264262,363.1340026855469,66,1
101190341,Acil Durum ve Afet Yönetimi,ANKARA ÜNİVERSİTESİ,2,TYT,7,15635.0,Açık ve Uzaktan Eğitim Fakültesi,(Uzaktan Öğretim),ANKARA,DEVLET,1,100.0,3.0,0.0,0.0,0.0,386.10866,288.64502,931321.0,103.0,67.0,72.0,36.0,34.0,0.0,2.0,23.0,10.0,40.0,38.0,37.0,55.0,11438.0,17822.0,712.0,1405.0,2475.0,4538.0,6798.0,11388.0,100.0,0,3.0,0.0,3.0,102.0,422.85419,1.0,284.85443,0.0,0.0,3.0,282.63308,0.0,0.0,41.0,0.0,0.0,0.0,763429,310.48825,100,3,0,0,0,302.54998779296875,850520,412.60101318359375,103,0
101190406,Diş Hekimliği,ANKARA ÜNİVERSİTESİ,5,SAYISAL,"22, 23, 24, 147",802.0,Diş Hekimliği Fakültesi,(İngilizce),ANKARA,DEVLET,0,30.0,1.0,487.08548,487.08548,1.0,502.26298,491.39741,23309.0,30.0,18.0,17.0,13.0,14.0,19.0,20.0,12.0,11.0,0.0,0.0,0.0,0.0,1697.0,1290.0,69.0,58.0,346.0,388.0,1133.0,863.0,30.0,0,0.0,0.0,1.0,30.0,536.43511,1.0,488.28885,0.0,0.0,0.0,0.0,0.0,0.0,0.0,0.0,0.0,0.0,22314,494.32931,30,1,0,0,0,475.3070068359375,22232,496.5539855957031,30,1
101190407,Peyzaj ve Süs Bitkileri Yetiştiriciliği,ANKARA ÜNİVERSİTESİ,2,TYT,,15686.0,Kalecik Meslek Yüksekokulu,,ANKARA,DEVLET,1,50.0,2.0,0.0,0.0,0.0,358.15263,239.134,1723352.0,52.0,33.0,23.0,19.0,31.0,12.0,6.0,23.0,26.0,8.0,8.0,9.0,8.0,677.0,867.0,34.0,39.0,123.0,159.0,333.0,457.0,50.0,0,2.0,0.0,2.0,52.0,345.24078,0.0,0.0,0.0,0.0,2.0,236.79641,0.0,0.0,14.0,0.0,0.0,0.0,1679194,246.26024,50,2,0,0,0,253.1719970703125,1597894,328.0870056152344,52,0
101190408,İşletme,ANKARA ÜNİVERSİTESİ,4,EŞİT AĞIRLIK,"22, 23, 24",873.0,Siyasal Bilgiler Fakültesi,(İngilizce),ANKARA,DEVLET,0,30.0,1.0,361.40505,361.40505,1.0,427.89158,396.0191,64704.0,30.0,15.0,18.0,16.0,13.0,10.0,12.0,19.0,17.0,1.0,2.0,1.0,0.0,1499.0,1550.0,88.0,105.0,378.0,468.0,1022.0,1138.0,30.0,0,1.0,0.0,1.0,30.0,429.63103,1.0,380.11571,0.0,0.0,0.0,0.0,0.0,0.0,0.0,0.0,1.0,0.0,39660,403.75886,40,1,0,0,0,405.8810119628906,28367,452.0979919433594,40,1
101190409,Özel Güvenlik ve Koruma,ANKARA ÜNİVERSİTESİ,2,TYT,2,15652.0,Ayaş Meslek Yüksekokulu,,ANKARA,DEVLET,1,47.0,2.0,0.0,0.0,0.0,365.6357,270.70708,1172718.0,49.0,20.0,26.0,29.0,23.0,17.0,17.0,23.0,21.0,6.0,7.0,2.0,3.0,1948.0,1292.0,185.0,117.0,443.0,287.0,1063.0,685.0,45.0,0,2.0,0.0,2.0,46.0,318.84699,1.0,216.85856,0.0,0.0,2.0,221.71491,0.0,0.0,9.0,0.0,2.0,0.0,1191525,276.71367,45,2,0,0,0,284.87200927734375,1090518,356.06201171875,47,0
101190410,Sivil Savunma ve İtfaiyecilik,ANKARA ÜNİVERSİTESİ,2,TYT,9,15664.0,Beypazarı Meslek Yüksekokulu,,ANKARA,DEVLET,1,30.0,1.0,0.0,0.0,0.0,325.35731,306.38499,733416.0,31.0,5.0,6.0,26.0,26.0,15.0,8.0,9.0,18.0,5.0,3.0,1.0,2.0,2439.0,1794.0,199.0,165.0,655.0,503.0,1521.0,1135.0,30.0,0,1.0,0.0,1.0,30.0,351.01956,1.0,212.06318,0.0,0.0,1.0,186.81194,0.0,0.0,2.0,0.0,1.0,0.0,768864,309.98367,30,1,0,0,0,318.3599853515625,671135,371.27398681640625,30,1
101190411,Dijital Fabrika Teknolojileri,ANKARA ÜNİVERSİTESİ,2,TYT,,15632.0,1. Organize Sanayi Bölgesi Meslek Yüksekokulu,,ANKARA,DEVLET,1,40.0,1.0,0.0,0.0,0.0,361.62417,293.54544,872911.0,41.0,5.0,8.0,36.0,34.0,17.0,13.0,14.0,13.0,5.0,8.0,4.0,4.0,1029.0,676.0,67.0,32.0,182.0,110.0,577.0,366.0,40.0,0,1.0,0.0,1.0,41.0,428.50515,0.0,0.0,0.0,0.0,1.0,230.22985,0.0,0.0,5.0,0.0,1.0,0.0,874073,300.71535,40,1,0,0,0,309.98699951171875,761860,345.2959899902344,40,1
101190412,Bilgisayar Teknolojisi,ANKARA ÜNİVERSİTESİ,2,TYT,"7, 8",15639.0,Açık ve Uzaktan Eğitim Fakültesi,(Uzaktan Öğretim),ANKARA,DEVLET,1,103.0,3.0,275.12899,275.12899,1.0,425.8582,298.44283,817652.0,105.0,34.0,44.0,72.0,67.0,9.0,8.0,26.0,11.0,25.0,34.0,41.0,50.0,8822.0,6807.0,620.0,245.0,2284.0,1082.0,5679.0,3605.0,105.0,0,3.0,0.0,3.0,107.0,400.97301,1.0,298.16728,0.0,0.0,3.0,254.6119,0.0,0.0,21.0,0.0,1.0,0.0,743070,312.40967,100,3,0,0,0,307.52899169921875,790453,392.53900146484375,103,0
101190413,Coğrafya,ANKARA ÜNİVERSİTESİ,4,SÖZEL,"22, 23, 24",760.0,Dil ve Tarih Coğrafya Fakültesi,(İngilizce),ANKARA,DEVLET,0,40.0,1.0,0.0,0.0,0.0,430.75164,366.68686,69476.0,41.0,24.0,21.0,17.0,20.0,9.0,7.0,12.0,15.0,6.0,6.0,14.0,12.0,540.0,450.0,45.0,42.0,155.0,128.0,367.0,322.0,40.0,0,1.0,0.0,1.0,41.0,437.61468,0.0,0.0,0.0,0.0,0.0,0.0,0.0,0.0,2.0,0.0,1.0,0.0,61008,370.22119,45,2,0,0,0,382.25201416015625,58464,436.20599365234375,47,0
101190414,Jeoloji Mühendisliği,ANKARA ÜNİVERSİTESİ,4,SAYISAL,"22, 23, 24, 144",857.0,Mühendislik Fakültesi,(İngilizce),ANKARA,DEVLET,0,40.0,1.0,0.0,0.0,0.0,454.23874,300.2186,292887.0,41.0,17.0,18.0,24.0,23.0,13.0,10.0,23.0,26.0,3.0,0.0,1.0,4.0,127.0,582.0,1.0,12.0,13.0,72.0,58.0,271.0,40.0,0,0.0,0.0,1.0,41.0,366.49443,0.0,0.0,0.0,0.0,0.0,0.0,0.0,0.0,4.0,0.0,0.0,0.0,226815,332.88948,30,1,0,0,0,322.2860107421875,202971,348.7510070800781,31,0
101190416,Jeofizik Mühendisliği,ANKARA ÜNİVERSİTESİ,4,SAYISAL,"22, 23, 24, 144",856.0,Mühendislik Fakültesi,(İngilizce),ANKARA,DEVLET,0,15.0,1.0,0.0,0.0,0.0,361.49893,299.01781,296578.0,14.0,9.0,9.0,5.0,12.0,5.0,6.0,7.0,11.0,2.0,3.0,0.0,0.0,66.0,153.0,0.0,4.0,5.0,20.0,24.0,75.0,20.0,0,0.0,0.0,1.0,21.0,401.2692,0.0,0.0,0.0,0.0,0.0,0.0,0.0,0.0,1.0,0.0,0.0,0.0,247547,324.85824,25,1,0,0,0,314.3089904785156,223024,343.49700927734375,26,0
101190420,Halkbilimi,ANKARA ÜNİVERSİTESİ,4,SÖZEL,,773.0,Dil ve Tarih Coğrafya Fakültesi,,ANKARA,DEVLET,0,50.0,2.0,0.0,0.0,0.0,376.88461,313.52012,266671.0,52.0,18.0,26.0,34.0,28.0,9.0,3.0,17.0,5.0,14.0,13.0,12.0,32.0,630.0,668.0,36.0,41.0,134.0,171.0,374.0,449.0,50.0,0,2.0,0.0,2.0,52.0,389.39145,0.0,0.0,0.0,0.0,2.0,271.7388,0.0,0.0,4.0,0.0,1.0,0.0,179982,330.47612,55,2,0,0,0,345.2569885253906,156523,408.28399658203125,57,0
101190421,Dilbilimi,ANKARA ÜNİVERSİTESİ,4,DİL,168,767.0,Dil ve Tarih Coğrafya Fakültesi,,ANKARA,DEVLET,0,50.0,2.0,0.0,0.0,0.0,451.07522,401.07097,23488.0,52.0,27.0,33.0,25.0,21.0,28.0,17.0,12.0,16.0,10.0,9.0,0.0,8.0,724.0,674.0,70.0,60.0,201.0,186.0,488.0,462.0,50.0,0,2.0,0.0,2.0,52.0,453.10008,0.0,0.0,0.0,0.0,2.0,214.34216,0.0,0.0,5.0,0.0,1.0,0.0,22050,415.577,50,2,0,0,0,417.72900390625,17891,460.1570129394531,52,0
101190422,Leh Dili ve Edebiyatı,ANKARA ÜNİVERSİTESİ,4,DİL,"22, 24, 159, 173",786.0,Dil ve Tarih Coğrafya Fakültesi,(Lehçe),ANKARA,DEVLET,0,30.0,1.0,0.0,0.0,0.0,409.06545,323.34556,52898.0,31.0,15.0,13.0,16.0,18.0,13.0,6.0,4.0,10.0,10.0,6.0,3.0,7.0,235.0,237.0,17.0,12.0,51.0,44.0,136.0,147.0,30.0,0,1.0,0.0,1.0,31.0,415.4354,0.0,0.0,0.0,0.0,0.0,0.0,0.0,0.0,6.0,0.0,1.0,0.0,51836,346.18176,30,1,0,0,0,352.1679992675781,45947,410.1319885253906,31,0
101190423,Bitki Koruma,ANKARA ÜNİVERSİTESİ,2,TYT,,15684.0,Kalecik Meslek Yüksekokulu,,ANKARA,DEVLET,1,40.0,1.0,0.0,0.0,0.0,308.77103,256.72318,1394161.0,41.0,15.0,16.0,26.0,26.0,8.0,10.0,22.0,17.0,2.0,6.0,4.0,8.0,748.0,613.0,35.0,31.0,130.0,92.0,393.0,317.0,40.0,0,1.0,0.0,1.0,41.0,328.60838,0.0,0.0,0.0,0.0,1.0,234.45729,0.0,0.0,9.0,0.0,0.0,0.0,1473639,258.39067,30,1,0,0,0,268.6520080566406,1340347,309.4410095214844,31,0
101190424,Ortez ve Protez,ANKARA ÜNİVERSİTESİ,4,SAYISAL,,866.0,Sağlık Bilimleri Fakültesi,,ANKARA,DEVLET,0,55.0,2.0,233.75207,199.80296,2.0,330.43292,301.42345,289213.0,55.0,41.0,36.0,16.0,22.0,14.0,15.0,37.0,35.0,3.0,2.0,3.0,5.0,900.0,669.0,57.0,59.0,167.0,155.0,501.0,377.0,55.0,0,2.0,0.0,2.0,56.0,354.32689,1.0,281.37542,0.0,0.0,1.0,200.6948,0.0,0.0,2.0,0.0,1.0,0.0,301451,307.24477,60,2,0,0,0,286.62701416015625,313853,324.49700927734375,60,2
101190425,Sosyal Güvenlik,ANKARA ÜNİVERSİTESİ,2,TYT,7,15645.0,Açık ve Uzaktan Eğitim Fakültesi,(Uzaktan Öğretim),ANKARA,DEVLET,1,103.0,3.0,0.0,0.0,0.0,370.69102,288.05833,938467.0,106.0,76.0,73.0,30.0,38.0,3.0,3.0,18.0,19.0,26.0,36.0,51.0,46.0,8340.0,10171.0,649.0,366.0,1539.0,1121.0,4384.0,4356.0,105.0,0,3.0,0.0,3.0,108.0,370.51317,0.0,0.0,0.0,0.0,3.0,257.79676,0.0,0.0,34.0,0.0,2.0,0.0,1105517,282.77821,105,3,0,0,0,297.9530029296875,909202,399.9960021972656,108,0
101190426,İnternet ve Ağ Teknolojileri,ANKARA ÜNİVERSİTESİ,2,TYT,"7, 8",15642.0,Açık ve Uzaktan Eğitim Fakültesi,(Uzaktan Öğretim),ANKARA,DEVLET,1,103.0,3.0,0.0,0.0,0.0,453.48693,280.72497,1027702.0,106.0,28.0,33.0,78.0,78.0,10.0,7.0,25.0,14.0,25.0,35.0,39.0,49.0,5590.0,6234.0,217.0,219.0,833.0,897.0,2973.0,3224.0,105.0,0,3.0,0.0,3.0,108.0,380.15272,0.0,0.0,0.0,0.0,3.0,278.7754,0.0,0.0,26.0,0.0,1.0,0.0,939596,295.35114,105,3,0,0,0,292.239990234375,985939,401.9049987792969,105,3
101190427,Arap Dili ve Edebiyatı,ANKARA ÜNİVERSİTESİ,4,DİL,7,738.0,Açık ve Uzaktan Eğitim Fakültesi,(Uzaktan Öğretim),ANKARA,DEVLET,0,100.0,3.0,0.0,0.0,0.0,499.63369,392.99845,26302.0,103.0,30.0,43.0,73.0,63.0,3.0,4.0,8.0,7.0,21.0,21.0,71.0,72.0,1080.0,1403.0,519.0,661.0,782.0,1010.0,981.0,1265.0,100.0,0,3.0,0.0,3.0,103.0,502.29492,0.0,0.0,0.0,0.0,3.0,385.42991,0.0,0.0,13.0,0.0,0.0,0.0,22863,413.55538,100,3,0,0,0,384.3630065917969,31009,519.958984375,103,0
101190428,Coğrafya,ANKARA ÜNİVERSİTESİ,4,SÖZEL,7,739.0,Açık ve Uzaktan Eğitim Fakültesi,(Uzaktan Öğretim),ANKARA,DEVLET,0,103.0,3.0,0.0,0.0,0.0,414.84193,292.33473,410711.0,106.0,54.0,61.0,52.0,48.0,5.0,2.0,21.0,15.0,30.0,22.0,40.0,62.0,2189.0,2513.0,194.0,188.0,520.0,535.0,1321.0,1407.0,103.0,0,3.0,0.0,3.0,106.0,396.00177,0.0,0.0,0.0,0.0,3.0,299.28776,0.0,0.0,35.0,0.0,0.0,0.0,301118,307.24442,100,3,0,0,0,309.1400146484375,333573,435.3739929199219,103,0
101190429,İngiliz Dili ve Edebiyatı,ANKARA ÜNİVERSİTESİ,4,DİL,"7, 22, 23, 24, 160",743.0,Açık ve Uzaktan Eğitim Fakültesi,(İngilizce) (Uzaktan Öğretim),ANKARA,DEVLET,0,100.0,3.0,0.0,0.0,0.0,487.94968,423.05419,16317.0,103.0,54.0,60.0,49.0,46.0,4.0,3.0,6.0,4.0,20.0,28.0,73.0,69.0,1669.0,1795.0,860.0,877.0,1185.0,1218.0,1489.0,1582.0,100.0,0,3.0,0.0,3.0,102.0,493.76681,1.0,324.10298,0.0,0.0,3.0,346.60165,0.0,0.0,16.0,0.0,1.0,0.0,17031,429.49299,100,3,0,0,0,416.2030029296875,18422,489.55999755859375,102,1
101190430,Rus Dili ve Edebiyatı,ANKARA ÜNİVERSİTESİ,4,DİL,"7, 22, 24, 94",745.0,Açık ve Uzaktan Eğitim Fakültesi,(Rusça) (Uzaktan Öğretim),ANKARA,DEVLET,0,100.0,3.0,0.0,0.0,0.0,502.12069,379.0415,31354.0,103.0,44.0,54.0,59.0,52.0,1.0,5.0,8.0,7.0,32.0,27.0,60.0,67.0,788.0,956.0,207.0,229.0,472.0,568.0,671.0,817.0,100.0,0,3.0,0.0,3.0,102.0,490.3287,1.0,213.70534,0.0,0.0,3.0,384.50514,0.0,0.0,18.0,0.0,0.0,0.0,29145,397.98782,100,3,0,0,0,374.1789855957031,35596,510.75201416015625,103,0
101190431,Sanat Tarihi,ANKARA ÜNİVERSİTESİ,4,SÖZEL,7,746.0,Açık ve Uzaktan Eğitim Fakültesi,(Uzaktan Öğretim),ANKARA,DEVLET,0,100.0,3.0,0.0,0.0,0.0,451.81943,342.75079,133821.0,103.0,73.0,73.0,30.0,33.0,1.0,0.0,0.0,1.0,18.0,19.0,80.0,86.0,1742.0,2113.0,298.0,389.0,552.0,699.0,1084.0,1365.0,100.0,0,3.0,0.0,3.0,103.0,457.27355,0.0,0.0,0.0,0.0,3.0,324.81486,0.0,0.0,19.0,0.0,0.0,0.0,87783,358.1258,30,1,0,0,0,406.90301513671875,24532,464.3940124511719,31,0
101190432,Sinoloji,ANKARA ÜNİVERSİTESİ,4,DİL,7,747.0,Açık ve Uzaktan Eğitim Fakültesi,(Uzaktan Öğretim),ANKARA,DEVLET,0,100.0,3.0,0.0,0.0,0.0,483.45046,347.59155,43195.0,103.0,59.0,53.0,44.0,53.0,5.0,5.0,11.0,6.0,29.0,39.0,55.0,54.0,489.0,537.0,128.0,150.0,266.0,312.0,388.0,451.0,100.0,0,3.0,0.0,3.0,103.0,502.61579,0.0,0.0,0.0,0.0,3.0,308.22164,0.0,0.0,16.0,0.0,0.0,0.0,38326,376.43428,100,3,0,0,0,359.760986328125,42285,522.9000244140625,103,0
101190433,Gazetecilik,ANKARA ÜNİVERSİTESİ,4,SÖZEL,7,741.0,Açık ve Uzaktan Eğitim Fakültesi,(Uzaktan Öğretim),ANKARA,DEVLET,0,100.0,3.0,0.0,0.0,0.0,406.64097,298.97713,361244.0,103.0,50.0,55.0,53.0,51.0,1.0,4.0,10.0,6.0,31.0,25.0,57.0,66.0,1998.0,2075.0,138.0,139.0,523.0,493.0,1247.0,1205.0,100.0,0,3.0,0.0,3.0,103.0,412.62458,0.0,0.0,0.0,0.0,3.0,298.32694,0.0,0.0,20.0,0.0,0.0,0.0,285347,309.8128,100,3,0,0,0,303.8869934082031,368280,426.4200134277344,103,0
101190434,Halkla İlişkiler ve Tanıtım,ANKARA ÜNİVERSİTESİ,4,SÖZEL,7,742.0,Açık ve Uzaktan Eğitim Fakültesi,(Uzaktan Öğretim),ANKARA,DEVLET,0,100.0,3.0,0.0,0.0,0.0,441.54832,285.86485,462652.0,103.0,56.0,52.0,47.0,54.0,4.0,8.0,33.0,16.0,17.0,27.0,32.0,44.0,3054.0,3091.0,168.0,126.0,644.0,504.0,1847.0,1571.0,100.0,0,3.0,0.0,3.0,103.0,393.78357,0.0,0.0,0.0,0.0,3.0,285.56081,0.0,0.0,26.0,0.0,0.0,0.0,420615,290.38427,100,3,0,0,0,289.9840087890625,471810,399.9570007324219,103,0
101190435,"Radyo, Televizyon ve Sinema",ANKARA ÜNİVERSİTESİ,4,SÖZEL,7,744.0,Açık ve Uzaktan Eğitim Fakültesi,(Uzaktan Öğretim),ANKARA,DEVLET,0,100.0,3.0,0.0,0.0,0.0,408.17197,310.37293,285765.0,103.0,57.0,54.0,46.0,52.0,3.0,2.0,12.0,7.0,28.0,21.0,55.0,76.0,2441.0,2472.0,173.0,164.0,693.0,662.0,1537.0,1453.0,100.0,0,3.0,0.0,3.0,103.0,427.05687,0.0,0.0,0.0,0.0,3.0,288.70039,0.0,0.0,28.0,0.0,0.0,0.0,201798,325.60623,100,3,0,0,0,322.80499267578125,255284,445.5899963378906,103,0
101190436,Sosyal Hizmet,ANKARA ÜNİVERSİTESİ,4,EŞİT AĞIRLIK,7,748.0,Açık ve Uzaktan Eğitim Fakültesi,(Uzaktan Öğretim),ANKARA,DEVLET,0,100.0,3.0,0.0,0.0,0.0,398.68609,278.31587,577050.0,103.0,77.0,85.0,26.0,21.0,5.0,1.0,9.0,7.0,19.0,18.0,67.0,76.0,5045.0,4900.0,447.0,355.0,1297.0,1179.0,3226.0,3003.0,100.0,0,3.0,0.0,3.0,103.0,389.88387,0.0,0.0,0.0,0.0,3.0,260.74857,0.0,0.0,28.0,0.0,0.0,0.0,547580,282.79935,100,3,0,0,0,275.50299072265625,547664,363.2489929199219,103,0
101190439,Büro Yönetimi ve Yönetici Asistanlığı,ANKARA ÜNİVERSİTESİ,2,TYT,7,15640.0,Açık ve Uzaktan Eğitim Fakültesi,(Uzaktan Öğretim),ANKARA,DEVLET,1,154.0,4.0,0.0,0.0,0.0,396.47814,254.22757,1437290.0,158.0,94.0,125.0,64.0,38.0,18.0,6.0,66.0,39.0,29.0,35.0,31.0,70.0,9955.0,12601.0,382.0,372.0,1422.0,1587.0,5042.0,6027.0,155.0,0,4.0,0.0,4.0,159.0,376.24854,0.0,0.0,0.0,0.0,4.0,262.10267,0.0,0.0,48.0,0.0,1.0,0.0,1291735,269.93067,155,4,0,0,0,281.9389953613281,1134022,381.5409851074219,159,0
101190440,Muhasebe ve Vergi Uygulamaları,ANKARA ÜNİVERSİTESİ,2,TYT,7,15644.0,Açık ve Uzaktan Eğitim Fakültesi,(Uzaktan Öğretim),ANKARA,DEVLET,1,154.0,4.0,0.0,0.0,0.0,393.06076,261.44408,1315764.0,158.0,89.0,99.0,69.0,64.0,22.0,15.0,71.0,46.0,23.0,42.0,30.0,43.0,8089.0,10986.0,372.0,687.0,1434.0,2655.0,4437.0,6386.0,155.0,0,4.0,0.0,4.0,158.0,412.70355,1.0,253.86,0.0,0.0,4.0,268.04001,0.0,0.0,45.0,0.0,2.0,0.0,1240628,273.34032,155,4,0,0,0,269.0150146484375,1334443,426.4469909667969,158,1
101190441,Elektronik Teknolojisi,ANKARA ÜNİVERSİTESİ,2,TYT,"7, 8",15641.0,Açık ve Uzaktan Eğitim Fakültesi,(Uzaktan Öğretim),ANKARA,DEVLET,1,154.0,4.0,0.0,0.0,0.0,458.30264,284.78445,976454.0,158.0,21.0,19.0,137.0,144.0,12.0,11.0,35.0,18.0,40.0,59.0,60.0,61.0,7731.0,6126.0,944.0,723.0,2460.0,1792.0,5295.0,3920.0,155.0,0,4.0,0.0,4.0,159.0,422.51543,0.0,0.0,0.0,0.0,4.0,236.09105,0.0,0.0,34.0,0.0,1.0,0.0,887074,299.63145,155,4,0,0,0,307.375,792232,477.4119873046875,157,2
101190514,Veteriner,ANKARA ÜNİVERSİTESİ,5,SAYISAL,"5, 22, 23, 24",889.0,Veteriner Fakültesi,(İngilizce) (KKTC Uyruklu),ANKARA,DEVLET,0,2.0,0.0,0.0,0.0,0.0,404.96241,382.6251,126882.0,2.0,1.0,2.0,1.0,1.0,1.0,3.0,1.0,0.0,0.0,0.0,0.0,0.0,25.0,17.0,11.0,6.0,13.0,8.0,22.0,15.0,3.0,0,0.0,0.0,0.0,3.0,331.29011,0.0,0.0,0.0,0.0,0.0,0.0,0.0,0.0,0.0,0.0,0.0,0.0,723066,237.99619,1,0,0,0,0,372.2510070800781,115032,372.2510070800781,1,0
101190516,Ağız ve Diş Sağlığı,ANKARA ÜNİVERSİTESİ,2,TYT,5,15697.0,Sağlık Hizmetleri Meslek Yüksekokulu,(KKTC Uyruklu),ANKARA,DEVLET,1,1.0,0.0,0.0,0.0,0.0,261.65601,261.65601,1312359.0,1.0,1.0,1.0,0.0,0.0,1.0,1.0,0.0,0.0,0.0,0.0,0.0,0.0,4.0,7.0,0.0,0.0,1.0,0.0,1.0,2.0,1.0,0,0.0,0.0,0.0,1.0,291.02038,0.0,0.0,0.0,0.0,0.0,0.0,0.0,0.0,1.0,0.0,0.0,0.0,994863,291.02038,1,0,0,0,0,303.7279968261719,835954,303.7279968261719,1,0
101190517,İlahiyat,ANKARA ÜNİVERSİTESİ,4,SÖZEL,"1, 22, 24, 152, 153",836.0,İlahiyat Fakültesi,(M.T.O.K.),ANKARA,DEVLET,0,22.0,0.0,0.0,0.0,0.0,395.78198,336.60434,156055.0,22.0,6.0,9.0,16.0,14.0,11.0,13.0,8.0,4.0,2.0,1.0,0.0,2.0,1573.0,414.0,214.0,55.0,544.0,132.0,1114.0,282.0,22.0,0,0.0,0.0,0.0,22.0,357.58745,0.0,0.0,0.0,0.0,1.0,287.22007,0.0,0.0,0.0,0.0,0.0,0.0,158005,335.86617,15,0,0,0,0,377.7040100097656,67109,401.2770080566406,15,0
101190518,Coğrafi Bilgi Sistemleri,ANKARA ÜNİVERSİTESİ,2,TYT,,15651.0,Ayaş Meslek Yüksekokulu,,ANKARA,DEVLET,1,40.0,1.0,0.0,0.0,0.0,327.48157,263.78352,1278321.0,41.0,19.0,18.0,22.0,24.0,5.0,3.0,20.0,16.0,10.0,5.0,6.0,15.0,835.0,488.0,48.0,22.0,153.0,85.0,400.0,247.0,40.0,0,1.0,0.0,1.0,41.0,379.58184,0.0,0.0,0.0,0.0,1.0,217.84988,0.0,0.0,5.0,0.0,1.0,0.0,1369078,264.91741,40,1,0,0,0,274.0660095214844,1254063,329.9630126953125,41,0
101190519,Tıbbi ve Aromatik Bitkiler,ANKARA ÜNİVERSİTESİ,2,TYT,,15687.0,Kalecik Meslek Yüksekokulu,,ANKARA,DEVLET,1,40.0,1.0,0.0,0.0,0.0,366.68618,245.32359,1600544.0,41.0,32.0,28.0,9.0,14.0,7.0,4.0,13.0,10.0,5.0,5.0,15.0,20.0,636.0,716.0,40.0,49.0,106.0,128.0,324.0,385.0,40.0,0,1.0,0.0,1.0,41.0,373.19772,0.0,0.0,0.0,0.0,1.0,229.87934,0.0,0.0,10.0,0.0,0.0,0.0,1494072,257.14559,40,1,0,0,0,262.25299072265625,1444453,373.17401123046875,41,0
101190520,Elektronik Ticaret ve Yönetimi,ANKARA ÜNİVERSİTESİ,4,EŞİT AĞIRLIK,13,740.0,Açık ve Uzaktan Eğitim Fakültesi,(Açıköğretim),ANKARA,DEVLET,0,400.0,10.0,0.0,0.0,0.0,408.26098,240.76474,996018.0,410.0,99.0,130.0,311.0,290.0,28.0,18.0,107.0,86.0,70.0,97.0,173.0,198.0,7903.0,7126.0,650.0,532.0,1548.0,1347.0,4494.0,3832.0,400.0,0,10.0,0.0,10.0,410.0,368.46978,0.0,0.0,0.0,0.0,10.0,228.48534,0.0,0.0,101.0,0.0,2.0,0.0,975781,242.7243,1000,25,0,0,0,215.9429931640625,1303757,368.87200927734375,1024,1
101190521,Yönetim Bilişim Sistemleri,ANKARA ÜNİVERSİTESİ,4,EŞİT AĞIRLIK,13,749.0,Açık ve Uzaktan Eğitim Fakültesi,(Açıköğretim),ANKARA,DEVLET,0,400.0,10.0,0.0,0.0,0.0,358.68916,253.99445,829209.0,410.0,117.0,177.0,293.0,243.0,24.0,20.0,91.0,77.0,95.0,119.0,166.0,180.0,10458.0,10187.0,519.0,734.0,3132.0,3547.0,6553.0,6907.0,400.0,0,10.0,0.0,10.0,408.0,394.24947,2.0,230.30497,0.0,0.0,10.0,234.06643,0.0,0.0,95.0,0.0,3.0,0.0,702034,266.48317,200,5,0,0,0,273.89801025390625,563037,382.7300109863281,204,1
101190528,Kore Dili ve Edebiyatı,ANKARA ÜNİVERSİTESİ,4,DİL,"5, 159",784.0,Dil ve Tarih Coğrafya Fakültesi,(KKTC Uyruklu),ANKARA,DEVLET,0,1.0,0.0,0.0,0.0,0.0,212.48234,212.48234,104587.0,1.0,1.0,1.0,0.0,0.0,0.0,0.0,1.0,0.0,0.0,1.0,0.0,0.0,2.0,5.0,1.0,0.0,1.0,1.0,1.0,4.0,1.0,0,0.0,0.0,0.0,1.0,313.50061,0.0,0.0,0.0,0.0,0.0,0.0,0.0,0.0,0.0,0.0,0.0,0.0,67471,313.50061,1,0,0,0,0,305.9989929199219,69717,305.9989929199219,1,0
101190549,Bilgi Yönetimi,ANKARA ÜNİVERSİTESİ,2,TYT,13,15637.0,Açık ve Uzaktan Eğitim Fakültesi,(Açıköğretim),ANKARA,DEVLET,1,250.0,7.0,0.0,0.0,0.0,425.86042,257.00326,1385950.0,257.0,78.0,100.0,179.0,164.0,19.0,17.0,129.0,103.0,50.0,66.0,27.0,52.0,23991.0,19086.0,917.0,563.0,3060.0,1797.0,10234.0,7463.0,250.0,0,7.0,0.0,7.0,256.0,396.10155,1.0,246.25344,0.0,0.0,7.0,256.8947,0.0,0.0,73.0,0.0,1.0,0.0,1371874,264.73502,1000,25,0,0,0,240.08599853515625,1827950,409.9129943847656,1025,0
101190556,Spor Yönetimi,ANKARA ÜNİVERSİTESİ,2,TYT,13,15646.0,Açık ve Uzaktan Eğitim Fakültesi,(Açıköğretim),ANKARA,DEVLET,1,250.0,7.0,0.0,0.0,0.0,407.98458,262.45952,1299408.0,257.0,65.0,69.0,192.0,195.0,29.0,1.0,108.0,76.0,60.0,84.0,48.0,55.0,31014.0,20428.0,2309.0,1191.0,7892.0,4557.0,17234.0,10814.0,250.0,0,7.0,0.0,7.0,257.0,368.90642,0.0,0.0,0.0,0.0,7.0,252.75695,0.0,0.0,68.0,0.0,2.0,0.0,1251961,272.57903,100,3,0,0,0,293.385986328125,970259,392.125,103,0
101190563,Mekatronik,ANKARA ÜNİVERSİTESİ,2,TYT,321,15633.0,1. Organize Sanayi Bölgesi Meslek Yüksekokulu,,ANKARA,DEVLET,1,40.0,1.0,302.59243,302.59243,1.0,390.96803,316.94905,633171.0,40.0,4.0,7.0,37.0,35.0,17.0,10.0,21.0,21.0,2.0,7.0,1.0,1.0,3814.0,1626.0,513.0,113.0,1104.0,365.0,2444.0,1098.0,40.0,0,1.0,0.0,1.0,40.0,360.01377,1.0,287.17443,0.0,0.0,1.0,202.93094,0.0,0.0,0.0,0.0,1.0,0.0,580310,329.42273,40,1,0,0,0,336.218994140625,509324,389.5849914550781,40,1
101190570,İnşaat Mühendisliği,ANKARA ÜNİVERSİTESİ,4,SAYISAL,144,854.0,Mühendislik Fakültesi,,ANKARA,DEVLET,0,35.0,1.0,0.0,0.0,0.0,401.99391,345.78229,183552.0,36.0,8.0,8.0,28.0,28.0,18.0,17.0,15.0,17.0,0.0,1.0,3.0,0.0,558.0,1520.0,48.0,58.0,130.0,259.0,327.0,904.0,35.0,0,0.0,0.0,1.0,35.0,434.05279,1.0,318.12989,0.0,0.0,0.0,0.0,0.0,0.0,0.0,0.0,0.0,0.0,153642,369.50856,35,1,0,0,0,360.7019958496094,131158,395.010009765625,36,0
101190577,Yapay Zeka ve Veri Mühendisliği,ANKARA ÜNİVERSİTESİ,4,SAYISAL,"144, 320",859.0,Mühendislik Fakültesi,,ANKARA,DEVLET,0,25.0,1.0,467.44063,467.44063,1.0,519.68874,489.7373,24481.0,25.0,8.0,5.0,18.0,21.0,16.0,12.0,9.0,14.0,1.0,0.0,0.0,0.0,4129.0,1012.0,1167.0,85.0,2384.0,239.0,3419.0,615.0,25.0,0,0.0,0.0,1.0,25.0,528.62664,1.0,486.42886,0.0,0.0,0.0,0.0,0.0,0.0,0.0,0.0,0.0,0.0,18220,500.62803,30,1,0,0,0,474.5610046386719,22664,502.14898681640625,30,1
101190584,Yazılım Mühendisliği,ANKARA ÜNİVERSİTESİ,4,SAYISAL,144,860.0,Mühendislik Fakültesi,,ANKARA,DEVLET,0,25.0,1.0,463.75664,463.75664,1.0,497.96772,477.77924,33483.0,25.0,5.0,12.0,21.0,29.0,11.0,22.0,14.0,17.0,0.0,1.0,1.0,1.0,10797.0,2381.0,3373.0,291.0,6335.0,675.0,9107.0,1591.0,40.0,0,0.0,0.0,1.0,40.0,516.22167,1.0,473.41312,0.0,0.0,0.0,0.0,0.0,0.0,0.0,0.0,0.0,0.0,25681,489.34316,65,2,0,0,0,454.6310119628906,35288,482.54901123046875,65,2
101190591,Laborant ve Veteriner Sağlık,ANKARA ÜNİVERSİTESİ,2,TYT,13,15643.0,Açık ve Uzaktan Eğitim Fakültesi,(Açıköğretim),ANKARA,DEVLET,1,1000.0,25.0,0.0,0.0,0.0,419.86963,253.86084,1443552.0,1025.0,638.0,694.0,387.0,356.0,101.0,90.0,461.0,334.0,179.0,272.0,186.0,247.0,42096.0,40288.0,2715.0,1903.0,9049.0,6625.0,24087.0,20910.0,1000.0,0,25.0,0.0,25.0,1025.0,436.54974,0.0,0.0,0.0,0.0,25.0,253.16222,0.0,0.0,300.0,0.0,8.0,0.0,1414873,262.01443,1000,25,0,0,0,259.76300048828125,1485938,466.8070068359375,1025,0
101190598,Bilgisayar Mühendisliği,ANKARA ÜNİVERSİTESİ,4,SAYISAL,"22, 23, 24, 144, 164, 299",848.0,Mühendislik Fakültesi,(İngilizce) (UOLP-Azerbaycan Teknik Üniversitesi) (Ücretli),ANKARA,DEVLET,0,5.0,0.0,0.0,0.0,0.0,439.14395,386.60137,121938.0,5.0,0.0,0.0,5.0,5.0,2.0,2.0,3.0,3.0,0.0,0.0,0.0,0.0,33.0,78.0,11.0,16.0,18.0,36.0,27.0,59.0,5.0,0,0.0,0.0,0.0,5.0,445.93062,0.0,0.0,0.0,0.0,0.0,0.0,0.0,0.0,0.0,0.0,0.0,0.0,78262,428.96009,5,0,0,0,0,415.3940124511719,67246,445.72601318359375,5,0
101190612,Web Tasarımı ve Kodlama,ANKARA ÜNİVERSİTESİ,2,TYT,13,15649.0,Açık ve Uzaktan Eğitim Fakültesi,(Açıköğretim),ANKARA,DEVLET,1,,,,,,,,,,,759.0,,1341.0,,188.0,,827.0,,445.0,,455.0,,53413.0,,5972.0,,16528.0,,32822.0,2000.0,0,50.0,0.0,50.0,2050.0,440.8255,0.0,0.0,0.0,0.0,50.0,243.76658,0.0,0.0,519.0,0.0,20.0,0.0,1519259,255.61809,3000,75,0,0,0,239.56399536132812,1837231,445.27099609375,3074,1
101190619,Yunan Dili ve Edebiyatı,ANKARA ÜNİVERSİTESİ,4,DİL,"5, 168",799.0,Dil ve Tarih Coğrafya Fakültesi,(KKTC Uyruklu),ANKARA,DEVLET,0,,,,,,,,,,,1.0,,0.0,,1.0,,0.0,,0.0,,0.0,,7.0,,0.0,,1.0,,4.0,1.0,0,0.0,0.0,0.0,1.0,259.30777,0.0,0.0,0.0,0.0,0.0,0.0,0.0,0.0,1.0,0.0,0.0,0.0,97705,259.30777,1,0,0,0,0,330.1310119628906,56938,330.1310119628906,1,0
101190626,Astronomi ve Uzay Bilimleri,ANKARA ÜNİVERSİTESİ,4,SAYISAL,5,817.0,Fen Fakültesi,(KKTC Uyruklu),ANKARA,DEVLET,0,,,,,,,,,,,1.0,,0.0,,1.0,,0.0,,0.0,,0.0,,6.0,,0.0,,0.0,,2.0,1.0,0,0.0,0.0,0.0,1.0,215.0053,0.0,0.0,0.0,0.0,0.0,0.0,0.0,0.0,0.0,0.0,0.0,0.0,998122,215.0053,1,0,0,0,0,252.88499450683594,506806,252.88499450683594,1,0
101190633,Bilgisayar Bilimleri,ANKARA ÜNİVERSİTESİ,4,SAYISAL,,818.0,Fen Fakültesi,,ANKARA,DEVLET,0,,,,,,,,,,,10.0,,22.0,,11.0,,20.0,,1.0,,0.0,,5892.0,,1568.0,,3195.0,,4945.0,30.0,0,1.0,0.0,1.0,30.0,462.94666,1.0,369.14285,0.0,0.0,1.0,231.53275,0.0,0.0,0.0,0.0,1.0,0.0,72896,434.27772,35,1,0,0,0,416.1109924316406,66547,461.9159851074219,35,1
101190640,Sosyal Güvenlik,ANKARA ÜNİVERSİTESİ,2,TYT,5,15654.0,Ayaş Meslek Yüksekokulu,(KKTC Uyruklu),ANKARA,DEVLET,1,,,,,,,,,,,0.0,,0.0,,0.0,,0.0,,0.0,,0.0,,0.0,,0.0,,0.0,,0.0,1.0,0,0.0,0.0,0.0,0.0,0.0,0.0,0.0,0.0,0.0,0.0,0.0,0.0,0.0,1.0,0.0,0.0,0.0,0,0.0,1,0,0,0,0,0.0,0,0.0,0,0
101190647,Süt ve Besi Hayvancılığı,ANKARA ÜNİVERSİTESİ,2,TYT,,15656.0,Bala Meslek Yüksekokulu,,ANKARA,DEVLET,1,,,,,,,,,,,13.0,,19.0,,6.0,,15.0,,1.0,,7.0,,1658.0,,93.0,,296.0,,808.0,30.0,0,1.0,0.0,1.0,30.0,310.54765,1.0,198.45865,0.0,0.0,1.0,229.57036,0.0,0.0,7.0,0.0,0.0,0.0,1837228,237.50024,30,1,0,0,0,246.7429962158203,1709682,434.177001953125,31,0
101190654,Bağcılık ve Bağ Ürünleri Teknolojisi,ANKARA ÜNİVERSİTESİ,2,TYT,,15682.0,Kalecik Meslek Yüksekokulu,,ANKARA,DEVLET,1,,,,,,,,,,,9.0,,23.0,,0.0,,17.0,,2.0,,13.0,,1591.0,,68.0,,266.0,,804.0,30.0,0,1.0,0.0,1.0,31.0,346.61542,0.0,0.0,0.0,0.0,1.0,235.53584,0.0,0.0,9.0,0.0,0.0,0.0,1842081,237.24274,35,1,0,0,0,248.14700317382812,1684935,388.47100830078125,36,0
101190661,İş ve Uğraşı Terapisi,ANKARA ÜNİVERSİTESİ,2,TYT,,15690.0,Kızılcahamam Sağlık Hizmetleri Meslek Yüksekokulu,,ANKARA,DEVLET,1,,,,,,,,,,,41.0,,13.0,,10.0,,23.0,,9.0,,10.0,,2726.0,,178.0,,573.0,,1469.0,50.0,0,2.0,0.0,2.0,52.0,359.55184,0.0,0.0,0.0,0.0,2.0,236.27052,0.0,0.0,5.0,0.0,1.0,0.0,1013158,289.61744,50,2,0,0,0,305.84698486328125,810335,363.5929870605469,52,0
101190668,Podoloji,ANKARA ÜNİVERSİTESİ,2,TYT,,15691.0,Kızılcahamam Sağlık Hizmetleri Meslek Yüksekokulu,,ANKARA,DEVLET,1,,,,,,,,,,,37.0,,17.0,,6.0,,31.0,,4.0,,13.0,,4253.0,,426.0,,1042.0,,2564.0,50.0,0,2.0,0.0,2.0,51.0,368.22456,1.0,286.60321,0.0,0.0,2.0,267.66568,0.0,0.0,4.0,0.0,0.0,0.0,904145,298.2078,50,2,0,0,0,308.8900146484375,774662,412.0979919433594,52,0
101190675,Siber Güvenlik Analistliği ve Operatörlüğü,ANKARA ÜNİVERSİTESİ,2,TYT,"22, 24, 34, 320",15706.0,Siber Güvenlik Meslek Yüksekokulu,,ANKARA,DEVLET,1,,,,,,,,,,,5.0,,22.0,,9.0,,12.0,,3.0,,2.0,,16141.0,,3664.0,,8152.0,,12751.0,25.0,0,1.0,0.0,1.0,25.0,485.98371,1.0,380.55855,0.0,0.0,1.0,313.02683,0.0,0.0,0.0,0.0,0.0,0.0,131890,423.17491,25,1,0,0,0,418.2829895019531,143464,474.1600036621094,25,1
101190682,Ceza İnfaz ve Güvenlik Hizmetleri,ANKARA ÜNİVERSİTESİ,2,TYT,"17, 313",15671.0,Elmadağ Meslek Yüksekokulu,,ANKARA,DEVLET,1,,,,,,,,,,,,,,,,,,,,,,,,,,,,,,,,,,,,,,,,,,,,,,,,,0,0.0,80,2,0,0,0,309.1600036621094,771529,411.4570007324219,80,2
101190689,Coğrafya,ANKARA ÜNİVERSİTESİ,4,SÖZEL,"5, 22, 23, 24",761.0,Dil ve Tarih Coğrafya Fakültesi,(İngilizce)KKTC Uyruklu,ANKARA,DEVLET,0,,,,,,,,,,,,,,,,,,,,,,,,,,,,,,,,,,,,,,,,,,,,,,,,,0,0.0,1,0,0,0,0,353.24200439453125,129428,353.24200439453125,1,0
101190696,Halkbilimi,ANKARA ÜNİVERSİTESİ,4,SÖZEL,5,774.0,Dil ve Tarih Coğrafya Fakültesi,(KKTC UYRUKLU),ANKARA,DEVLET,0,,,,,,,,,,,,,,,,,,,,,,,,,,,,,,,,,,,,,,,,,,,,,,,,,0,0.0,1,0,0,0,0,271.78900146484375,634741,271.78900146484375,1,0
101190703,Yeni Medya ve İletişim,ANKARA ÜNİVERSİTESİ,4,SÖZEL,,842.0,İletişim Fakültesi,,ANKARA,DEVLET,0,,,,,,,,,,,,,,,,,,,,,,,,,,,,,,,,,,,,,,,,,,,,,,,,,0,0.0,30,1,0,0,0,406.8789978027344,24554,462.0660095214844,30,1
101190710,İnşaat Mühendisliği,ANKARA ÜNİVERSİTESİ,4,SAYISAL,"5, 144",855.0,Mühendislik Fakültesi,(KKTC UYRUKLU),ANKARA,DEVLET,0,,,,,,,,,,,,,,,,,,,,,,,,,,,,,,,,,,,,,,,,,,,,,,,,,0,0.0,1,0,0,0,0,335.9159851074219,173590,335.9159851074219,1,0
101190717,Yazılım Mühendisliği,ANKARA ÜNİVERSİTESİ,4,SAYISAL,"5, 144",861.0,Mühendislik Fakültesi,(KKTC UYRUKLU),ANKARA,DEVLET,0,,,,,,,,,,,,,,,,,,,,,,,,,,,,,,,,,,,,,,,,,,,,,,,,,0,0.0,2,0,0,0,0,300.18798828125,264389,348.87298583984375,2,0
101190724,Odyoloji,ANKARA ÜNİVERSİTESİ,4,SAYISAL,,865.0,Sağlık Bilimleri Fakültesi,,ANKARA,DEVLET,0,,,,,,,,,,,,,,,,,,,,,,,,,,,,,,,,,,,,,,,,,,,,,,,,,0,0.0,30,1,0,0,0,306.5950012207031,244541,331.6709899902344,30,1
101190731,Çalışma Ekonomisi ve Endüstri İlişkileri,ANKARA ÜNİVERSİTESİ,4,EŞİT AĞIRLIK,"22, 24, 34",870.0,Siyasal Bilgiler Fakültesi,,ANKARA,DEVLET,0,,,,,,,,,,,,,,,,,,,,,,,,,,,,,,,,,,,,,,,,,,,,,,,,,0,0.0,65,2,0,0,0,343.3869934082031,145432,376.7349853515625,65,2
101190738,İktisat,ANKARA ÜNİVERSİTESİ,4,EŞİT AĞIRLIK,"22, 24, 34",871.0,Siyasal Bilgiler Fakültesi,,ANKARA,DEVLET,0,,,,,,,,,,,,,,,,,,,,,,,,,,,,,,,,,,,,,,,,,,,,,,,,,0,0.0,60,2,0,0,0,377.84600830078125,65242,400.1839904785156,60,2
101190745,İşletme,ANKARA ÜNİVERSİTESİ,4,EŞİT AĞIRLIK,"22, 24, 34",872.0,Siyasal Bilgiler Fakültesi,,ANKARA,DEVLET,0,,,,,,,,,,,,,,,,,,,,,,,,,,,,,,,,,,,,,,,,,,,,,,,,,0,0.0,70,2,0,0,0,376.82501220703125,66957,412.88800048828125,70,2
101190752,Maliye,ANKARA ÜNİVERSİTESİ,4,EŞİT AĞIRLIK,"22, 24, 34",874.0,Siyasal Bilgiler Fakültesi,,ANKARA,DEVLET,0,,,,,,,,,,,,,,,,,,,,,,,,,,,,,,,,,,,,,,,,,,,,,,,,,0,0.0,70,2,0,0,0,365.1000061035156,89415,397.7349853515625,70,2
101190759,Siyaset Bilimi ve Kamu Yönetimi,ANKARA ÜNİVERSİTESİ,4,EŞİT AĞIRLIK,"22, 24, 34",876.0,Siyasal Bilgiler Fakültesi,,ANKARA,DEVLET,0,,,,,,,,,,,,,,,,,,,,,,,,,,,,,,,,,,,,,,,,,,,,,,,,,0,0.0,70,2,0,0,0,393.8330078125,41745,455.2860107421875,70,2
101190766,Uluslararası İlişkiler,ANKARA ÜNİVERSİTESİ,4,EŞİT AĞIRLIK,"22, 24, 34",877.0,Siyasal Bilgiler Fakültesi,,ANKARA,DEVLET,0,,,,,,,,,,,,,,,,,,,,,,,,,,,,,,,,,,,,,,,,,,,,,,,,,0,0.0,65,2,0,0,0,383.0429992675781,56929,446.26300048828125,65,2
104110015,Diş Hekimliği,GAZİ ÜNİVERSİTESİ,5,SAYISAL,147,3101.0,Diş Hekimliği Fakültesi,,ANKARA,DEVLET,0,140.0,4.0,484.49349,482.51669,4.0,502.03425,489.19836,24864.0,140.0,86.0,83.0,58.0,61.0,66.0,81.0,74.0,61.0,3.0,0.0,1.0,1.0,4585.0,3650.0,157.0,183.0,1019.0,817.0,2622.0,1947.0,140.0,0,0.0,0.0,4.0,140.0,501.71377,4.0,480.60391,0.0,0.0,0.0,0.0,0.0,0.0,0.0,0.0,0.0,0.0,25739,489.27194,140,4,0,0,0,469.0409851074219,25820,480.9519958496094,140,4
104110024,Eczacılık,GAZİ ÜNİVERSİTESİ,5,SAYISAL,"148, 149",3103.0,Eczacılık Fakültesi,,ANKARA,DEVLET,0,120.0,3.0,463.19609,456.00478,3.0,476.45269,464.78508,44007.0,120.0,93.0,97.0,30.0,26.0,46.0,46.0,73.0,75.0,3.0,2.0,1.0,0.0,4019.0,4132.0,100.0,144.0,584.0,652.0,2008.0,1923.0,120.0,0,0.0,0.0,3.0,120.0,500.12952,3.0,449.49019,0.0,0.0,0.0,0.0,0.0,0.0,0.0,0.0,0.0,0.0,44509,465.40914,70,2,0,0,0,441.43499755859375,44957,508.3479919433594,70,2
104110078,Biyoloji,GAZİ ÜNİVERSİTESİ,4,SAYISAL,,3105.0,Fen Fakültesi,,ANKARA,DEVLET,0,60.0,2.0,0.0,0.0,0.0,362.27559,316.28773,247816.0,62.0,49.0,56.0,13.0,7.0,26.0,24.0,34.0,32.0,1.0,3.0,0.0,4.0,1755.0,1289.0,77.0,64.0,337.0,263.0,1064.0,788.0,60.0,0,2.0,0.0,2.0,61.0,376.0609,1.0,310.7451,0.0,0.0,1.0,174.63655,0.0,0.0,1.0,0.0,1.0,0.0,220391,335.5266,60,2,0,0,0,311.10400390625,231792,376.89898681640625,61,1
104110103,Fizik,GAZİ ÜNİVERSİTESİ,4,SAYISAL,,3108.0,Fen Fakültesi,,ANKARA,DEVLET,0,40.0,1.0,0.0,0.0,0.0,340.26361,298.82989,297168.0,41.0,15.0,15.0,26.0,26.0,12.0,10.0,24.0,23.0,3.0,3.0,2.0,3.0,1038.0,1070.0,51.0,67.0,209.0,234.0,621.0,645.0,40.0,0,1.0,0.0,1.0,41.0,431.33943,0.0,0.0,0.0,0.0,0.0,0.0,0.0,0.0,0.0,0.0,1.0,0.0,235472,329.43839,40,1,0,0,0,312.677001953125,227424,377.7760009765625,40,1
104110112,İstatistik,GAZİ ÜNİVERSİTESİ,4,SAYISAL,,3109.0,Fen Fakültesi,,ANKARA,DEVLET,0,80.0,2.0,255.71257,255.51968,2.0,366.0542,324.07538,228822.0,80.0,39.0,38.0,43.0,44.0,29.0,27.0,50.0,52.0,2.0,2.0,1.0,0.0,2067.0,2401.0,141.0,96.0,489.0,512.0,1313.0,1453.0,80.0,0,2.0,0.0,2.0,81.0,409.7323,1.0,302.91931,0.0,0.0,0.0,0.0,0.0,0.0,1.0,0.0,2.0,0.0,133488,382.86474,85,3,0,0,0,367.5929870605469,121228,413.8429870605469,85,3
104110121,Kimya,GAZİ ÜNİVERSİTESİ,4,SAYISAL,,3110.0,Fen Fakültesi,,ANKARA,DEVLET,0,60.0,2.0,256.83677,241.44481,2.0,385.9079,319.11319,240783.0,60.0,49.0,50.0,13.0,12.0,24.0,17.0,35.0,41.0,0.0,2.0,2.0,2.0,2428.0,1810.0,116.0,83.0,474.0,350.0,1445.0,1061.0,60.0,0,2.0,0.0,2.0,61.0,387.09897,1.0,285.0963,0.0,0.0,0.0,0.0,0.0,0.0,1.0,0.0,2.0,0.0,185112,351.80319,50,2,0,0,0,342.3450012207031,161357,369.50799560546875,50,2
104110139,Matematik,GAZİ ÜNİVERSİTESİ,4,SAYISAL,,3111.0,Fen Fakültesi,,ANKARA,DEVLET,0,90.0,3.0,310.75999,297.19197,3.0,413.22594,359.73398,159518.0,90.0,59.0,58.0,34.0,36.0,22.0,1.0,60.0,67.0,5.0,7.0,3.0,2.0,2796.0,2162.0,279.0,145.0,754.0,491.0,1752.0,1360.0,90.0,0,3.0,0.0,3.0,91.0,447.76029,2.0,269.00368,0.0,0.0,1.0,284.03715,0.0,0.0,3.0,0.0,2.0,0.0,134061,382.48538,70,2,0,0,0,357.7929992675781,135518,410.5050048828125,70,2
104110193,Almanca Öğretmenliği,GAZİ ÜNİVERSİTESİ,4,DİL,"1, 22, 24, 150, 151, 159",3113.0,Gazi Eğitim Fakültesi,,ANKARA,DEVLET,0,50.0,2.0,0.0,0.0,0.0,473.94962,384.52158,29362.0,52.0,27.0,29.0,25.0,23.0,21.0,27.0,20.0,15.0,7.0,3.0,4.0,6.0,1191.0,1205.0,88.0,90.0,306.0,333.0,789.0,853.0,50.0,0,0.0,0.0,2.0,52.0,467.55657,0.0,0.0,0.0,0.0,0.0,0.0,0.0,0.0,4.0,0.0,0.0,0.0,27047,403.07459,50,2,0,0,0,401.5719909667969,23914,453.07598876953125,52,0
104110209,Arapça Öğretmenliği,GAZİ ÜNİVERSİTESİ,4,DİL,"1, 22, 24, 150, 151, 159",3114.0,Gazi Eğitim Fakültesi,,ANKARA,DEVLET,0,60.0,2.0,348.43714,262.18598,2.0,466.45543,358.77869,38915.0,60.0,37.0,39.0,25.0,23.0,31.0,25.0,14.0,20.0,8.0,2.0,7.0,13.0,627.0,570.0,203.0,149.0,377.0,290.0,537.0,471.0,60.0,0,0.0,0.0,2.0,60.0,453.47113,2.0,254.03899,0.0,0.0,0.0,0.0,0.0,0.0,7.0,0.0,0.0,0.0,43323,365.09554,50,2,0,0,0,355.42999267578125,44338,423.1709899902344,50,2
104110218,Bilgisayar ve Öğretim Teknolojileri Öğretmenliği,GAZİ ÜNİVERSİTESİ,4,SAYISAL,"1, 150, 151",3115.0,Gazi Eğitim Fakültesi,,ANKARA,DEVLET,0,20.0,1.0,0.0,0.0,0.0,341.4738,313.4714,254931.0,21.0,8.0,12.0,13.0,14.0,6.0,7.0,14.0,15.0,0.0,2.0,1.0,2.0,326.0,536.0,4.0,14.0,21.0,86.0,111.0,281.0,25.0,0,0.0,0.0,1.0,26.0,425.31114,0.0,0.0,0.0,0.0,0.0,0.0,0.0,0.0,3.0,0.0,0.0,0.0,209122,340.37018,25,1,0,0,0,321.3370056152344,205289,346.4150085449219,26,0
104110227,Biyoloji Öğretmenliği,GAZİ ÜNİVERSİTESİ,4,SAYISAL,"1, 150",3116.0,Gazi Eğitim Fakültesi,,ANKARA,DEVLET,0,20.0,1.0,0.0,0.0,0.0,339.148,326.50923,223165.0,21.0,18.0,22.0,3.0,9.0,7.0,10.0,14.0,16.0,0.0,5.0,0.0,0.0,343.0,378.0,4.0,8.0,31.0,36.0,124.0,155.0,30.0,0,0.0,0.0,1.0,31.0,345.7328,0.0,0.0,0.0,0.0,0.0,0.0,0.0,0.0,1.0,0.0,0.0,0.0,225234,333.53485,25,1,0,0,0,299.0119934082031,268344,328.8370056152344,26,0
104110236,Coğrafya Öğretmenliği,GAZİ ÜNİVERSİTESİ,4,SÖZEL,"1, 150, 151",3117.0,Gazi Eğitim Fakültesi,,ANKARA,DEVLET,0,20.0,1.0,319.27506,319.27506,1.0,490.26977,397.56143,24858.0,20.0,11.0,19.0,10.0,12.0,10.0,9.0,8.0,14.0,1.0,3.0,1.0,5.0,630.0,505.0,65.0,62.0,166.0,162.0,396.0,348.0,30.0,0,0.0,0.0,1.0,30.0,445.39864,1.0,326.88924,0.0,0.0,0.0,0.0,0.0,0.0,2.0,0.0,0.0,0.0,23339,397.68563,25,1,0,0,0,406.6960144042969,24723,444.3789978027344,26,0
104110245,Felsefe Grubu Öğretmenliği,GAZİ ÜNİVERSİTESİ,4,EŞİT AĞIRLIK,"1, 150, 151",3118.0,Gazi Eğitim Fakültesi,,ANKARA,DEVLET,0,20.0,1.0,0.0,0.0,0.0,370.50738,325.70074,268523.0,21.0,13.0,17.0,8.0,4.0,7.0,5.0,10.0,11.0,2.0,1.0,1.0,4.0,125.0,111.0,7.0,6.0,17.0,15.0,53.0,61.0,20.0,0,0.0,0.0,1.0,21.0,352.81054,0.0,0.0,0.0,0.0,0.0,0.0,0.0,0.0,0.0,0.0,0.0,0.0,252582,327.30706,20,1,0,0,0,312.114990234375,275788,339.19000244140625,21,0
104110254,Fen Bilgisi Öğretmenliği,GAZİ ÜNİVERSİTESİ,4,SAYISAL,"1, 150",3119.0,Gazi Eğitim Fakültesi,,ANKARA,DEVLET,0,60.0,2.0,316.15707,313.9515,2.0,393.30506,361.87792,156295.0,60.0,55.0,57.0,7.0,15.0,30.0,30.0,31.0,38.0,1.0,2.0,0.0,2.0,657.0,748.0,31.0,57.0,154.0,192.0,379.0,414.0,70.0,0,0.0,0.0,2.0,72.0,416.43259,0.0,0.0,0.0,0.0,0.0,0.0,0.0,0.0,0.0,0.0,0.0,0.0,162093,364.42513,50,2,0,0,0,290.34600830078125,299282,363.7929992675781,31,0
104110263,Fizik Öğretmenliği,GAZİ ÜNİVERSİTESİ,4,SAYISAL,"1, 150, 151",3120.0,Gazi Eğitim Fakültesi,,ANKARA,DEVLET,0,20.0,1.0,0.0,0.0,0.0,408.59497,354.51572,168181.0,21.0,9.0,15.0,12.0,16.0,3.0,14.0,17.0,17.0,1.0,0.0,0.0,0.0,437.0,310.0,24.0,17.0,74.0,61.0,211.0,172.0,30.0,0,0.0,0.0,1.0,31.0,390.09247,0.0,0.0,0.0,0.0,0.0,0.0,0.0,0.0,0.0,0.0,0.0,0.0,168383,360.80637,25,1,0,0,0,323.89801025390625,199203,355.9389953613281,26,0
104110272,Fransızca Öğretmenliği,GAZİ ÜNİVERSİTESİ,4,DİL,"1, 22, 24, 150, 159, 171",3122.0,Gazi Eğitim Fakültesi,,ANKARA,DEVLET,0,40.0,1.0,0.0,0.0,0.0,434.91645,373.56064,33367.0,41.0,26.0,30.0,15.0,11.0,13.0,12.0,15.0,21.0,6.0,5.0,7.0,2.0,656.0,745.0,31.0,36.0,113.0,138.0,402.0,477.0,40.0,0,0.0,0.0,1.0,41.0,416.78661,0.0,0.0,0.0,0.0,0.0,0.0,0.0,0.0,4.0,0.0,0.0,0.0,29603,396.86995,40,1,0,0,0,396.2539978027344,26041,438.38299560546875,41,0
104110299,İlköğretim Matematik Öğretmenliği,GAZİ ÜNİVERSİTESİ,4,SAYISAL,"1, 150",3123.0,Gazi Eğitim Fakültesi,,ANKARA,DEVLET,0,70.0,2.0,433.63168,431.21301,2.0,459.6907,446.37132,59843.0,70.0,58.0,62.0,14.0,20.0,26.0,1.0,46.0,44.0,0.0,2.0,0.0,0.0,1632.0,1428.0,163.0,142.0,553.0,456.0,1054.0,856.0,80.0,0,0.0,0.0,2.0,80.0,463.18921,2.0,428.82603,0.0,0.0,0.0,0.0,0.0,0.0,0.0,0.0,0.0,0.0,61713,446.15217,50,2,0,0,0,392.5150146484375,90717,424.14599609375,50,2
104110306,İngilizce Öğretmenliği,GAZİ ÜNİVERSİTESİ,4,DİL,"1, 22, 24, 150, 151, 160",3124.0,Gazi Eğitim Fakültesi,,ANKARA,DEVLET,0,120.0,3.0,446.07103,432.28096,3.0,472.28574,447.42488,10012.0,120.0,90.0,85.0,33.0,38.0,80.0,78.0,33.0,38.0,6.0,6.0,3.0,0.0,2445.0,2230.0,385.0,468.0,1102.0,1095.0,2095.0,1950.0,120.0,0,0.0,0.0,3.0,120.0,492.71047,3.0,445.91035,0.0,0.0,0.0,0.0,0.0,0.0,2.0,0.0,0.0,0.0,9229,456.7284,50,2,0,0,0,463.8210144042969,6021,479.1929931640625,50,2
104110315,Kimya Öğretmenliği,GAZİ ÜNİVERSİTESİ,4,SAYISAL,"1, 150, 151",3125.0,Gazi Eğitim Fakültesi,,ANKARA,DEVLET,0,20.0,1.0,0.0,0.0,0.0,399.38944,351.0592,174134.0,21.0,18.0,23.0,3.0,8.0,9.0,8.0,11.0,22.0,1.0,0.0,0.0,1.0,530.0,364.0,13.0,8.0,76.0,42.0,237.0,172.0,30.0,0,0.0,0.0,1.0,31.0,379.76594,0.0,0.0,0.0,0.0,0.0,0.0,0.0,0.0,0.0,0.0,0.0,0.0,184392,352.17219,20,1,0,0,0,306.0450134277344,246115,340.5190124511719,21,0
104110324,Matematik Öğretmenliği,GAZİ ÜNİVERSİTESİ,4,SAYISAL,"1, 150, 151",3126.0,Gazi Eğitim Fakültesi,,ANKARA,DEVLET,0,20.0,1.0,415.3138,415.3138,1.0,459.15872,450.51239,56137.0,20.0,12.0,22.0,9.0,9.0,9.0,14.0,10.0,16.0,1.0,1.0,0.0,0.0,682.0,542.0,49.0,42.0,177.0,130.0,378.0,279.0,30.0,0,0.0,0.0,1.0,30.0,488.00438,1.0,416.35837,0.0,0.0,0.0,0.0,0.0,0.0,0.0,0.0,0.0,0.0,57418,450.81408,30,1,0,0,0,398.62799072265625,84115,442.4309997558594,30,1
104110333,Rehberlik ve Psikolojik Danışmanlık,GAZİ ÜNİVERSİTESİ,4,EŞİT AĞIRLIK,"150, 151",3130.0,Gazi Eğitim Fakültesi,,ANKARA,DEVLET,0,80.0,2.0,382.63074,379.85627,2.0,434.86242,392.07667,72256.0,80.0,66.0,71.0,16.0,11.0,33.0,42.0,40.0,34.0,4.0,2.0,3.0,4.0,1603.0,2242.0,121.0,201.0,404.0,688.0,974.0,1468.0,80.0,0,0.0,0.0,2.0,80.0,434.10526,2.0,375.83216,0.0,0.0,0.0,0.0,0.0,0.0,0.0,0.0,0.0,0.0,56438,393.12762,60,2,0,0,0,380.6889953613281,60650,420.2179870605469,60,2
104110342,Sınıf Öğretmenliği,GAZİ ÜNİVERSİTESİ,4,EŞİT AĞIRLIK,"1, 150, 151",3131.0,Gazi Eğitim Fakültesi,,ANKARA,DEVLET,0,80.0,2.0,373.90233,368.27418,2.0,463.93323,395.21195,66184.0,80.0,61.0,77.0,21.0,16.0,32.0,38.0,48.0,52.0,2.0,2.0,0.0,1.0,1674.0,2350.0,311.0,475.0,575.0,887.0,1033.0,1523.0,90.0,0,0.0,0.0,3.0,90.0,457.20955,3.0,390.70725,0.0,0.0,0.0,0.0,0.0,0.0,0.0,0.0,0.0,0.0,52275,395.56304,50,2,0,0,0,385.7879943847656,52808,422.8689880371094,50,2
104110351,Sosyal Bilgiler Öğretmenliği,GAZİ ÜNİVERSİTESİ,4,SÖZEL,"1, 150, 151",3132.0,Gazi Eğitim Fakültesi,,ANKARA,DEVLET,0,70.0,2.0,328.92511,328.92511,1.0,442.38273,379.66402,46545.0,71.0,40.0,50.0,32.0,22.0,21.0,24.0,34.0,25.0,4.0,6.0,12.0,15.0,1157.0,1055.0,99.0,119.0,277.0,290.0,657.0,666.0,70.0,0,0.0,0.0,2.0,71.0,426.11333,1.0,371.38551,0.0,0.0,0.0,0.0,0.0,0.0,3.0,0.0,0.0,0.0,41034,382.33438,50,2,0,0,0,396.5320129394531,36172,423.0,50,2
104110369,Tarih Öğretmenliği,GAZİ ÜNİVERSİTESİ,4,SÖZEL,"1, 150, 151",3133.0,Gazi Eğitim Fakültesi,,ANKARA,DEVLET,0,20.0,1.0,356.79174,356.79174,1.0,440.4454,402.93045,20199.0,20.0,4.0,8.0,17.0,23.0,14.0,19.0,3.0,5.0,3.0,2.0,1.0,5.0,696.0,604.0,87.0,89.0,201.0,224.0,462.0,444.0,30.0,0,0.0,0.0,1.0,31.0,454.95288,0.0,0.0,0.0,0.0,0.0,0.0,0.0,0.0,2.0,0.0,0.0,0.0,16677,405.92082,30,1,0,0,0,426.5580139160156,10519,516.27197265625,30,1
104110378,Türk Dili ve Edebiyatı Öğretmenliği,GAZİ ÜNİVERSİTESİ,4,SÖZEL,"1, 150, 151",3134.0,Gazi Eğitim Fakültesi,,ANKARA,DEVLET,0,20.0,1.0,357.66748,357.66748,1.0,467.24214,408.75978,16009.0,20.0,16.0,15.0,5.0,16.0,13.0,21.0,7.0,8.0,1.0,1.0,0.0,1.0,622.0,605.0,74.0,90.0,212.0,232.0,453.0,450.0,30.0,0,0.0,0.0,1.0,30.0,472.07756,1.0,383.84518,0.0,0.0,0.0,0.0,0.0,0.0,1.0,0.0,0.0,0.0,12725,412.14949,30,1,0,0,0,424.1210021972656,11746,484.1709899902344,30,1
104110387,Türkçe Öğretmenliği,GAZİ ÜNİVERSİTESİ,4,SÖZEL,"1, 150, 151",3135.0,Gazi Eğitim Fakültesi,,ANKARA,DEVLET,0,80.0,2.0,382.04755,358.56958,2.0,469.2134,411.61514,14177.0,80.0,49.0,46.0,33.0,36.0,40.0,44.0,33.0,32.0,3.0,2.0,6.0,2.0,1263.0,1443.0,185.0,246.0,527.0,676.0,967.0,1120.0,80.0,0,0.0,0.0,2.0,80.0,442.51826,2.0,394.16161,0.0,0.0,0.0,0.0,0.0,0.0,1.0,0.0,0.0,0.0,10861,415.70437,50,2,0,0,0,430.6319885253906,682,470.7669982910156,50,2
104110624,Bilgisayar Mühendisliği,GAZİ ÜNİVERSİTESİ,4,SAYISAL,"22, 24, 34, 144",3146.0,Mühendislik Fakültesi,,ANKARA,DEVLET,0,90.0,3.0,491.98731,485.39625,3.0,512.97996,491.994,22863.0,90.0,21.0,16.0,72.0,77.0,46.0,65.0,45.0,28.0,2.0,0.0,0.0,0.0,5479.0,3505.0,443.0,402.0,1551.0,1128.0,3937.0,2552.0,90.0,0,0.0,0.0,3.0,90.0,517.28003,3.0,490.86955,0.0,0.0,0.0,0.0,0.0,0.0,1.0,0.0,0.0,0.0,15938,504.44882,95,3,0,0,0,480.41900634765625,19504,507.9209899902344,95,3
104110633,Elektrik-Elektronik Mühendisliği,GAZİ ÜNİVERSİTESİ,4,SAYISAL,"22, 24, 34, 144",3147.0,Mühendislik Fakültesi,,ANKARA,DEVLET,0,80.0,2.0,468.3673,465.91315,2.0,494.96161,470.03252,39632.0,80.0,18.0,18.0,64.0,64.0,41.0,47.0,39.0,35.0,0.0,0.0,1.0,0.0,2369.0,2291.0,117.0,173.0,422.0,522.0,1401.0,1402.0,80.0,0,0.0,0.0,2.0,80.0,499.46826,2.0,468.37646,0.0,0.0,0.0,0.0,0.0,0.0,0.0,0.0,0.0,0.0,31325,481.61897,80,2,0,0,0,456.31298828125,34163,483.2619934082031,80,2
104110642,Endüstri Mühendisliği,GAZİ ÜNİVERSİTESİ,4,SAYISAL,"22, 24, 34, 144",3149.0,Mühendislik Fakültesi,,ANKARA,DEVLET,0,90.0,3.0,458.83055,439.57205,3.0,479.63645,459.2097,48669.0,90.0,60.0,57.0,33.0,36.0,38.0,57.0,55.0,36.0,0.0,0.0,0.0,0.0,2410.0,2257.0,155.0,170.0,509.0,496.0,1390.0,1312.0,90.0,0,0.0,0.0,3.0,90.0,489.29663,3.0,444.30946,0.0,0.0,0.0,0.0,0.0,0.0,0.0,0.0,0.0,0.0,39792,470.96732,95,3,0,0,0,444.5069885253906,42684,462.58599853515625,95,3
104110651,İnşaat Mühendisliği,GAZİ ÜNİVERSİTESİ,4,SAYISAL,"22, 24, 34, 144",3152.0,Mühendislik Fakültesi,,ANKARA,DEVLET,0,90.0,3.0,343.56849,318.73172,3.0,407.98858,369.19497,145320.0,90.0,31.0,25.0,62.0,68.0,43.0,44.0,47.0,47.0,2.0,2.0,0.0,0.0,1178.0,1369.0,57.0,82.0,215.0,298.0,673.0,842.0,90.0,0,0.0,0.0,3.0,91.0,433.4315,2.0,384.2188,0.0,0.0,0.0,0.0,0.0,0.0,3.0,0.0,0.0,0.0,126659,387.7245,45,2,0,0,0,377.7669982910156,108035,401.06500244140625,45,2
104110669,Kimya Mühendisliği,GAZİ ÜNİVERSİTESİ,4,SAYISAL,"22, 24, 34, 144",3154.0,Mühendislik Fakültesi,,ANKARA,DEVLET,0,90.0,3.0,366.79156,356.38288,3.0,430.72852,413.62224,91332.0,90.0,73.0,69.0,20.0,24.0,39.0,38.0,51.0,55.0,3.0,0.0,0.0,0.0,1872.0,2175.0,68.0,116.0,286.0,416.0,1090.0,1329.0,90.0,0,0.0,0.0,3.0,90.0,452.32294,3.0,396.19331,0.0,0.0,0.0,0.0,0.0,0.0,0.0,0.0,0.0,0.0,74602,432.534,75,2,0,0,0,414.9070129394531,67718,428.4440002441406,75,2
104110678,Makine Mühendisliği,GAZİ ÜNİVERSİTESİ,4,SAYISAL,"22, 24, 34, 144",3157.0,Mühendislik Fakültesi,,ANKARA,DEVLET,0,90.0,3.0,436.4042,415.10517,3.0,470.86949,446.20898,59978.0,90.0,23.0,22.0,70.0,71.0,45.0,49.0,45.0,43.0,3.0,1.0,0.0,0.0,1711.0,2010.0,87.0,107.0,314.0,402.0,1001.0,1203.0,90.0,0,0.0,0.0,3.0,90.0,484.40085,3.0,427.65051,0.0,0.0,0.0,0.0,0.0,0.0,1.0,0.0,0.0,0.0,49369,459.92997,95,3,0,0,0,438.5190124511719,47284,457.5979919433594,95,3
104110687,Mimarlık,GAZİ ÜNİVERSİTESİ,4,SAYISAL,"22, 24, 34, 143",3142.0,Mimarlık Fakültesi,,ANKARA,DEVLET,0,115.0,3.0,405.50276,389.73218,3.0,457.04136,419.18712,85523.0,115.0,90.0,86.0,28.0,32.0,45.0,67.0,68.0,48.0,5.0,2.0,0.0,0.0,1478.0,1620.0,158.0,214.0,434.0,514.0,1026.0,1151.0,115.0,0,0.0,0.0,3.0,115.0,510.97684,3.0,394.98878,0.0,0.0,0.0,0.0,0.0,0.0,1.0,0.0,0.0,0.0,86034,421.53182,80,2,0,0,0,396.8810119628906,85903,437.79901123046875,80,2
104110696,Şehir ve Bölge Planlama,GAZİ ÜNİVERSİTESİ,4,SAYISAL,"22, 24, 34",3143.0,Mimarlık Fakültesi,,ANKARA,DEVLET,0,90.0,3.0,225.05134,225.05134,1.0,377.22879,289.5067,328324.0,92.0,60.0,52.0,33.0,44.0,32.0,22.0,52.0,56.0,3.0,7.0,5.0,9.0,1537.0,1669.0,135.0,160.0,361.0,474.0,964.0,1132.0,90.0,0,3.0,0.0,3.0,91.0,370.88994,2.0,216.15038,0.0,0.0,3.0,250.05266,0.0,0.0,3.0,0.0,0.0,0.0,303686,306.59195,60,2,0,0,0,295.8609924316406,279137,368.4809875488281,60,2
104110836,Tıp,GAZİ ÜNİVERSİTESİ,6,SAYISAL,155,3189.0,Tıp Fakültesi,,ANKARA,DEVLET,0,300.0,8.0,521.3209,520.00694,8.0,535.44396,521.76896,5949.0,300.0,171.0,148.0,137.0,160.0,197.0,251.0,108.0,53.0,2.0,4.0,0.0,0.0,4353.0,5161.0,501.0,554.0,1723.0,2186.0,3804.0,4505.0,300.0,0,0.0,0.0,8.0,300.0,536.44325,8.0,524.82359,0.0,0.0,0.0,0.0,0.0,0.0,0.0,0.0,0.0,0.0,5568,525.83184,300,8,0,0,0,516.4240112304688,5197,523.2880249023438,300,8
104111216,Okul Öncesi Öğretmenliği,GAZİ ÜNİVERSİTESİ,4,SÖZEL,"1, 150, 151",3128.0,Gazi Eğitim Fakültesi,,ANKARA,DEVLET,0,90.0,3.0,413.63987,407.88296,3.0,455.91632,418.38799,10609.0,90.0,77.0,83.0,16.0,10.0,49.0,49.0,34.0,36.0,4.0,4.0,5.0,4.0,2023.0,2038.0,242.0,253.0,787.0,821.0,1507.0,1533.0,90.0,0,0.0,0.0,3.0,90.0,468.37292,3.0,416.07544,0.0,0.0,0.0,0.0,0.0,0.0,1.0,0.0,0.0,0.0,6482,426.45803,50,2,0,0,0,441.4830017089844,5165,468.7430114746094,50,2
104111234,Tıp,GAZİ ÜNİVERSİTESİ,6,SAYISAL,"22, 23, 24, 155",3191.0,Tıp Fakültesi,(İngilizce),ANKARA,DEVLET,0,100.0,3.0,519.59052,517.82379,3.0,529.48617,520.57073,6428.0,100.0,62.0,47.0,41.0,56.0,68.0,82.0,33.0,20.0,1.0,1.0,0.0,0.0,2104.0,2474.0,87.0,119.0,471.0,569.0,1626.0,1941.0,100.0,0,0.0,0.0,3.0,100.0,534.92175,3.0,522.70058,0.0,0.0,0.0,0.0,0.0,0.0,0.0,0.0,0.0,0.0,6258,523.89939,100,3,0,0,0,514.0780029296875,5788,523.7520141601562,100,3
104111243,Beslenme ve Diyetetik,GAZİ ÜNİVERSİTESİ,4,SAYISAL,,3161.0,Sağlık Bilimleri Fakültesi,,ANKARA,DEVLET,0,90.0,3.0,385.48294,370.69713,3.0,427.97185,389.1188,118813.0,90.0,83.0,92.0,10.0,4.0,35.0,41.0,55.0,53.0,1.0,1.0,2.0,1.0,2390.0,1725.0,168.0,93.0,676.0,531.0,1626.0,1213.0,90.0,0,3.0,0.0,3.0,90.0,431.33848,3.0,351.93759,0.0,0.0,3.0,178.9691,0.0,0.0,0.0,0.0,0.0,0.0,135550,381.41147,30,1,0,0,0,366.9679870605469,122077,403.1679992675781,30,1
104111252,Fizyoterapi ve Rehabilitasyon,GAZİ ÜNİVERSİTESİ,4,SAYISAL,,3162.0,Sağlık Bilimleri Fakültesi,,ANKARA,DEVLET,0,100.0,3.0,362.55174,338.23494,3.0,427.09069,376.28187,135324.0,100.0,81.0,78.0,22.0,27.0,38.0,46.0,61.0,59.0,3.0,0.0,1.0,0.0,2649.0,1555.0,205.0,109.0,731.0,440.0,1692.0,971.0,100.0,0,3.0,0.0,3.0,100.0,406.18327,3.0,317.80511,0.0,0.0,2.0,182.00664,0.0,0.0,0.0,0.0,1.0,0.0,145320,374.79588,105,3,0,0,0,342.38800048828125,161274,377.2959899902344,105,3
104111261,Metalurji ve Malzeme Mühendisliği,GAZİ ÜNİVERSİTESİ,4,SAYISAL,144,3184.0,Teknoloji Fakültesi,,ANKARA,DEVLET,0,70.0,2.0,344.41126,339.92808,2.0,434.8276,366.16162,149811.0,70.0,38.0,39.0,34.0,33.0,34.0,19.0,37.0,51.0,1.0,2.0,0.0,0.0,1313.0,1488.0,63.0,90.0,201.0,280.0,737.0,895.0,70.0,0,0.0,0.0,2.0,70.0,429.60609,2.0,353.21872,0.0,0.0,0.0,0.0,0.0,0.0,0.0,0.0,0.0,0.0,123924,389.75737,75,2,0,0,0,374.8030090332031,111749,421.45599365234375,75,2
104111279,Metalurji ve Malzeme Mühendisliği,GAZİ ÜNİVERSİTESİ,4,SAYISAL,"144, 156",3185.0,Teknoloji Fakültesi,(M.T.O.K.),ANKARA,DEVLET,0,17.0,1.0,0.0,0.0,0.0,362.37924,320.53583,237243.0,18.0,9.0,5.0,9.0,13.0,4.0,5.0,14.0,13.0,0.0,0.0,0.0,0.0,170.0,194.0,2.0,9.0,16.0,34.0,83.0,120.0,17.0,0,0.0,0.0,1.0,18.0,389.4388,0.0,0.0,0.0,0.0,0.0,0.0,0.0,0.0,0.0,0.0,0.0,0.0,289669,310.72247,22,1,0,0,0,296.1730041503906,278068,377.1600036621094,23,0
104111288,Elektrik-Elektronik Mühendisliği,GAZİ ÜNİVERSİTESİ,4,SAYISAL,"144, 156",3174.0,Teknoloji Fakültesi,(M.T.O.K.),ANKARA,DEVLET,0,18.0,1.0,364.51919,364.51919,1.0,415.47093,364.62986,152118.0,18.0,1.0,5.0,18.0,14.0,7.0,14.0,12.0,4.0,0.0,1.0,0.0,0.0,746.0,842.0,76.0,119.0,231.0,328.0,547.0,657.0,18.0,0,0.0,0.0,1.0,18.0,432.62982,1.0,344.55779,0.0,0.0,0.0,0.0,0.0,0.0,0.0,0.0,0.0,0.0,101874,407.22844,18,1,0,0,0,398.3009948730469,84433,436.86700439453125,18,1
104111297,Elektrik-Elektronik Mühendisliği,GAZİ ÜNİVERSİTESİ,4,SAYISAL,144,3172.0,Teknoloji Fakültesi,,ANKARA,DEVLET,0,75.0,2.0,440.91554,432.57174,2.0,471.17193,450.22322,56390.0,75.0,24.0,23.0,53.0,54.0,25.0,43.0,49.0,30.0,2.0,4.0,0.0,0.0,1609.0,1749.0,80.0,122.0,279.0,351.0,867.0,1002.0,75.0,0,0.0,0.0,2.0,75.0,480.17734,2.0,436.14412,0.0,0.0,0.0,0.0,0.0,0.0,1.0,0.0,0.0,0.0,49398,459.89312,75,2,0,0,0,437.072998046875,48453,460.4580078125,75,2
104111304,Otomotiv Mühendisliği,GAZİ ÜNİVERSİTESİ,4,SAYISAL,"144, 156",3187.0,Teknoloji Fakültesi,(M.T.O.K.),ANKARA,DEVLET,0,16.0,1.0,0.0,0.0,0.0,368.74958,299.0441,296510.0,17.0,0.0,2.0,17.0,15.0,10.0,7.0,7.0,8.0,0.0,2.0,0.0,0.0,282.0,320.0,12.0,20.0,52.0,79.0,147.0,189.0,16.0,0,0.0,0.0,1.0,17.0,395.45192,0.0,0.0,0.0,0.0,0.0,0.0,0.0,0.0,1.0,0.0,0.0,0.0,258011,321.08605,21,1,0,0,0,301.72198486328125,259402,353.0820007324219,22,0
104111313,Otomotiv Mühendisliği,GAZİ ÜNİVERSİTESİ,4,SAYISAL,144,3186.0,Teknoloji Fakültesi,,ANKARA,DEVLET,0,64.0,2.0,369.28447,352.89906,2.0,433.4706,386.23608,122402.0,64.0,16.0,12.0,50.0,54.0,24.0,30.0,40.0,34.0,2.0,2.0,0.0,0.0,1085.0,1303.0,139.0,160.0,288.0,333.0,653.0,788.0,64.0,0,0.0,0.0,2.0,64.0,448.1288,2.0,342.7163,0.0,0.0,0.0,0.0,0.0,0.0,0.0,0.0,0.0,0.0,108904,401.4254,69,2,0,0,0,383.5710144042969,100918,434.0320129394531,69,2
104111322,İmalat Mühendisliği,GAZİ ÜNİVERSİTESİ,4,SAYISAL,144,3180.0,Teknoloji Fakültesi,,ANKARA,DEVLET,0,70.0,2.0,0.0,0.0,0.0,377.84787,310.67914,262498.0,72.0,16.0,22.0,56.0,50.0,30.0,27.0,38.0,38.0,3.0,5.0,1.0,2.0,306.0,473.0,25.0,46.0,49.0,99.0,137.0,277.0,70.0,0,0.0,0.0,2.0,72.0,416.34902,0.0,0.0,0.0,0.0,0.0,0.0,0.0,0.0,2.0,0.0,0.0,0.0,230535,331.38827,75,2,0,0,0,324.29901123046875,198322,367.50299072265625,77,0
104111349,Enerji Sistemleri Mühendisliği,GAZİ ÜNİVERSİTESİ,4,SAYISAL,144,3177.0,Teknoloji Fakültesi,,ANKARA,DEVLET,0,48.0,2.0,342.03313,298.68974,2.0,422.56297,361.55165,156737.0,48.0,26.0,19.0,24.0,33.0,18.0,24.0,32.0,26.0,0.0,1.0,0.0,1.0,987.0,1412.0,42.0,77.0,144.0,280.0,525.0,859.0,50.0,0,0.0,0.0,2.0,52.0,443.23837,0.0,0.0,0.0,0.0,0.0,0.0,0.0,0.0,1.0,0.0,0.0,0.0,126823,387.58184,55,2,0,0,0,369.8059997558594,118274,431.5570068359375,55,2
104111358,Enerji Sistemleri Mühendisliği,GAZİ ÜNİVERSİTESİ,4,SAYISAL,"144, 156",3178.0,Teknoloji Fakültesi,(M.T.O.K.),ANKARA,DEVLET,0,12.0,1.0,0.0,0.0,0.0,357.19284,325.76764,224831.0,13.0,3.0,2.0,10.0,12.0,8.0,8.0,5.0,6.0,0.0,0.0,0.0,0.0,160.0,251.0,5.0,9.0,26.0,43.0,74.0,153.0,13.0,0,0.0,0.0,1.0,13.0,381.11494,1.0,338.44674,0.0,0.0,0.0,0.0,0.0,0.0,0.0,0.0,0.0,0.0,212649,338.81891,18,1,0,0,0,293.33099365234375,288128,368.9570007324219,19,0
104111367,İnşaat Mühendisliği,GAZİ ÜNİVERSİTESİ,4,SAYISAL,144,3181.0,Teknoloji Fakültesi,,ANKARA,DEVLET,0,64.0,2.0,0.0,0.0,0.0,383.28009,345.81235,183493.0,66.0,19.0,15.0,47.0,51.0,20.0,26.0,42.0,36.0,4.0,1.0,0.0,1.0,888.0,1199.0,42.0,64.0,166.0,240.0,506.0,747.0,64.0,0,0.0,0.0,2.0,64.0,436.14096,2.0,310.42155,0.0,0.0,0.0,0.0,0.0,0.0,1.0,0.0,0.0,0.0,165419,362.51032,64,2,0,0,0,348.78900146484375,150068,385.3869934082031,66,0
104111376,İnşaat Mühendisliği,GAZİ ÜNİVERSİTESİ,4,SAYISAL,"144, 156",3182.0,Teknoloji Fakültesi,(M.T.O.K.),ANKARA,DEVLET,0,16.0,1.0,0.0,0.0,0.0,361.91487,307.37246,271735.0,17.0,4.0,2.0,13.0,15.0,5.0,5.0,11.0,11.0,1.0,1.0,0.0,0.0,131.0,225.0,4.0,8.0,17.0,41.0,47.0,143.0,16.0,0,0.0,0.0,1.0,17.0,367.03316,0.0,0.0,0.0,0.0,0.0,0.0,0.0,0.0,1.0,0.0,0.0,0.0,268510,317.51097,16,1,0,0,0,299.9460144042969,265167,346.5140075683594,17,0
104111694,Bilgisayar Mühendisliği,GAZİ ÜNİVERSİTESİ,4,SAYISAL,144,3168.0,Teknoloji Fakültesi,,ANKARA,DEVLET,0,64.0,2.0,469.82042,465.83421,2.0,494.25484,475.69102,35121.0,64.0,16.0,23.0,50.0,43.0,30.0,38.0,35.0,28.0,1.0,0.0,0.0,0.0,3564.0,2375.0,265.0,187.0,841.0,628.0,2446.0,1594.0,64.0,0,0.0,0.0,2.0,64.0,503.38536,2.0,465.21927,0.0,0.0,0.0,0.0,0.0,0.0,0.0,0.0,0.0,0.0,26150,488.70169,69,2,0,0,0,455.6000061035156,34627,483.77398681640625,69,2
104111701,Bilgisayar Mühendisliği,GAZİ ÜNİVERSİTESİ,4,SAYISAL,"144, 156",3169.0,Teknoloji Fakültesi,(M.T.O.K.),ANKARA,DEVLET,0,20.0,1.0,386.82152,386.82152,1.0,461.28592,389.08353,118868.0,20.0,3.0,5.0,18.0,16.0,7.0,12.0,13.0,8.0,0.0,1.0,0.0,0.0,1650.0,1242.0,221.0,293.0,673.0,599.0,1270.0,1007.0,20.0,0,0.0,0.0,1.0,20.0,468.33872,1.0,400.62957,0.0,0.0,0.0,0.0,0.0,0.0,0.0,0.0,0.0,0.0,85982,421.58125,25,1,0,0,0,369.4989929199219,118725,430.1700134277344,25,1
104111719,Ağaç İşleri Endüstri Mühendisliği,GAZİ ÜNİVERSİTESİ,4,SAYISAL,,3166.0,Teknoloji Fakültesi,,ANKARA,DEVLET,0,30.0,1.0,220.43141,220.43141,1.0,310.35072,277.995,372119.0,30.0,7.0,10.0,24.0,22.0,9.0,7.0,18.0,13.0,1.0,3.0,2.0,9.0,693.0,539.0,121.0,100.0,236.0,193.0,421.0,351.0,30.0,0,1.0,0.0,1.0,30.0,447.07979,1.0,261.66178,0.0,0.0,1.0,210.15808,0.0,0.0,0.0,0.0,0.0,0.0,352214,293.78544,35,1,0,0,0,280.6300048828125,339436,417.86199951171875,35,1
104111852,Endüstriyel Tasarım Mühendisliği,GAZİ ÜNİVERSİTESİ,4,SAYISAL,144,3175.0,Teknoloji Fakültesi,,ANKARA,DEVLET,0,56.0,2.0,358.18591,345.91756,2.0,416.15571,366.72966,148947.0,56.0,52.0,41.0,6.0,17.0,23.0,20.0,34.0,38.0,0.0,0.0,1.0,0.0,1091.0,1010.0,90.0,105.0,251.0,275.0,701.0,669.0,56.0,0,0.0,0.0,2.0,58.0,424.98404,0.0,0.0,0.0,0.0,0.0,0.0,0.0,0.0,1.0,0.0,0.0,0.0,120192,392.53359,61,2,0,0,0,376.3330078125,109840,440.489990234375,61,2
104111861,Endüstriyel Tasarım Mühendisliği,GAZİ ÜNİVERSİTESİ,4,SAYISAL,"144, 156",3176.0,Teknoloji Fakültesi,(M.T.O.K.),ANKARA,DEVLET,0,14.0,1.0,0.0,0.0,0.0,345.76005,304.78604,279244.0,15.0,2.0,3.0,13.0,12.0,12.0,5.0,2.0,9.0,1.0,0.0,0.0,1.0,199.0,248.0,10.0,10.0,36.0,53.0,131.0,156.0,14.0,0,0.0,0.0,1.0,15.0,389.88972,0.0,0.0,0.0,0.0,0.0,0.0,0.0,0.0,0.0,0.0,0.0,0.0,268606,317.48281,19,1,0,0,0,299.68499755859375,266055,370.3370056152344,20,0
104111931,Enerji Sistemleri Mühendisliği,GAZİ ÜNİVERSİTESİ,4,SAYISAL,"5, 144",3179.0,Teknoloji Fakültesi,(KKTC Uyruklu),ANKARA,DEVLET,0,1.0,0.0,0.0,0.0,0.0,304.32941,304.32941,280586.0,1.0,0.0,0.0,1.0,0.0,0.0,0.0,1.0,0.0,0.0,0.0,0.0,0.0,4.0,3.0,0.0,0.0,0.0,0.0,0.0,0.0,2.0,0,0.0,0.0,0.0,0.0,0.0,0.0,0.0,0.0,0.0,0.0,0.0,0.0,0.0,2.0,0.0,0.0,0.0,0,0.0,1,0,0,0,0,328.62701416015625,188707,328.62701416015625,1,0
104111976,Tıp,GAZİ ÜNİVERSİTESİ,6,SAYISAL,"5, 155",3190.0,Tıp Fakültesi,(KKTC Uyruklu),ANKARA,DEVLET,0,1.0,0.0,0.0,0.0,0.0,499.50901,499.50901,17865.0,1.0,0.0,0.0,1.0,1.0,1.0,0.0,0.0,1.0,0.0,0.0,0.0,0.0,11.0,8.0,0.0,0.0,6.0,6.0,11.0,8.0,1.0,0,0.0,0.0,0.0,1.0,504.85525,0.0,0.0,0.0,0.0,0.0,0.0,0.0,0.0,0.0,0.0,0.0,0.0,15691,504.85525,1,0,0,0,0,453.40899658203125,36118,453.40899658203125,1,0
104112011,Makine Mühendisliği,GAZİ ÜNİVERSİTESİ,4,SAYISAL,"5, 22, 24, 34, 144",3158.0,Mühendislik Fakültesi,(KKTC UYRUKLU),ANKARA,DEVLET,0,,,,,,,,,,,,,,,,,,,,,,,,,,,,,,,,,,,,,,,,,,,,,,,,,0,0.0,1,0,0,0,0,391.14300537109375,92201,391.14300537109375,1,0
104112029,Şehir ve Bölge Planlama,GAZİ ÜNİVERSİTESİ,4,SAYISAL,"5, 22, 24, 34",3144.0,Mimarlık Fakültesi,(KKTC Uyruklu),ANKARA,DEVLET,0,1.0,0.0,0.0,0.0,0.0,205.85824,205.85824,986936.0,1.0,1.0,0.0,0.0,1.0,1.0,1.0,0.0,0.0,0.0,0.0,0.0,0.0,3.0,12.0,0.0,2.0,1.0,3.0,3.0,6.0,1.0,0,0.0,0.0,0.0,1.0,292.16194,0.0,0.0,0.0,0.0,0.0,0.0,0.0,0.0,0.0,0.0,0.0,0.0,359031,292.16194,1,0,0,0,0,251.03900146484375,522215,251.03900146484375,1,0
104112065,Kimya Mühendisliği,GAZİ ÜNİVERSİTESİ,4,SAYISAL,"22, 23, 24, 144",3155.0,Mühendislik Fakültesi,(İngilizce),ANKARA,DEVLET,0,60.0,2.0,433.10574,423.30434,2.0,456.91685,434.16717,70910.0,60.0,48.0,41.0,14.0,21.0,18.0,20.0,44.0,41.0,0.0,1.0,0.0,0.0,1960.0,2204.0,103.0,116.0,343.0,450.0,1127.0,1285.0,60.0,0,0.0,0.0,2.0,60.0,466.48542,2.0,413.12877,0.0,0.0,0.0,0.0,0.0,0.0,0.0,0.0,0.0,0.0,58387,449.80987,50,2,0,0,0,428.6579895019531,55437,453.95001220703125,50,2
104112074,Elektrik-Elektronik Mühendisliği,GAZİ ÜNİVERSİTESİ,4,SAYISAL,"22, 23, 24, 144",3148.0,Mühendislik Fakültesi,(İngilizce),ANKARA,DEVLET,0,60.0,2.0,482.25087,478.52997,2.0,512.30722,491.78406,23009.0,60.0,18.0,12.0,44.0,50.0,38.0,39.0,23.0,23.0,1.0,0.0,0.0,0.0,1762.0,2036.0,139.0,141.0,444.0,523.0,1165.0,1376.0,60.0,0,0.0,0.0,2.0,60.0,519.76035,2.0,477.64063,0.0,0.0,0.0,0.0,0.0,0.0,0.0,0.0,0.0,0.0,18756,499.78453,60,2,0,0,0,480.9989929199219,19217,511.90899658203125,60,2
104112083,İnşaat Mühendisliği,GAZİ ÜNİVERSİTESİ,4,SAYISAL,"22, 23, 24, 144",3153.0,Mühendislik Fakültesi,(İngilizce),ANKARA,DEVLET,0,40.0,1.0,369.60003,369.60003,1.0,438.98261,400.95529,105004.0,40.0,12.0,6.0,29.0,35.0,17.0,22.0,20.0,16.0,2.0,1.0,1.0,1.0,970.0,1045.0,42.0,52.0,193.0,242.0,579.0,665.0,40.0,0,0.0,0.0,1.0,40.0,439.56711,1.0,402.04741,0.0,0.0,0.0,0.0,0.0,0.0,0.0,0.0,0.0,0.0,89315,418.3499,40,1,0,0,0,397.25299072265625,85501,419.8429870605469,41,0
104112092,Makine Mühendisliği,GAZİ ÜNİVERSİTESİ,4,SAYISAL,"22, 23, 24, 144",3159.0,Mühendislik Fakültesi,(İngilizce),ANKARA,DEVLET,0,50.0,2.0,464.10311,448.35383,2.0,490.34823,466.60165,42492.0,50.0,13.0,6.0,39.0,46.0,25.0,33.0,27.0,18.0,0.0,0.0,0.0,1.0,1619.0,1820.0,64.0,134.0,288.0,411.0,960.0,1137.0,50.0,0,0.0,0.0,2.0,50.0,499.46754,2.0,454.17057,0.0,0.0,0.0,0.0,0.0,0.0,0.0,0.0,0.0,0.0,34910,477.02327,55,2,0,0,0,456.47900390625,34043,487.7950134277344,55,2
104112108,Endüstri Mühendisliği,GAZİ ÜNİVERSİTESİ,4,SAYISAL,"22, 23, 24, 144",3150.0,Mühendislik Fakültesi,(İngilizce),ANKARA,DEVLET,0,40.0,1.0,470.2623,470.2623,1.0,492.03898,480.62978,31256.0,40.0,18.0,27.0,23.0,14.0,16.0,29.0,25.0,12.0,0.0,0.0,0.0,0.0,1807.0,1816.0,98.0,152.0,368.0,436.0,1088.0,1123.0,40.0,0,0.0,0.0,1.0,40.0,505.94166,1.0,478.93363,0.0,0.0,0.0,0.0,0.0,0.0,0.0,0.0,0.0,0.0,25429,489.68874,45,2,0,0,0,463.1650085449219,29532,490.3760070800781,45,2
104112153,Özel Eğitim Öğretmenliği,GAZİ ÜNİVERSİTESİ,4,SÖZEL,"1, 150, 151",3129.0,Gazi Eğitim Fakültesi,,ANKARA,DEVLET,0,100.0,3.0,413.8007,410.78331,3.0,491.3176,423.85101,8305.0,100.0,59.0,70.0,44.0,33.0,45.0,34.0,35.0,51.0,4.0,1.0,19.0,16.0,1577.0,2422.0,203.0,335.0,704.0,1183.0,1249.0,2027.0,100.0,0,0.0,0.0,3.0,100.0,463.6873,3.0,423.37695,0.0,0.0,0.0,0.0,0.0,0.0,1.0,0.0,0.0,0.0,4606,433.59195,50,2,0,0,0,455.8059997558594,2576,491.2510070800781,50,2
104112286,Ağaç İşleri Endüstri Mühendisliği,GAZİ ÜNİVERSİTESİ,4,SAYISAL,5,3167.0,Teknoloji Fakültesi,(KKTC UYRUKLU),ANKARA,DEVLET,0,,,,,,,,,,,,,,,,,,,,,,,,,,,,,,,,,,,,,,,,,,,,,,,,,0,0.0,1,0,0,0,0,227.42599487304688,778728,227.42599487304688,1,0
104150086,Tıbbi Dokümantasyon ve Sekreterlik,GAZİ ÜNİVERSİTESİ,2,TYT,,17520.0,Sağlık Hizmetleri Meslek Yüksekokulu,,ANKARA,DEVLET,1,70.0,2.0,298.22086,294.61925,2.0,342.29423,321.8,591098.0,70.0,44.0,64.0,28.0,10.0,32.0,19.0,30.0,44.0,7.0,7.0,3.0,1.0,3949.0,5768.0,161.0,330.0,674.0,1289.0,2013.0,3380.0,70.0,0,2.0,0.0,2.0,70.0,422.73815,2.0,291.72233,0.0,0.0,2.0,245.70242,0.0,0.0,2.0,0.0,1.0,0.0,480996,341.89956,70,2,0,0,0,345.98199462890625,438376,465.67498779296875,70,2
104150589,Tıbbi Laboratuvar Teknikleri,GAZİ ÜNİVERSİTESİ,2,TYT,,17522.0,Sağlık Hizmetleri Meslek Yüksekokulu,,ANKARA,DEVLET,1,70.0,2.0,271.71549,271.71549,1.0,360.58324,334.91269,490739.0,71.0,57.0,63.0,15.0,11.0,19.0,17.0,40.0,42.0,6.0,8.0,6.0,6.0,4165.0,3141.0,113.0,73.0,519.0,368.0,2064.0,1559.0,70.0,0,2.0,0.0,2.0,72.0,406.18423,0.0,0.0,0.0,0.0,2.0,208.42149,0.0,0.0,6.0,0.0,1.0,0.0,489260,340.77307,70,2,0,0,0,346.2590026855469,436489,389.093994140625,70,2
104150598,Tıbbi Görüntüleme Teknikleri,GAZİ ÜNİVERSİTESİ,2,TYT,,17521.0,Sağlık Hizmetleri Meslek Yüksekokulu,,ANKARA,DEVLET,1,70.0,2.0,321.01079,283.84443,2.0,370.4108,346.15233,417456.0,70.0,52.0,49.0,20.0,25.0,16.0,20.0,52.0,41.0,0.0,8.0,4.0,3.0,4615.0,3581.0,173.0,144.0,797.0,604.0,2571.0,1986.0,70.0,0,2.0,0.0,2.0,70.0,369.40052,2.0,256.3457,0.0,0.0,2.0,218.83672,0.0,0.0,1.0,0.0,0.0,0.0,417697,351.06195,70,2,0,0,0,360.1059875488281,353288,448.0849914550781,70,2
104150632,İlk ve Acil Yardım,GAZİ ÜNİVERSİTESİ,2,TYT,,17517.0,Sağlık Hizmetleri Meslek Yüksekokulu,,ANKARA,DEVLET,1,75.0,2.0,339.31801,336.86209,2.0,416.46549,363.90321,322699.0,75.0,52.0,63.0,25.0,16.0,25.0,25.0,40.0,47.0,5.0,3.0,6.0,1.0,5164.0,3481.0,399.0,297.0,1580.0,974.0,3484.0,2320.0,75.0,0,2.0,0.0,2.0,75.0,404.45613,2.0,328.33565,0.0,0.0,2.0,230.91315,0.0,0.0,3.0,0.0,0.0,0.0,331295,365.98244,75,2,0,0,0,369.7690124511719,305036,406.5920104980469,75,2
104150641,Yaşlı Bakımı,GAZİ ÜNİVERSİTESİ,2,TYT,,17523.0,Sağlık Hizmetleri Meslek Yüksekokulu,,ANKARA,DEVLET,1,75.0,2.0,0.0,0.0,0.0,374.65514,286.80519,951251.0,77.0,56.0,55.0,21.0,24.0,20.0,14.0,35.0,33.0,17.0,16.0,3.0,14.0,1132.0,1365.0,79.0,101.0,222.0,258.0,578.0,679.0,75.0,0,2.0,0.0,2.0,77.0,338.38887,0.0,0.0,0.0,0.0,2.0,210.55225,0.0,0.0,5.0,0.0,0.0,0.0,933549,295.83021,75,2,0,0,0,308.5820007324219,778180,344.9939880371094,76,1
104150756,Patoloji Laboratuvar Teknikleri,GAZİ ÜNİVERSİTESİ,2,TYT,,17518.0,Sağlık Hizmetleri Meslek Yüksekokulu,,ANKARA,DEVLET,1,70.0,2.0,290.03643,290.03643,1.0,383.45047,324.1314,571990.0,71.0,56.0,58.0,16.0,16.0,18.0,23.0,38.0,37.0,9.0,5.0,5.0,9.0,3894.0,2051.0,189.0,113.0,573.0,343.0,1850.0,1078.0,70.0,0,2.0,0.0,2.0,72.0,382.33245,0.0,0.0,0.0,0.0,2.0,197.92125,0.0,0.0,3.0,0.0,0.0,0.0,586763,328.68594,70,2,0,0,0,333.9800109863281,526967,368.8840026855469,70,2
104150914,Ağız ve Diş Sağlığı,GAZİ ÜNİVERSİTESİ,2,TYT,,17516.0,Sağlık Hizmetleri Meslek Yüksekokulu,,ANKARA,DEVLET,1,75.0,2.0,292.68896,281.04632,2.0,356.52945,339.94586,456444.0,75.0,52.0,59.0,25.0,20.0,21.0,19.0,42.0,57.0,7.0,1.0,6.0,1.0,5299.0,3176.0,256.0,190.0,979.0,666.0,2935.0,1855.0,75.0,0,2.0,0.0,2.0,75.0,375.18268,2.0,314.89629,0.0,0.0,2.0,243.16447,0.0,0.0,3.0,0.0,1.0,0.0,441687,347.4549,75,2,0,0,0,358.07501220703125,364429,372.5849914550781,75,2
104151003,Bilgisayar Programcılığı,GAZİ ÜNİVERSİTESİ,2,TYT,,17536.0,Tusaş-Kazan Meslek Yüksekokulu,,ANKARA,DEVLET,1,70.0,2.0,323.37997,307.49684,2.0,413.81531,352.50791,380617.0,70.0,22.0,27.0,50.0,47.0,16.0,21.0,46.0,41.0,4.0,4.0,4.0,4.0,3454.0,2252.0,282.0,188.0,1108.0,686.0,2445.0,1548.0,70.0,0,2.0,0.0,2.0,70.0,407.09225,2.0,315.66436,0.0,0.0,2.0,205.18095,0.0,0.0,3.0,0.0,0.0,0.0,356079,361.37902,70,2,0,0,0,357.0870056152344,369915,391.94500732421875,70,2
104151012,Makine,GAZİ ÜNİVERSİTESİ,2,TYT,321,17532.0,Teknik Bilimler Meslek Yüksekokulu,,ANKARA,DEVLET,1,70.0,2.0,318.60997,303.67628,2.0,374.59587,327.2958,546906.0,70.0,14.0,4.0,58.0,69.0,20.0,1.0,36.0,41.0,7.0,7.0,7.0,5.0,2841.0,1838.0,289.0,195.0,865.0,617.0,2039.0,1368.0,70.0,0,2.0,0.0,2.0,70.0,427.15527,2.0,287.11054,0.0,0.0,1.0,304.49909,0.0,0.0,4.0,0.0,1.0,0.0,546556,333.4658,70,2,0,0,0,338.9960021972656,488196,392.51800537109375,70,2
104151021,Endüstriyel Kalıpçılık,GAZİ ÜNİVERSİTESİ,2,TYT,321,17528.0,Teknik Bilimler Meslek Yüksekokulu,,ANKARA,DEVLET,1,45.0,2.0,0.0,0.0,0.0,379.47311,272.30532,1149349.0,47.0,6.0,8.0,41.0,41.0,16.0,11.0,25.0,17.0,5.0,10.0,0.0,7.0,746.0,551.0,58.0,43.0,173.0,116.0,409.0,339.0,45.0,0,2.0,0.0,2.0,47.0,362.53216,0.0,0.0,0.0,0.0,2.0,199.44534,0.0,0.0,7.0,0.0,0.0,0.0,1118077,281.86555,45,2,0,0,0,294.3630065917969,957187,354.8890075683594,47,0
104151039,Elektronik Teknolojisi,GAZİ ÜNİVERSİTESİ,2,TYT,321,17526.0,Teknik Bilimler Meslek Yüksekokulu,,ANKARA,DEVLET,1,70.0,2.0,300.31796,281.94619,2.0,369.74232,324.6401,567872.0,70.0,3.0,11.0,69.0,61.0,23.0,22.0,36.0,38.0,7.0,9.0,3.0,3.0,2273.0,1363.0,262.0,143.0,729.0,431.0,1592.0,980.0,70.0,0,2.0,0.0,2.0,70.0,382.56419,2.0,317.37296,0.0,0.0,0.0,0.0,0.0,0.0,3.0,0.0,2.0,0.0,551336,332.88009,70,2,0,0,0,340.00799560546875,480494,420.50799560546875,70,2
104151048,Mekatronik,GAZİ ÜNİVERSİTESİ,2,TYT,321,17533.0,Teknik Bilimler Meslek Yüksekokulu,,ANKARA,DEVLET,1,70.0,2.0,332.40384,305.34216,2.0,465.59884,333.57677,500308.0,70.0,10.0,10.0,62.0,63.0,21.0,19.0,37.0,41.0,8.0,6.0,5.0,5.0,2833.0,1820.0,242.0,176.0,818.0,570.0,1977.0,1298.0,70.0,0,2.0,0.0,2.0,70.0,420.77999,2.0,281.68355,0.0,0.0,1.0,185.60619,0.0,0.0,2.0,0.0,1.0,0.0,500539,339.29451,70,2,0,0,0,341.6960144042969,468157,420.6889953613281,70,2
104151057,Kimya Teknolojisi,GAZİ ÜNİVERSİTESİ,2,TYT,321,17531.0,Teknik Bilimler Meslek Yüksekokulu,,ANKARA,DEVLET,1,70.0,2.0,0.0,0.0,0.0,366.34935,300.97053,789528.0,72.0,35.0,49.0,37.0,25.0,12.0,16.0,44.0,36.0,9.0,15.0,6.0,5.0,1103.0,930.0,120.0,106.0,239.0,244.0,646.0,562.0,70.0,0,2.0,0.0,2.0,70.0,400.10286,2.0,258.78083,0.0,0.0,2.0,228.19645,0.0,0.0,8.0,0.0,2.0,0.0,775040,309.40427,70,2,0,0,0,313.7489929199219,720116,372.71600341796875,71,1
104151075,Kaynak Teknolojisi,GAZİ ÜNİVERSİTESİ,2,TYT,,17529.0,Teknik Bilimler Meslek Yüksekokulu,,ANKARA,DEVLET,1,45.0,2.0,0.0,0.0,0.0,315.96565,269.76964,1186663.0,47.0,4.0,4.0,43.0,44.0,7.0,1.0,26.0,21.0,4.0,8.0,8.0,6.0,883.0,802.0,63.0,74.0,244.0,214.0,528.0,511.0,45.0,0,2.0,0.0,2.0,46.0,352.46584,1.0,255.70257,0.0,0.0,1.0,255.00552,0.0,0.0,6.0,0.0,1.0,0.0,1149305,279.66007,45,2,0,0,0,299.0820007324219,894428,350.81201171875,46,1
104151084,Endüstri Ürünleri Tasarımı,GAZİ ÜNİVERSİTESİ,2,TYT,321,17527.0,Teknik Bilimler Meslek Yüksekokulu,,ANKARA,DEVLET,1,60.0,2.0,0.0,0.0,0.0,360.05164,295.28537,852684.0,62.0,30.0,29.0,32.0,35.0,10.0,7.0,32.0,27.0,11.0,12.0,8.0,15.0,1099.0,953.0,48.0,59.0,231.0,209.0,667.0,577.0,60.0,0,2.0,0.0,2.0,61.0,399.35106,1.0,256.99862,0.0,0.0,2.0,196.82001,0.0,0.0,7.0,0.0,1.0,0.0,821082,305.29016,60,2,0,0,0,309.10400390625,772148,425.92498779296875,62,0
104151093,"Elektrik Enerjisi Üretim, İletim ve Dağıtımı",GAZİ ÜNİVERSİTESİ,2,TYT,321,17525.0,Teknik Bilimler Meslek Yüksekokulu,,ANKARA,DEVLET,1,70.0,2.0,294.78778,275.41615,2.0,346.56007,303.85694,755941.0,70.0,7.0,9.0,65.0,63.0,16.0,24.0,46.0,31.0,7.0,8.0,3.0,7.0,1831.0,1097.0,162.0,101.0,504.0,317.0,1177.0,734.0,70.0,0,2.0,0.0,2.0,70.0,417.49378,2.0,275.34518,0.0,0.0,0.0,0.0,0.0,0.0,8.0,0.0,2.0,0.0,794481,307.64691,70,2,0,0,0,315.59698486328125,700108,381.43499755859375,70,2
104151163,Polimer Teknolojisi,GAZİ ÜNİVERSİTESİ,2,TYT,321,17534.0,Teknik Bilimler Meslek Yüksekokulu,,ANKARA,DEVLET,1,55.0,2.0,0.0,0.0,0.0,370.25609,276.1045,1095435.0,57.0,20.0,23.0,37.0,36.0,11.0,13.0,26.0,23.0,13.0,13.0,7.0,6.0,957.0,846.0,36.0,36.0,161.0,135.0,499.0,455.0,55.0,0,2.0,0.0,2.0,57.0,326.95723,0.0,0.0,0.0,0.0,2.0,203.48878,0.0,0.0,6.0,0.0,0.0,0.0,1023580,288.82595,55,2,0,0,0,296.64801025390625,926562,320.85101318359375,57,0
104151199,Uçak Teknolojisi,GAZİ ÜNİVERSİTESİ,2,TYT,10,17539.0,Tusaş-Kazan Meslek Yüksekokulu,,ANKARA,DEVLET,1,180.0,5.0,344.73386,310.03211,5.0,473.40102,361.44453,334364.0,180.0,25.0,42.0,160.0,145.0,74.0,56.0,91.0,99.0,16.0,12.0,4.0,15.0,5095.0,3241.0,1534.0,887.0,2622.0,1623.0,4024.0,2593.0,180.0,0,5.0,0.0,5.0,180.0,435.29777,5.0,339.07205,0.0,0.0,2.0,191.14408,0.0,0.0,14.0,0.0,3.0,0.0,330437,366.15592,180,5,0,0,0,369.9429931640625,304298,482.5639953613281,180,5
104190334,Sosyal Hizmet,GAZİ ÜNİVERSİTESİ,4,EŞİT AĞIRLIK,,3164.0,Sağlık Bilimleri Fakültesi,,ANKARA,DEVLET,0,70.0,2.0,292.31222,277.38835,2.0,337.92614,326.10675,266643.0,70.0,60.0,66.0,12.0,8.0,23.0,20.0,40.0,45.0,2.0,5.0,5.0,4.0,2339.0,1598.0,113.0,80.0,524.0,399.0,1386.0,1013.0,70.0,0,2.0,0.0,2.0,70.0,356.54136,2.0,256.7418,0.0,0.0,2.0,226.02022,0.0,0.0,1.0,0.0,0.0,0.0,247815,328.29704,75,2,0,0,0,318.9849853515625,240165,331.7919921875,75,2
104190336,Kaynak Teknolojisi,GAZİ ÜNİVERSİTESİ,2,TYT,5,17530.0,Teknik Bilimler Meslek Yüksekokulu,(KKTC Uyruklu),ANKARA,DEVLET,1,1.0,0.0,0.0,0.0,0.0,0.0,0.0,0.0,0.0,0.0,0.0,0.0,0.0,0.0,0.0,0.0,0.0,0.0,0.0,0.0,0.0,0.0,0.0,0.0,0.0,0.0,0.0,0.0,0.0,1.0,0,0.0,0.0,0.0,0.0,0.0,0.0,0.0,0.0,0.0,0.0,0.0,0.0,0.0,1.0,0.0,0.0,0.0,0,0.0,1,0,0,0,0,0.0,0,0.0,0,0
104190489,Endüstriyel Tasarım,GAZİ ÜNİVERSİTESİ,4,SAYISAL,"22, 24, 34",3141.0,Mimarlık Fakültesi,,ANKARA,DEVLET,0,90.0,3.0,320.8981,304.29984,3.0,441.21193,350.23715,175529.0,90.0,71.0,75.0,22.0,20.0,39.0,42.0,51.0,47.0,2.0,2.0,1.0,2.0,1946.0,1442.0,216.0,153.0,632.0,440.0,1395.0,1030.0,90.0,0,3.0,0.0,3.0,90.0,471.00406,3.0,307.22807,0.0,0.0,2.0,184.18541,0.0,0.0,1.0,0.0,2.0,0.0,144478,375.36112,100,3,0,0,0,358.2349853515625,134826,426.89801025390625,100,3
104190549,Endüstri Mühendisliği,GAZİ ÜNİVERSİTESİ,4,SAYISAL,"5, 22, 23, 24, 144",3151.0,Mühendislik Fakültesi,(İngilizce) (KKTC Uyruklu),ANKARA,DEVLET,0,1.0,0.0,0.0,0.0,0.0,365.52766,365.52766,150797.0,1.0,1.0,0.0,0.0,2.0,1.0,0.0,0.0,2.0,0.0,0.0,0.0,0.0,12.0,12.0,0.0,0.0,2.0,1.0,5.0,9.0,2.0,0,0.0,0.0,0.0,2.0,390.15928,0.0,0.0,0.0,0.0,0.0,0.0,0.0,0.0,0.0,0.0,0.0,0.0,151644,370.74529,1,0,0,0,0,324.625,197573,324.625,1,0
104190550,İnşaat Mühendisliği,GAZİ ÜNİVERSİTESİ,4,SAYISAL,"5, 144",3183.0,Teknoloji Fakültesi,(KKTC Uyruklu),ANKARA,DEVLET,0,1.0,0.0,0.0,0.0,0.0,0.0,0.0,0.0,0.0,0.0,1.0,0.0,0.0,0.0,1.0,0.0,0.0,0.0,0.0,0.0,0.0,3.0,7.0,0.0,0.0,0.0,0.0,0.0,3.0,1.0,0,0.0,0.0,0.0,1.0,334.75309,0.0,0.0,0.0,0.0,0.0,0.0,0.0,0.0,0.0,0.0,0.0,0.0,222274,334.75309,2,0,0,0,0,0.0,0,0.0,0,0
104190551,Odyoloji,GAZİ ÜNİVERSİTESİ,4,SAYISAL,,3163.0,Sağlık Bilimleri Fakültesi,,ANKARA,DEVLET,0,40.0,1.0,255.85369,255.85369,1.0,352.1542,340.84522,192864.0,40.0,33.0,33.0,8.0,9.0,13.0,16.0,23.0,18.0,2.0,5.0,2.0,1.0,3141.0,978.0,180.0,38.0,742.0,193.0,1852.0,551.0,40.0,0,1.0,0.0,1.0,40.0,443.44835,1.0,225.57062,0.0,0.0,1.0,191.89413,0.0,0.0,1.0,0.0,0.0,0.0,216445,337.19433,40,1,0,0,0,309.9440002441406,235031,320.2049865722656,40,1
104190552,Fotonik,GAZİ ÜNİVERSİTESİ,4,SAYISAL,,3193.0,Uygulamalı Bilimler Fakültesi,,ANKARA,DEVLET,0,40.0,1.0,0.0,0.0,0.0,357.52047,284.59098,346052.0,41.0,18.0,16.0,23.0,25.0,6.0,12.0,34.0,27.0,1.0,0.0,0.0,2.0,410.0,465.0,60.0,85.0,123.0,169.0,261.0,319.0,40.0,0,1.0,0.0,1.0,41.0,430.46839,0.0,0.0,0.0,0.0,0.0,0.0,0.0,0.0,0.0,0.0,1.0,0.0,294194,309.36169,45,2,0,0,0,299.5570068359375,266464,368.739013671875,47,0
104190553,Bilişim Güvenliği Teknolojisi,GAZİ ÜNİVERSİTESİ,2,TYT,,17537.0,Tusaş-Kazan Meslek Yüksekokulu,,ANKARA,DEVLET,1,40.0,1.0,295.03555,295.03555,1.0,411.12682,332.60409,507217.0,40.0,9.0,19.0,32.0,23.0,13.0,12.0,20.0,22.0,6.0,3.0,1.0,4.0,1760.0,1155.0,140.0,89.0,462.0,271.0,1107.0,745.0,40.0,0,1.0,0.0,1.0,40.0,385.61071,1.0,311.35827,0.0,0.0,1.0,212.41787,0.0,0.0,3.0,0.0,0.0,0.0,464487,344.18784,50,2,0,0,0,343.90899658203125,452656,408.7919921875,50,2
104190554,Kontrol ve Otomasyon Teknolojisi,GAZİ ÜNİVERSİTESİ,2,TYT,,17538.0,Tusaş-Kazan Meslek Yüksekokulu,,ANKARA,DEVLET,1,40.0,1.0,271.14543,271.14543,1.0,361.11036,314.33225,657021.0,40.0,7.0,5.0,34.0,36.0,17.0,15.0,14.0,21.0,4.0,1.0,5.0,2.0,1154.0,710.0,78.0,50.0,312.0,197.0,766.0,483.0,40.0,0,1.0,0.0,1.0,40.0,379.20336,1.0,248.52839,0.0,0.0,0.0,0.0,0.0,0.0,2.0,0.0,1.0,0.0,640786,322.6682,40,1,0,0,0,334.65899658203125,521553,388.19000244140625,40,1
104190561,Patoloji Laboratuvar Teknikleri,GAZİ ÜNİVERSİTESİ,2,TYT,5,17519.0,Sağlık Hizmetleri Meslek Yüksekokulu,(KKTC Uyruklu),ANKARA,DEVLET,1,2.0,0.0,0.0,0.0,0.0,251.59838,251.59838,1483731.0,1.0,1.0,0.0,0.0,0.0,1.0,0.0,0.0,0.0,0.0,0.0,0.0,0.0,4.0,3.0,0.0,0.0,0.0,1.0,3.0,3.0,1.0,0,0.0,0.0,0.0,0.0,0.0,0.0,0.0,0.0,0.0,0.0,0.0,0.0,0.0,1.0,0.0,0.0,0.0,0,0.0,1,0,0,0,0,241.25100708007812,1807015,241.25100708007812,1,0
104190568,Yönetim Bilişim Sistemleri,GAZİ ÜNİVERSİTESİ,4,EŞİT AĞIRLIK,,3194.0,Uygulamalı Bilimler Fakültesi,,ANKARA,DEVLET,0,30.0,1.0,376.74707,376.74707,1.0,444.77371,394.56868,67407.0,30.0,15.0,9.0,16.0,23.0,6.0,16.0,19.0,13.0,5.0,2.0,0.0,0.0,8417.0,2211.0,2056.0,442.0,4241.0,879.0,6829.0,1608.0,30.0,0,1.0,0.0,1.0,30.0,445.88469,1.0,397.60058,0.0,0.0,1.0,277.76,0.0,0.0,0.0,0.0,0.0,0.0,24280,416.10569,50,2,0,0,0,413.40399169921875,21775,449.3450012207031,50,2
104190582,Matematik Öğretmenliği,GAZİ ÜNİVERSİTESİ,4,SAYISAL,"1, 5, 150",3127.0,Gazi Eğitim Fakültesi,(KKTC Uyruklu),ANKARA,DEVLET,0,1.0,0.0,0.0,0.0,0.0,331.90322,331.90322,211291.0,1.0,0.0,0.0,1.0,0.0,1.0,0.0,0.0,0.0,0.0,0.0,0.0,0.0,4.0,2.0,0.0,0.0,2.0,0.0,3.0,0.0,1.0,0,0.0,0.0,0.0,0.0,0.0,0.0,0.0,0.0,0.0,0.0,0.0,0.0,0.0,1.0,0.0,0.0,0.0,0,0.0,1,0,0,0,0,0.0,0,0.0,0,0
104190596,Hemşirelik,GAZİ ÜNİVERSİTESİ,4,SAYISAL,,3139.0,Hemşirelik Fakültesi,,ANKARA,DEVLET,0,,,,,,,,,,,202.0,,30.0,,90.0,,134.0,,3.0,,4.0,,7299.0,,1632.0,,3652.0,,5769.0,220.0,0,6.0,0.0,6.0,220.0,463.23462,6.0,381.52236,0.0,0.0,6.0,200.1611,0.0,0.0,3.0,0.0,0.0,0.0,103304,406.03328,220,6,0,0,0,390.89599609375,92476,431.8890075683594,220,6
104190603,Elektrik-Elektronik Mühendisliği,GAZİ ÜNİVERSİTESİ,4,SAYISAL,"144, 164, 312",3173.0,Teknoloji Fakültesi,(UOLP-Azerbaycan Teknik Üniversitesi) (Ücretli),ANKARA,DEVLET,0,,,,,,,,,,,1.0,,4.0,,1.0,,4.0,,0.0,,0.0,,27.0,,2.0,,10.0,,19.0,5.0,0,0.0,0.0,0.0,5.0,414.56215,0.0,0.0,0.0,0.0,0.0,0.0,0.0,0.0,0.0,0.0,0.0,0.0,149584,372.02352,5,0,0,0,0,355.4729919433594,139161,409.6440124511719,5,0
104190610,Fizik Öğretmenliği,GAZİ ÜNİVERSİTESİ,4,SAYISAL,"1, 5, 150",3121.0,Gazi Eğitim Fakültesi,(KKTC UYRUKLU),ANKARA,DEVLET,0,,,,,,,,,,,,,,,,,,,,,,,,,,,,,,,,,,,,,,,,,,,,,,,,,0,0.0,1,0,0,0,0,0.0,0,0.0,0,0
104190617,Kimya Mühendisliği,GAZİ ÜNİVERSİTESİ,4,SAYISAL,"5, 22, 23, 24, 144",3156.0,Mühendislik Fakültesi,(İngilizce)KKTC Uyruklu,ANKARA,DEVLET,0,,,,,,,,,,,,,,,,,,,,,,,,,,,,,,,,,,,,,,,,,,,,,,,,,0,0.0,1,0,0,0,0,295.8190002441406,279271,295.8190002441406,1,0
104810017,Diş Hekimliği,HACETTEPE ÜNİVERSİTESİ,5,SAYISAL,147,3437.0,Diş Hekimliği Fakültesi,,ANKARA,DEVLET,0,160.0,4.0,498.71788,495.60569,4.0,524.32808,502.39502,15994.0,160.0,94.0,75.0,70.0,59.0,87.0,95.0,76.0,38.0,1.0,1.0,0.0,0.0,3649.0,2701.0,972.0,790.0,1453.0,1121.0,2319.0,1688.0,130.0,0,0.0,0.0,4.0,130.0,530.26567,4.0,496.46048,0.0,0.0,0.0,0.0,0.0,0.0,0.0,0.0,0.0,0.0,15577,505.05296,130,4,0,0,0,489.2770080566406,15003,534.0780029296875,130,4
104810026,Eczacılık,HACETTEPE ÜNİVERSİTESİ,5,SAYISAL,"148, 149",3439.0,Eczacılık Fakültesi,,ANKARA,DEVLET,0,150.0,4.0,474.81877,467.99078,4.0,536.79761,476.66268,34356.0,150.0,107.0,87.0,47.0,36.0,79.0,72.0,71.0,47.0,3.0,4.0,1.0,0.0,3706.0,2626.0,610.0,504.0,1047.0,796.0,1970.0,1418.0,120.0,0,0.0,0.0,3.0,120.0,518.54294,3.0,466.49266,0.0,0.0,0.0,0.0,0.0,0.0,0.0,0.0,0.0,0.0,35566,476.23845,90,3,0,0,0,454.30499267578125,35500,492.0559997558594,90,3
104810035,Alman Dili ve Edebiyatı,HACETTEPE ÜNİVERSİTESİ,4,DİL,"22, 24, 158, 159",3441.0,Edebiyat Fakültesi,,ANKARA,DEVLET,0,80.0,2.0,0.0,0.0,0.0,487.44078,410.19399,20342.0,82.0,45.0,32.0,37.0,32.0,32.0,29.0,28.0,17.0,8.0,4.0,14.0,13.0,985.0,1188.0,109.0,122.0,318.0,401.0,724.0,916.0,60.0,0,2.0,0.0,2.0,60.0,486.02036,2.0,393.82189,0.0,0.0,2.0,235.90851,0.0,0.0,1.0,0.0,1.0,0.0,16896,429.8767,65,2,0,0,0,427.9330139160156,14547,456.18798828125,67,0
104810044,Amerikan Kültürü ve Edebiyatı,HACETTEPE ÜNİVERSİTESİ,4,DİL,"22, 23, 24, 160",3444.0,Edebiyat Fakültesi,(İngilizce),ANKARA,DEVLET,0,80.0,2.0,328.48611,319.56403,2.0,469.66558,442.13064,11192.0,80.0,51.0,39.0,31.0,23.0,53.0,40.0,22.0,19.0,3.0,2.0,4.0,1.0,1160.0,1226.0,97.0,152.0,351.0,476.0,931.0,1041.0,60.0,0,2.0,0.0,2.0,60.0,486.42658,2.0,446.53208,0.0,0.0,0.0,0.0,0.0,0.0,1.0,0.0,2.0,0.0,9287,456.46931,65,2,0,0,0,458.1549987792969,7050,475.5509948730469,65,2
104810053,Arkeoloji,HACETTEPE ÜNİVERSİTESİ,4,EŞİT AĞIRLIK,,3446.0,Edebiyat Fakültesi,,ANKARA,DEVLET,0,60.0,2.0,243.55154,243.55154,1.0,404.82583,309.14649,353297.0,61.0,31.0,27.0,31.0,27.0,15.0,6.0,6.0,9.0,8.0,11.0,31.0,28.0,1266.0,975.0,152.0,114.0,388.0,327.0,857.0,673.0,50.0,0,2.0,0.0,2.0,52.0,381.21192,0.0,0.0,0.0,0.0,2.0,254.95162,0.0,0.0,3.0,0.0,0.0,0.0,326329,313.35391,30,1,0,0,0,313.7850036621094,266681,352.10400390625,31,0
104810062,Bilgi ve Belge Yönetimi,HACETTEPE ÜNİVERSİTESİ,4,EŞİT AĞIRLIK,"22, 24, 34",3447.0,Edebiyat Fakültesi,,ANKARA,DEVLET,0,70.0,2.0,0.0,0.0,0.0,364.93529,314.98024,321045.0,72.0,49.0,38.0,23.0,16.0,26.0,10.0,27.0,27.0,8.0,4.0,10.0,13.0,992.0,855.0,139.0,134.0,277.0,268.0,638.0,566.0,50.0,0,2.0,0.0,2.0,52.0,367.34219,0.0,0.0,0.0,0.0,2.0,187.42741,0.0,0.0,2.0,0.0,0.0,0.0,278259,322.13493,55,2,0,0,0,317.5249938964844,247323,373.26300048828125,57,0
104810071,Felsefe,HACETTEPE ÜNİVERSİTESİ,4,EŞİT AĞIRLIK,,3449.0,Edebiyat Fakültesi,,ANKARA,DEVLET,0,70.0,2.0,0.0,0.0,0.0,389.93439,322.79144,281848.0,72.0,34.0,38.0,38.0,26.0,14.0,8.0,23.0,12.0,9.0,10.0,26.0,33.0,1083.0,831.0,92.0,99.0,274.0,276.0,697.0,610.0,60.0,0,2.0,0.0,2.0,61.0,375.93335,1.0,272.77592,0.0,0.0,2.0,223.49297,0.0,0.0,7.0,0.0,1.0,0.0,254418,326.91549,50,2,0,0,0,321.70599365234375,227423,380.6700134277344,52,0
104810089,Fransız Dili ve Edebiyatı,HACETTEPE ÜNİVERSİTESİ,4,DİL,"22, 24, 159, 171",3450.0,Edebiyat Fakültesi,,ANKARA,DEVLET,0,60.0,2.0,0.0,0.0,0.0,471.64367,420.94489,16920.0,62.0,44.0,42.0,18.0,20.0,33.0,27.0,16.0,16.0,6.0,10.0,6.0,9.0,780.0,835.0,51.0,77.0,205.0,246.0,581.0,635.0,60.0,0,2.0,0.0,2.0,62.0,486.70515,0.0,0.0,0.0,0.0,0.0,0.0,0.0,0.0,3.0,0.0,2.0,0.0,16175,432.00021,65,2,0,0,0,430.114990234375,13877,467.947998046875,67,0
104810098,İngiliz Dilbilimi,HACETTEPE ÜNİVERSİTESİ,4,DİL,"22, 23, 24, 160",3454.0,Edebiyat Fakültesi,(İngilizce),ANKARA,DEVLET,0,62.0,2.0,426.59793,262.57928,2.0,513.89407,456.01935,8301.0,62.0,39.0,40.0,25.0,23.0,41.0,38.0,16.0,20.0,4.0,4.0,3.0,1.0,886.0,949.0,109.0,101.0,295.0,333.0,711.0,782.0,60.0,0,2.0,0.0,2.0,60.0,499.62019,2.0,455.27266,0.0,0.0,1.0,303.6101,0.0,0.0,0.0,0.0,1.0,0.0,7541,465.13275,65,2,0,0,0,463.7030029296875,6041,484.1099853515625,65,2
104810105,İngiliz Dili ve Edebiyatı,HACETTEPE ÜNİVERSİTESİ,4,DİL,"22, 23, 24, 160",3455.0,Edebiyat Fakültesi,(İngilizce),ANKARA,DEVLET,0,90.0,3.0,439.12555,420.03104,3.0,494.1185,462.64697,7071.0,90.0,64.0,47.0,29.0,16.0,64.0,38.0,24.0,21.0,3.0,4.0,2.0,0.0,1886.0,1831.0,275.0,326.0,785.0,851.0,1602.0,1600.0,60.0,0,2.0,0.0,2.0,60.0,502.55971,2.0,451.85168,0.0,0.0,1.0,411.53666,0.0,0.0,1.0,0.0,1.0,0.0,6002,473.79271,60,2,0,0,0,473.6510009765625,4545,531.3079833984375,60,2
104810141,Psikoloji,HACETTEPE ÜNİVERSİTESİ,4,EŞİT AĞIRLIK,,3457.0,Edebiyat Fakültesi,,ANKARA,DEVLET,0,100.0,3.0,442.92543,427.06148,3.0,480.75572,456.72988,6906.0,100.0,85.0,67.0,18.0,17.0,48.0,53.0,40.0,20.0,14.0,5.0,1.0,3.0,3683.0,2979.0,904.0,748.0,2001.0,1687.0,3056.0,2558.0,80.0,0,2.0,0.0,2.0,80.0,483.69319,2.0,460.07356,0.0,0.0,2.0,416.30243,0.0,0.0,0.0,0.0,1.0,0.0,4388,461.7595,80,2,0,0,0,444.25,5690,482.9570007324219,80,2
104810159,Sanat Tarihi,HACETTEPE ÜNİVERSİTESİ,4,SÖZEL,,3458.0,Edebiyat Fakültesi,,ANKARA,DEVLET,0,80.0,2.0,350.99508,350.99508,1.0,442.18821,356.81694,92079.0,81.0,46.0,36.0,36.0,28.0,12.0,9.0,7.0,9.0,18.0,13.0,42.0,32.0,1059.0,891.0,128.0,133.0,306.0,299.0,741.0,644.0,60.0,0,2.0,0.0,2.0,62.0,456.06038,0.0,0.0,0.0,0.0,2.0,297.65397,0.0,0.0,5.0,0.0,0.0,0.0,67825,366.87517,30,1,0,0,0,397.2900085449219,35207,435.4179992675781,31,0
104810168,Sosyoloji,HACETTEPE ÜNİVERSİTESİ,4,EŞİT AĞIRLIK,,3459.0,Edebiyat Fakültesi,,ANKARA,DEVLET,0,80.0,2.0,302.35543,302.35543,1.0,404.67425,350.39332,175125.0,81.0,57.0,44.0,25.0,30.0,28.0,23.0,34.0,22.0,4.0,12.0,15.0,14.0,1681.0,1131.0,205.0,151.0,479.0,357.0,1101.0,768.0,70.0,0,2.0,0.0,2.0,72.0,411.69233,0.0,0.0,0.0,0.0,2.0,248.33512,0.0,0.0,0.0,0.0,0.0,0.0,162805,349.54657,40,1,0,0,0,348.49700927734375,130338,379.8909912109375,40,1
104810177,Tarih,HACETTEPE ÜNİVERSİTESİ,4,SÖZEL,,3460.0,Edebiyat Fakültesi,,ANKARA,DEVLET,0,80.0,2.0,0.0,0.0,0.0,449.63761,400.10956,22585.0,82.0,17.0,17.0,65.0,47.0,32.0,34.0,21.0,15.0,10.0,8.0,17.0,7.0,1420.0,1310.0,156.0,153.0,547.0,543.0,1086.0,1000.0,60.0,0,2.0,0.0,2.0,61.0,457.74519,1.0,296.9768,0.0,0.0,2.0,259.31159,0.0,0.0,3.0,0.0,0.0,0.0,13073,411.53558,30,1,0,0,0,446.968994140625,3960,478.22198486328125,30,1
104810186,Türk Dili ve Edebiyatı,HACETTEPE ÜNİVERSİTESİ,4,SÖZEL,,3461.0,Edebiyat Fakültesi,,ANKARA,DEVLET,0,80.0,2.0,350.97761,334.75746,2.0,472.42164,387.31914,36043.0,80.0,51.0,42.0,31.0,22.0,38.0,24.0,29.0,30.0,3.0,1.0,11.0,6.0,1527.0,1206.0,286.0,222.0,563.0,470.0,1093.0,900.0,60.0,0,2.0,0.0,2.0,60.0,458.99576,2.0,309.24827,0.0,0.0,2.0,277.7247,0.0,0.0,3.0,0.0,1.0,0.0,25833,395.09343,30,1,0,0,0,423.5929870605469,12043,479.427001953125,30,1
104810195,Türk Halkbilimi,HACETTEPE ÜNİVERSİTESİ,4,SÖZEL,,3462.0,Edebiyat Fakültesi,,ANKARA,DEVLET,0,70.0,2.0,0.0,0.0,0.0,385.87703,319.14062,235304.0,72.0,40.0,27.0,32.0,37.0,10.0,8.0,20.0,10.0,7.0,11.0,31.0,33.0,658.0,759.0,72.0,101.0,183.0,252.0,440.0,536.0,60.0,0,2.0,0.0,2.0,61.0,390.29515,1.0,302.58252,0.0,0.0,2.0,262.09695,0.0,0.0,8.0,0.0,0.0,0.0,165858,333.91056,65,2,0,0,0,347.2120056152344,149597,407.9679870605469,67,0
104810202,Almanca Öğretmenliği,HACETTEPE ÜNİVERSİTESİ,4,DİL,"1, 22, 24, 150, 151, 158, 182",3464.0,Eğitim Fakültesi,(Almanca),ANKARA,DEVLET,0,50.0,2.0,0.0,0.0,0.0,406.8678,322.90736,53076.0,52.0,35.0,33.0,17.0,19.0,28.0,19.0,14.0,18.0,5.0,8.0,4.0,7.0,425.0,258.0,100.0,59.0,234.0,145.0,374.0,224.0,50.0,0,0.0,0.0,2.0,52.0,446.94159,0.0,0.0,0.0,0.0,0.0,0.0,0.0,0.0,9.0,0.0,0.0,0.0,63585,321.10001,50,2,0,0,0,296.0530090332031,75191,421.8349914550781,51,1
104810211,Bilgisayar ve Öğretim Teknolojileri Öğretmenliği,HACETTEPE ÜNİVERSİTESİ,4,SAYISAL,"1, 150, 151",3467.0,Eğitim Fakültesi,,ANKARA,DEVLET,0,40.0,1.0,300.31482,300.31482,1.0,370.11973,321.20485,235624.0,40.0,13.0,20.0,28.0,21.0,13.0,12.0,23.0,27.0,0.0,2.0,4.0,0.0,483.0,682.0,14.0,44.0,53.0,141.0,203.0,389.0,40.0,0,0.0,0.0,1.0,40.0,431.98071,1.0,338.05257,0.0,0.0,0.0,0.0,0.0,0.0,0.0,0.0,0.0,0.0,188553,350.11833,45,2,0,0,0,328.2200012207031,189557,383.74200439453125,47,0
104810229,Biyoloji Öğretmenliği,HACETTEPE ÜNİVERSİTESİ,4,SAYISAL,"1, 150",3468.0,Eğitim Fakültesi,,ANKARA,DEVLET,0,20.0,1.0,0.0,0.0,0.0,362.95439,341.26958,192052.0,21.0,17.0,14.0,4.0,7.0,7.0,6.0,14.0,11.0,0.0,3.0,0.0,1.0,405.0,382.0,17.0,21.0,48.0,45.0,166.0,162.0,20.0,0,0.0,0.0,1.0,21.0,421.93308,0.0,0.0,0.0,0.0,0.0,0.0,0.0,0.0,1.0,0.0,0.0,0.0,196616,346.16284,20,1,0,0,0,309.91900634765625,235098,384.9330139160156,21,0
104810238,Fen Bilgisi Öğretmenliği,HACETTEPE ÜNİVERSİTESİ,4,SAYISAL,"1, 150",3469.0,Eğitim Fakültesi,,ANKARA,DEVLET,0,60.0,2.0,371.31142,340.88553,2.0,427.37514,372.98237,139907.0,60.0,52.0,42.0,10.0,10.0,26.0,23.0,33.0,28.0,3.0,1.0,0.0,0.0,622.0,642.0,71.0,61.0,155.0,148.0,359.0,357.0,50.0,0,0.0,0.0,2.0,51.0,419.03765,1.0,338.09424,0.0,0.0,0.0,0.0,0.0,0.0,0.0,0.0,0.0,0.0,138860,379.08824,50,2,0,0,0,292.14599609375,292391,416.8420104980469,49,0
104810247,Fizik Öğretmenliği,HACETTEPE ÜNİVERSİTESİ,4,SAYISAL,"1, 150, 151",3470.0,Eğitim Fakültesi,,ANKARA,DEVLET,0,20.0,1.0,309.52608,309.52608,1.0,430.38925,378.91751,131709.0,20.0,15.0,13.0,6.0,8.0,7.0,12.0,13.0,9.0,1.0,0.0,0.0,0.0,394.0,289.0,34.0,30.0,90.0,72.0,205.0,159.0,20.0,0,0.0,0.0,1.0,20.0,421.20513,1.0,349.72303,0.0,0.0,0.0,0.0,0.0,0.0,0.0,0.0,0.0,0.0,121612,391.44111,20,1,0,0,0,348.0979919433594,151317,400.3399963378906,21,0
104810256,Fransızca Öğretmenliği,HACETTEPE ÜNİVERSİTESİ,4,DİL,"1, 22, 24, 150, 159, 171",3471.0,Eğitim Fakültesi,,ANKARA,DEVLET,0,45.0,2.0,0.0,0.0,0.0,438.13341,398.87243,24230.0,47.0,32.0,22.0,15.0,14.0,22.0,14.0,15.0,10.0,4.0,5.0,4.0,7.0,636.0,714.0,47.0,61.0,158.0,204.0,447.0,519.0,35.0,0,0.0,0.0,1.0,35.0,469.2627,1.0,354.74635,0.0,0.0,0.0,0.0,0.0,0.0,0.0,0.0,0.0,0.0,20971,418.55423,40,1,0,0,0,416.4750061035156,18338,453.8489990234375,41,0
104810265,İlköğretim Matematik Öğretmenliği,HACETTEPE ÜNİVERSİTESİ,4,SAYISAL,"1, 150",3472.0,Eğitim Fakültesi,,ANKARA,DEVLET,0,60.0,2.0,451.4517,448.58403,2.0,473.01177,452.30916,54599.0,60.0,45.0,35.0,17.0,6.0,24.0,17.0,37.0,24.0,1.0,0.0,0.0,0.0,1557.0,1222.0,249.0,184.0,525.0,398.0,969.0,701.0,40.0,0,0.0,0.0,1.0,40.0,482.18094,1.0,453.20385,0.0,0.0,0.0,0.0,0.0,0.0,0.0,0.0,0.0,0.0,54491,453.96219,45,2,0,0,0,406.26800537109375,76171,442.14898681640625,45,2
104810274,İngilizce Öğretmenliği,HACETTEPE ÜNİVERSİTESİ,4,DİL,"1, 22, 23, 24, 150, 151, 160",3473.0,Eğitim Fakültesi,(İngilizce),ANKARA,DEVLET,0,90.0,3.0,466.63931,459.81804,3.0,477.96551,469.0873,5971.0,90.0,58.0,52.0,35.0,20.0,59.0,1.0,26.0,29.0,6.0,1.0,1.0,0.0,2081.0,1874.0,387.0,352.0,1264.0,1144.0,1883.0,1669.0,70.0,0,0.0,0.0,2.0,70.0,524.79241,2.0,473.94756,0.0,0.0,0.0,0.0,0.0,0.0,0.0,0.0,0.0,0.0,5492,476.93341,40,1,0,0,0,477.9960021972656,3978,483.9010009765625,40,1
104810283,Kimya Öğretmenliği,HACETTEPE ÜNİVERSİTESİ,4,SAYISAL,"1, 150, 151",3474.0,Eğitim Fakültesi,,ANKARA,DEVLET,0,20.0,1.0,0.0,0.0,0.0,426.87618,374.37688,138040.0,21.0,13.0,17.0,8.0,4.0,8.0,8.0,10.0,13.0,2.0,0.0,0.0,0.0,445.0,337.0,50.0,17.0,92.0,50.0,239.0,166.0,20.0,0,0.0,0.0,1.0,21.0,410.55795,0.0,0.0,0.0,0.0,0.0,0.0,0.0,0.0,0.0,0.0,0.0,0.0,128753,386.16209,20,1,0,0,0,323.9599914550781,199078,375.8940124511719,20,1
104810292,Matematik Öğretmenliği,HACETTEPE ÜNİVERSİTESİ,4,SAYISAL,"1, 150, 151",3475.0,Eğitim Fakültesi,,ANKARA,DEVLET,0,20.0,1.0,451.64961,451.64961,1.0,469.3626,459.64962,48303.0,20.0,17.0,17.0,4.0,4.0,8.0,9.0,13.0,11.0,0.0,1.0,0.0,0.0,676.0,467.0,76.0,52.0,181.0,105.0,359.0,220.0,20.0,0,0.0,0.0,1.0,20.0,472.33096,1.0,433.95087,0.0,0.0,0.0,0.0,0.0,0.0,0.0,0.0,0.0,0.0,46513,463.16501,20,1,0,0,0,419.35101318359375,63611,442.03399658203125,20,1
104810308,Okul Öncesi Öğretmenliği,HACETTEPE ÜNİVERSİTESİ,4,SÖZEL,"1, 150, 151",3476.0,Eğitim Fakültesi,,ANKARA,DEVLET,0,80.0,2.0,428.50858,415.58406,2.0,477.90563,432.64443,5634.0,80.0,75.0,53.0,7.0,9.0,42.0,39.0,31.0,22.0,6.0,0.0,2.0,1.0,1634.0,1459.0,366.0,340.0,779.0,746.0,1289.0,1160.0,60.0,0,0.0,0.0,2.0,60.0,479.76819,2.0,433.92608,0.0,0.0,0.0,0.0,0.0,0.0,0.0,0.0,0.0,0.0,3364,439.93502,50,2,0,0,0,449.45599365234375,3507,480.43701171875,50,2
104810317,Rehberlik ve Psikolojik Danışmanlık,HACETTEPE ÜNİVERSİTESİ,4,EŞİT AĞIRLIK,"150, 151",3478.0,Eğitim Fakültesi,,ANKARA,DEVLET,0,70.0,2.0,409.71523,401.56905,2.0,466.5561,412.37368,37604.0,70.0,54.0,46.0,18.0,6.0,38.0,32.0,29.0,16.0,2.0,4.0,1.0,0.0,1101.0,1302.0,189.0,290.0,385.0,489.0,738.0,892.0,50.0,0,0.0,0.0,2.0,50.0,453.40213,2.0,406.51618,0.0,0.0,0.0,0.0,0.0,0.0,0.0,0.0,0.0,0.0,23105,417.22336,50,2,0,0,0,400.2049865722656,34195,447.64898681640625,50,2
104810326,Sınıf Öğretmenliği,HACETTEPE ÜNİVERSİTESİ,4,EŞİT AĞIRLIK,"1, 150, 151",3479.0,Eğitim Fakültesi,,ANKARA,DEVLET,0,70.0,2.0,393.6562,372.37454,2.0,454.00771,394.72967,67088.0,70.0,54.0,46.0,18.0,6.0,31.0,26.0,34.0,24.0,4.0,0.0,2.0,1.0,1720.0,2486.0,159.0,267.0,554.0,871.0,1054.0,1572.0,50.0,0,0.0,0.0,2.0,50.0,489.56621,2.0,381.41271,0.0,0.0,0.0,0.0,0.0,0.0,0.0,0.0,0.0,0.0,49069,397.50034,50,2,0,0,0,389.5159912109375,47450,449.25799560546875,50,2
104810335,Aktüerya Bilimleri,HACETTEPE ÜNİVERSİTESİ,4,SAYISAL,,3483.0,Fen Fakültesi,,ANKARA,DEVLET,0,70.0,2.0,0.0,0.0,0.0,416.25279,296.62923,304206.0,72.0,31.0,19.0,41.0,33.0,24.0,19.0,40.0,26.0,4.0,2.0,4.0,3.0,954.0,1284.0,160.0,296.0,311.0,506.0,609.0,921.0,50.0,0,2.0,0.0,2.0,52.0,377.85275,0.0,0.0,0.0,0.0,0.0,0.0,0.0,0.0,1.0,0.0,2.0,0.0,237203,328.77504,60,2,0,0,0,324.510986328125,197821,385.8320007324219,60,2
104810344,Biyoloji,HACETTEPE ÜNİVERSİTESİ,4,SAYISAL,,3484.0,Fen Fakültesi,,ANKARA,DEVLET,0,100.0,3.0,338.65319,303.40014,3.0,484.63769,371.08229,142546.0,100.0,78.0,54.0,25.0,18.0,58.0,33.0,41.0,35.0,3.0,3.0,0.0,0.0,1470.0,1098.0,219.0,171.0,554.0,392.0,1068.0,746.0,70.0,0,2.0,0.0,2.0,70.0,478.52477,2.0,353.69991,0.0,0.0,0.0,0.0,0.0,0.0,2.0,0.0,2.0,0.0,125900,388.26629,60,2,0,0,0,364.72698974609375,125336,430.864013671875,60,2
104810353,İstatistik,HACETTEPE ÜNİVERSİTESİ,4,SAYISAL,,3485.0,Fen Fakültesi,,ANKARA,DEVLET,0,90.0,3.0,349.32997,339.58534,3.0,436.36382,378.6722,132067.0,90.0,35.0,32.0,58.0,40.0,32.0,20.0,57.0,47.0,2.0,4.0,1.0,0.0,2147.0,2399.0,324.0,308.0,748.0,788.0,1479.0,1683.0,70.0,0,2.0,0.0,2.0,70.0,463.03989,2.0,355.47956,0.0,0.0,0.0,0.0,0.0,0.0,1.0,0.0,2.0,0.0,81885,425.42048,75,2,0,0,0,417.552001953125,65226,471.77099609375,75,2
104810362,Kimya,HACETTEPE ÜNİVERSİTESİ,4,SAYISAL,,3486.0,Fen Fakültesi,,ANKARA,DEVLET,0,90.0,3.0,299.10285,279.85559,3.0,437.89117,352.3214,171949.0,90.0,63.0,58.0,30.0,14.0,43.0,32.0,47.0,39.0,2.0,0.0,0.0,0.0,2125.0,1751.0,213.0,198.0,572.0,482.0,1362.0,1164.0,70.0,0,2.0,0.0,2.0,70.0,454.06403,2.0,301.64242,0.0,0.0,0.0,0.0,0.0,0.0,0.0,0.0,2.0,0.0,131520,384.21481,50,2,0,0,0,376.5679931640625,109542,424.9949951171875,50,2
104810371,Matematik,HACETTEPE ÜNİVERSİTESİ,4,SAYISAL,,3487.0,Fen Fakültesi,,ANKARA,DEVLET,0,100.0,3.0,395.25043,375.43117,3.0,477.36464,415.917,88831.0,100.0,44.0,26.0,59.0,36.0,44.0,31.0,50.0,31.0,7.0,0.0,1.0,0.0,2264.0,1820.0,365.0,287.0,794.0,642.0,1494.0,1226.0,60.0,0,2.0,0.0,2.0,60.0,491.11898,2.0,399.4242,0.0,0.0,0.0,0.0,0.0,0.0,2.0,0.0,2.0,0.0,69761,437.57341,60,2,0,0,0,416.260009765625,66407,483.1570129394531,60,2
104810389,İç Mimarlık ve Çevre Tasarımı,HACETTEPE ÜNİVERSİTESİ,4,EŞİT AĞIRLIK,,3491.0,Güzel Sanatlar Fakültesi,,ANKARA,DEVLET,0,80.0,2.0,370.38249,363.27821,2.0,448.78557,386.75223,82957.0,80.0,63.0,54.0,19.0,10.0,32.0,32.0,36.0,25.0,6.0,3.0,8.0,3.0,2331.0,1935.0,814.0,617.0,1234.0,943.0,1848.0,1492.0,60.0,0,2.0,0.0,2.0,60.0,444.52219,2.0,344.77464,0.0,0.0,2.0,273.83852,0.0,0.0,2.0,0.0,0.0,0.0,62271,389.85615,45,2,0,0,0,378.65399169921875,63920,424.0010070800781,45,2
104810398,Aile ve Tüketici Bilimleri,HACETTEPE ÜNİVERSİTESİ,4,EŞİT AĞIRLIK,,3497.0,İktisadi ve İdari Bilimler Fakültesi,,ANKARA,DEVLET,0,80.0,2.0,0.0,0.0,0.0,383.97882,291.20925,471530.0,82.0,50.0,35.0,32.0,19.0,22.0,8.0,32.0,23.0,12.0,6.0,14.0,16.0,804.0,606.0,113.0,87.0,226.0,188.0,505.0,408.0,50.0,0,2.0,0.0,2.0,51.0,335.98877,1.0,253.56188,0.0,0.0,2.0,210.2543,0.0,0.0,0.0,0.0,0.0,0.0,427954,297.8328,55,2,0,0,0,296.427001953125,374346,336.85400390625,57,0
104810405,İktisat,HACETTEPE ÜNİVERSİTESİ,4,EŞİT AĞIRLIK,,3498.0,İktisadi ve İdari Bilimler Fakültesi,,ANKARA,DEVLET,0,100.0,3.0,311.37539,284.30597,2.0,394.52237,370.58726,119267.0,101.0,38.0,47.0,65.0,32.0,39.0,26.0,45.0,44.0,11.0,3.0,7.0,5.0,1828.0,1931.0,175.0,273.0,570.0,664.0,1300.0,1455.0,75.0,0,2.0,0.0,2.0,75.0,456.50816,2.0,346.3831,0.0,0.0,2.0,200.98068,0.0,0.0,1.0,0.0,0.0,0.0,72984,384.27023,75,2,0,0,0,386.83099365234375,51236,414.6189880371094,75,2
104810414,İktisat,HACETTEPE ÜNİVERSİTESİ,4,EŞİT AĞIRLIK,"22, 23, 24",3499.0,İktisadi ve İdari Bilimler Fakültesi,(İngilizce),ANKARA,DEVLET,0,90.0,3.0,357.67497,333.85312,3.0,466.82745,395.01573,66564.0,90.0,39.0,31.0,54.0,46.0,41.0,37.0,43.0,32.0,4.0,3.0,2.0,5.0,1713.0,1851.0,168.0,178.0,532.0,653.0,1194.0,1347.0,75.0,0,2.0,0.0,2.0,75.0,477.57623,2.0,366.16814,0.0,0.0,0.0,0.0,0.0,0.0,3.0,0.0,2.0,0.0,38246,404.72458,75,2,0,0,0,414.7309875488281,20749,458.4859924316406,75,2
104810432,İşletme,HACETTEPE ÜNİVERSİTESİ,4,EŞİT AĞIRLIK,"22, 23, 24",3500.0,İktisadi ve İdari Bilimler Fakültesi,(İngilizce),ANKARA,DEVLET,0,100.0,3.0,401.70614,380.25983,3.0,451.39019,403.01412,52363.0,100.0,52.0,45.0,51.0,32.0,46.0,44.0,52.0,26.0,4.0,4.0,1.0,3.0,2192.0,2425.0,374.0,437.0,826.0,917.0,1596.0,1791.0,75.0,0,2.0,0.0,2.0,75.0,481.9872,2.0,390.69685,0.0,0.0,0.0,0.0,0.0,0.0,0.0,0.0,2.0,0.0,25471,414.99748,85,3,0,0,0,421.4159851074219,15879,470.6260070800781,85,3
104810441,Maliye,HACETTEPE ÜNİVERSİTESİ,4,EŞİT AĞIRLIK,,3501.0,İktisadi ve İdari Bilimler Fakültesi,,ANKARA,DEVLET,0,80.0,2.0,301.70061,286.44836,2.0,383.98207,357.03559,155294.0,80.0,51.0,34.0,31.0,43.0,25.0,31.0,47.0,34.0,7.0,6.0,2.0,4.0,1637.0,1473.0,189.0,151.0,534.0,491.0,1158.0,1092.0,75.0,0,2.0,0.0,2.0,75.0,402.81852,2.0,278.74355,0.0,0.0,0.0,0.0,0.0,0.0,0.0,0.0,2.0,0.0,125960,361.76516,80,2,0,0,0,361.968994140625,96342,386.6159973144531,80,2
104810468,Siyaset Bilimi ve Kamu Yönetimi,HACETTEPE ÜNİVERSİTESİ,4,EŞİT AĞIRLIK,"22, 23, 24",3505.0,İktisadi ve İdari Bilimler Fakültesi,(İngilizce),ANKARA,DEVLET,0,80.0,2.0,373.18427,365.23167,2.0,419.04033,389.05826,78234.0,80.0,38.0,43.0,44.0,29.0,45.0,48.0,35.0,24.0,1.0,0.0,1.0,0.0,1648.0,1673.0,165.0,158.0,593.0,577.0,1212.0,1254.0,70.0,0,2.0,0.0,2.0,70.0,406.08021,2.0,371.50197,0.0,0.0,0.0,0.0,0.0,0.0,0.0,0.0,2.0,0.0,53849,394.61874,75,2,0,0,0,384.97100830078125,53997,406.0660095214844,75,2
104810486,Uluslararası İlişkiler,HACETTEPE ÜNİVERSİTESİ,4,EŞİT AĞIRLIK,"22, 23, 24",3507.0,İktisadi ve İdari Bilimler Fakültesi,(İngilizce),ANKARA,DEVLET,0,80.0,2.0,389.35763,385.93619,2.0,464.76362,402.25098,53669.0,80.0,55.0,45.0,27.0,27.0,52.0,41.0,27.0,26.0,1.0,0.0,0.0,2.0,1778.0,1814.0,280.0,296.0,631.0,718.0,1288.0,1373.0,70.0,0,2.0,0.0,2.0,70.0,460.64266,2.0,377.07459,0.0,0.0,0.0,0.0,0.0,0.0,0.0,0.0,2.0,0.0,36052,406.34107,75,2,0,0,0,406.89801025390625,27416,456.8760070800781,75,2
104810511,Elektrik-Elektronik Mühendisliği,HACETTEPE ÜNİVERSİTESİ,4,SAYISAL,"22, 23, 24, 144",3514.0,Mühendislik Fakültesi,(İngilizce),ANKARA,DEVLET,0,100.0,3.0,514.15914,510.87223,3.0,533.12157,516.86766,8078.0,100.0,18.0,21.0,85.0,82.0,67.0,79.0,33.0,24.0,2.0,0.0,1.0,0.0,2033.0,1840.0,203.0,186.0,554.0,528.0,1455.0,1360.0,100.0,0,0.0,0.0,3.0,100.0,535.95325,3.0,515.65209,0.0,0.0,0.0,0.0,0.0,0.0,1.0,0.0,0.0,0.0,6838,522.5668,100,3,0,0,0,512.35498046875,6310,532.77001953125,100,3
104810529,Endüstri Mühendisliği,HACETTEPE ÜNİVERSİTESİ,4,SAYISAL,"22, 23, 24, 144",3515.0,Mühendislik Fakültesi,(İngilizce),ANKARA,DEVLET,0,70.0,2.0,494.11593,478.52909,2.0,519.72785,495.09476,20727.0,70.0,37.0,32.0,35.0,40.0,39.0,48.0,30.0,23.0,3.0,1.0,0.0,0.0,2389.0,2227.0,227.0,227.0,670.0,624.0,1647.0,1554.0,70.0,0,0.0,0.0,2.0,70.0,527.24602,2.0,497.75826,0.0,0.0,0.0,0.0,0.0,0.0,0.0,0.0,0.0,0.0,14501,506.8598,75,2,0,0,0,493.0889892578125,13250,528.0269775390625,75,2
104810538,Fizik Mühendisliği,HACETTEPE ÜNİVERSİTESİ,4,SAYISAL,"22, 24, 34, 144",3516.0,Mühendislik Fakültesi,,ANKARA,DEVLET,0,80.0,2.0,356.43481,352.91767,2.0,476.1526,381.28618,128652.0,80.0,31.0,29.0,51.0,33.0,39.0,28.0,41.0,34.0,0.0,0.0,1.0,0.0,728.0,1108.0,90.0,146.0,218.0,348.0,466.0,741.0,60.0,0,0.0,0.0,2.0,60.0,489.29647,2.0,403.75379,0.0,0.0,0.0,0.0,0.0,0.0,0.0,0.0,0.0,0.0,85874,421.68447,65,2,0,0,0,407.61700439453125,74811,486.9840087890625,65,2
104810547,Gıda Mühendisliği,HACETTEPE ÜNİVERSİTESİ,4,SAYISAL,"22, 24, 34, 144",3517.0,Mühendislik Fakültesi,,ANKARA,DEVLET,0,80.0,2.0,387.46593,377.57112,2.0,447.51673,391.85836,115515.0,80.0,65.0,48.0,17.0,14.0,29.0,27.0,47.0,32.0,6.0,2.0,0.0,0.0,1285.0,1135.0,87.0,86.0,276.0,241.0,758.0,685.0,60.0,0,0.0,0.0,2.0,60.0,464.15436,2.0,394.70769,0.0,0.0,0.0,0.0,0.0,0.0,0.0,0.0,0.0,0.0,93963,414.1239,50,2,0,0,0,391.9859924316406,91264,429.75,50,2
104810556,Hidrojeoloji Mühendisliği,HACETTEPE ÜNİVERSİTESİ,4,SAYISAL,144,3519.0,Mühendislik Fakültesi,,ANKARA,DEVLET,0,30.0,1.0,0.0,0.0,0.0,366.95466,305.14647,278231.0,31.0,12.0,7.0,19.0,24.0,5.0,11.0,22.0,15.0,2.0,0.0,2.0,4.0,127.0,411.0,7.0,19.0,20.0,81.0,56.0,226.0,30.0,0,0.0,0.0,1.0,31.0,352.94338,0.0,0.0,0.0,0.0,0.0,0.0,0.0,0.0,2.0,0.0,0.0,0.0,223758,334.141,25,1,0,0,0,328.27099609375,189468,359.2090148925781,26,0
104810565,Jeoloji Mühendisliği,HACETTEPE ÜNİVERSİTESİ,4,SAYISAL,144,3522.0,Mühendislik Fakültesi,,ANKARA,DEVLET,0,50.0,2.0,0.0,0.0,0.0,365.98021,325.9656,224396.0,52.0,23.0,27.0,29.0,25.0,14.0,22.0,34.0,25.0,3.0,0.0,0.0,4.0,457.0,778.0,16.0,63.0,48.0,157.0,211.0,449.0,50.0,0,0.0,0.0,2.0,51.0,415.78929,1.0,323.37688,0.0,0.0,0.0,0.0,0.0,0.0,0.0,0.0,0.0,0.0,185042,351.84046,30,1,0,0,0,349.9460144042969,148206,399.8699951171875,31,0
104810574,Kimya Mühendisliği,HACETTEPE ÜNİVERSİTESİ,4,SAYISAL,"22, 23, 24, 144",3523.0,Mühendislik Fakültesi,(İngilizce),ANKARA,DEVLET,0,80.0,2.0,445.50737,441.46645,2.0,492.45211,457.26711,50290.0,80.0,49.0,44.0,33.0,28.0,36.0,44.0,44.0,28.0,2.0,0.0,0.0,0.0,2242.0,2355.0,197.0,228.0,590.0,582.0,1447.0,1516.0,70.0,0,0.0,0.0,2.0,70.0,506.05778,2.0,466.28206,0.0,0.0,0.0,0.0,0.0,0.0,0.0,0.0,0.0,0.0,40836,469.65744,50,2,0,0,0,454.5320129394531,35353,498.2919921875,50,2
104810583,Maden Mühendisliği,HACETTEPE ÜNİVERSİTESİ,4,SAYISAL,"22, 23, 24, 144",3524.0,Mühendislik Fakültesi,(İngilizce),ANKARA,DEVLET,0,60.0,2.0,0.0,0.0,0.0,421.2052,356.31471,165110.0,62.0,13.0,14.0,49.0,38.0,22.0,12.0,35.0,35.0,3.0,4.0,1.0,0.0,602.0,647.0,39.0,66.0,132.0,151.0,367.0,422.0,50.0,0,0.0,0.0,2.0,52.0,447.38774,0.0,0.0,0.0,0.0,0.0,0.0,0.0,0.0,0.0,0.0,0.0,0.0,140039,378.27716,40,1,0,0,0,368.1400146484375,120474,423.3429870605469,40,1
104810592,Nükleer Enerji Mühendisliği,HACETTEPE ÜNİVERSİTESİ,4,SAYISAL,"22, 23, 24, 144",3526.0,Mühendislik Fakültesi,(İngilizce),ANKARA,DEVLET,0,60.0,2.0,398.15462,386.42725,2.0,476.65224,417.8038,86946.0,60.0,20.0,16.0,42.0,36.0,23.0,31.0,37.0,20.0,2.0,0.0,0.0,0.0,1046.0,1295.0,126.0,172.0,280.0,343.0,634.0,798.0,50.0,0,0.0,0.0,2.0,50.0,468.76997,2.0,399.81128,0.0,0.0,0.0,0.0,0.0,0.0,0.0,0.0,0.0,0.0,65782,441.84044,55,2,0,0,0,425.0979919433594,58557,471.64898681640625,55,2
104810617,Tıp,HACETTEPE ÜNİVERSİTESİ,6,SAYISAL,"22, 24, 34, 155",3540.0,Tıp Fakültesi,,ANKARA,DEVLET,0,220.0,6.0,533.23755,532.94343,6.0,549.58764,533.36889,2290.0,220.0,125.0,117.0,101.0,109.0,182.0,213.0,40.0,12.0,4.0,1.0,0.0,0.0,3410.0,3923.0,1347.0,1486.0,2539.0,2943.0,3210.0,3652.0,220.0,0,0.0,0.0,6.0,220.0,555.64393,6.0,538.31357,0.0,0.0,0.0,0.0,0.0,0.0,0.0,0.0,0.0,0.0,1754,538.78666,230,6,0,0,0,532.1199951171875,1938,552.4869995117188,230,6
104810626,Tıp,HACETTEPE ÜNİVERSİTESİ,6,SAYISAL,"22, 23, 24, 155",3541.0,Tıp Fakültesi,(İngilizce),ANKARA,DEVLET,0,170.0,5.0,536.80047,535.42379,5.0,552.64308,537.51226,1482.0,170.0,86.0,98.0,89.0,77.0,157.0,163.0,17.0,12.0,1.0,0.0,0.0,0.0,1748.0,2136.0,636.0,956.0,1153.0,1434.0,1591.0,1920.0,170.0,0,0.0,0.0,5.0,170.0,559.5332,5.0,541.37655,0.0,0.0,0.0,0.0,0.0,0.0,0.0,0.0,0.0,0.0,1089,542.31634,175,5,0,0,0,537.198974609375,1241,559.7509765625,175,5
104810705,Hemşirelik,HACETTEPE ÜNİVERSİTESİ,4,SAYISAL,"22, 24, 34",3493.0,Hemşirelik Fakültesi,,ANKARA,DEVLET,0,200.0,5.0,417.45941,411.20156,5.0,471.5843,427.05086,77738.0,200.0,178.0,133.0,27.0,25.0,66.0,67.0,136.0,86.0,2.0,0.0,0.0,4.0,4543.0,3849.0,1608.0,1396.0,2346.0,2007.0,3394.0,2836.0,150.0,0,4.0,0.0,4.0,150.0,464.82291,4.0,419.80607,0.0,0.0,4.0,193.36783,0.0,0.0,2.0,0.0,0.0,0.0,74033,433.09752,150,4,0,0,0,411.99700927734375,70524,458.3070068359375,150,4
104810714,Fizyoterapi ve Rehabilitasyon,HACETTEPE ÜNİVERSİTESİ,4,SAYISAL,,3489.0,Fizik Tedavi ve Rehabilitasyon Fakültesi,,ANKARA,DEVLET,0,120.0,3.0,385.86793,378.528,3.0,475.38015,407.57365,97777.0,120.0,93.0,75.0,30.0,31.0,42.0,42.0,74.0,62.0,7.0,1.0,0.0,1.0,2186.0,1388.0,516.0,333.0,863.0,538.0,1514.0,981.0,100.0,0,3.0,0.0,3.0,100.0,487.01729,3.0,388.13476,0.0,0.0,3.0,200.57293,0.0,0.0,1.0,0.0,0.0,0.0,102847,406.39246,105,3,0,0,0,373.739013671875,113103,427.27099609375,105,3
104810723,Çocuk Gelişimi,HACETTEPE ÜNİVERSİTESİ,4,EŞİT AĞIRLIK,,3531.0,Sağlık Bilimleri Fakültesi,,ANKARA,DEVLET,0,70.0,2.0,337.064,335.62176,2.0,408.54043,356.91198,155628.0,70.0,67.0,52.0,5.0,2.0,26.0,26.0,38.0,22.0,4.0,0.0,4.0,6.0,2781.0,1944.0,666.0,432.0,1105.0,713.0,1919.0,1311.0,50.0,0,2.0,0.0,2.0,50.0,392.79676,2.0,314.96888,0.0,0.0,2.0,231.28731,0.0,0.0,0.0,0.0,0.0,0.0,131357,359.82345,40,1,0,0,0,352.5429992675781,119409,382.8609924316406,40,1
104810732,Beslenme ve Diyetetik,HACETTEPE ÜNİVERSİTESİ,4,SAYISAL,,3530.0,Sağlık Bilimleri Fakültesi,,ANKARA,DEVLET,0,100.0,3.0,426.1594,419.99016,3.0,463.96936,429.0956,75721.0,100.0,94.0,76.0,9.0,8.0,43.0,35.0,57.0,44.0,2.0,3.0,0.0,1.0,1865.0,1436.0,562.0,428.0,837.0,629.0,1329.0,1028.0,80.0,0,2.0,0.0,2.0,80.0,476.65929,2.0,414.85076,0.0,0.0,2.0,226.17258,0.0,0.0,0.0,0.0,0.0,0.0,81933,425.37672,30,1,0,0,0,403.4949951171875,78965,444.4100036621094,30,1
104810741,Ergoterapi,HACETTEPE ÜNİVERSİTESİ,4,SAYISAL,,3533.0,Sağlık Bilimleri Fakültesi,,ANKARA,DEVLET,0,70.0,2.0,360.41002,359.30922,2.0,455.0409,377.77172,133284.0,70.0,68.0,59.0,4.0,5.0,29.0,32.0,43.0,31.0,0.0,0.0,0.0,1.0,945.0,896.0,241.0,225.0,357.0,375.0,654.0,659.0,60.0,0,2.0,0.0,2.0,60.0,466.43141,2.0,356.18377,0.0,0.0,2.0,175.70023,0.0,0.0,0.0,0.0,0.0,0.0,123823,389.83312,65,2,0,0,0,358.802001953125,133948,426.5140075683594,65,2
104810759,Hukuk,HACETTEPE ÜNİVERSİTESİ,4,EŞİT AĞIRLIK,162,3495.0,Hukuk Fakültesi,,ANKARA,DEVLET,0,240.0,6.0,458.35215,451.55887,6.0,503.34959,459.60861,6201.0,240.0,145.0,103.0,101.0,51.0,109.0,93.0,123.0,55.0,7.0,3.0,5.0,1.0,5497.0,5527.0,483.0,537.0,3112.0,3458.0,4974.0,5109.0,150.0,0,0.0,0.0,4.0,150.0,491.53515,4.0,456.31139,0.0,0.0,0.0,0.0,0.0,0.0,0.0,0.0,0.0,0.0,4090,463.98076,150,4,0,0,0,451.0539855957031,4048,480.67498779296875,150,4
104810786,Odyoloji,HACETTEPE ÜNİVERSİTESİ,4,SAYISAL,,3535.0,Sağlık Bilimleri Fakültesi,,ANKARA,DEVLET,0,80.0,2.0,322.38723,314.76374,2.0,421.20104,353.32914,170279.0,80.0,62.0,52.0,20.0,32.0,27.0,30.0,50.0,45.0,3.0,4.0,2.0,4.0,2406.0,990.0,394.0,131.0,730.0,268.0,1542.0,596.0,80.0,0,2.0,0.0,2.0,80.0,416.88972,2.0,255.14742,0.0,0.0,2.0,218.59888,0.0,0.0,4.0,0.0,0.0,0.0,197659,345.65148,70,2,0,0,0,320.5060119628906,207309,386.10101318359375,70,2
104810802,Dil ve Konuşma Terapisi,HACETTEPE ÜNİVERSİTESİ,4,SAYISAL,,3532.0,Sağlık Bilimleri Fakültesi,,ANKARA,DEVLET,0,60.0,2.0,439.3002,438.23085,2.0,477.77245,452.80516,54145.0,60.0,53.0,50.0,9.0,4.0,17.0,18.0,43.0,31.0,1.0,3.0,1.0,2.0,1484.0,1109.0,436.0,352.0,697.0,495.0,1064.0,731.0,50.0,0,2.0,0.0,2.0,50.0,478.76855,2.0,430.36541,0.0,0.0,2.0,192.32112,0.0,0.0,1.0,0.0,0.0,0.0,58123,450.09895,55,2,0,0,0,428.989013671875,55158,459.74200439453125,55,2
104810811,Çevre Mühendisliği,HACETTEPE ÜNİVERSİTESİ,4,SAYISAL,"22, 23, 24, 144",3513.0,Mühendislik Fakültesi,(İngilizce),ANKARA,DEVLET,0,70.0,2.0,338.38705,338.38705,1.0,418.18103,373.55785,139163.0,71.0,54.0,51.0,18.0,21.0,32.0,33.0,37.0,35.0,2.0,3.0,0.0,0.0,844.0,802.0,43.0,35.0,150.0,136.0,459.0,476.0,70.0,0,0.0,0.0,2.0,70.0,444.40528,2.0,375.52234,0.0,0.0,0.0,0.0,0.0,0.0,3.0,0.0,0.0,0.0,118160,394.09549,52,2,0,0,0,380.4989929199219,104705,423.489990234375,52,2
104810829,İnşaat Mühendisliği,HACETTEPE ÜNİVERSİTESİ,4,SAYISAL,"22, 23, 24, 144",3521.0,Mühendislik Fakültesi,(İngilizce),ANKARA,DEVLET,0,80.0,2.0,413.69657,378.35152,2.0,452.92764,417.69214,87061.0,80.0,23.0,12.0,59.0,40.0,36.0,31.0,43.0,21.0,2.0,0.0,1.0,0.0,1181.0,1184.0,94.0,102.0,279.0,318.0,701.0,765.0,50.0,0,0.0,0.0,2.0,50.0,467.40612,2.0,425.65205,0.0,0.0,0.0,0.0,0.0,0.0,0.0,0.0,0.0,0.0,76051,431.10209,50,2,0,0,0,411.6730041503906,70828,450.37799072265625,50,2
104810838,Çağdaş Türk Lehçeleri ve Edebiyatları,HACETTEPE ÜNİVERSİTESİ,4,SÖZEL,,3448.0,Edebiyat Fakültesi,,ANKARA,DEVLET,0,50.0,2.0,0.0,0.0,0.0,394.5449,333.72191,167390.0,52.0,26.0,21.0,26.0,21.0,11.0,9.0,13.0,14.0,11.0,8.0,15.0,11.0,614.0,680.0,81.0,102.0,178.0,237.0,428.0,502.0,40.0,0,1.0,0.0,1.0,40.0,377.32535,1.0,335.96675,0.0,0.0,1.0,332.66281,0.0,0.0,2.0,0.0,0.0,0.0,123530,345.67351,45,2,0,0,0,361.947998046875,103815,409.6159973144531,47,0
104810908,Ergoterapi,HACETTEPE ÜNİVERSİTESİ,4,SAYISAL,5,3534.0,Sağlık Bilimleri Fakültesi,(KKTC Uyruklu),ANKARA,DEVLET,0,1.0,0.0,0.0,0.0,0.0,273.22421,273.22421,392693.0,1.0,1.0,0.0,0.0,0.0,1.0,0.0,0.0,0.0,0.0,0.0,0.0,0.0,10.0,7.0,1.0,0.0,3.0,0.0,7.0,4.0,1.0,0,0.0,0.0,0.0,0.0,0.0,0.0,0.0,0.0,0.0,0.0,0.0,0.0,0.0,1.0,0.0,0.0,0.0,0,0.0,1,0,0,0,0,338.9909973144531,167701,338.9909973144531,1,0
104810917,Bilgisayar Mühendisliği,HACETTEPE ÜNİVERSİTESİ,4,SAYISAL,"22, 23, 24, 144",3512.0,Mühendislik Fakültesi,(İngilizce),ANKARA,DEVLET,0,105.0,3.0,527.95935,524.57438,3.0,539.17443,528.35762,3576.0,105.0,15.0,19.0,93.0,99.0,86.0,95.0,20.0,21.0,2.0,2.0,0.0,0.0,3918.0,2480.0,669.0,337.0,1663.0,970.0,3409.0,2122.0,115.0,0,0.0,0.0,3.0,115.0,542.10472,3.0,529.7992,0.0,0.0,0.0,0.0,0.0,0.0,0.0,0.0,0.0,0.0,3388,532.42525,120,3,0,0,0,519.7009887695312,4382,537.1400146484375,120,3
104810935,Hidrojeoloji Mühendisliği,HACETTEPE ÜNİVERSİTESİ,4,SAYISAL,"5, 144",3520.0,Mühendislik Fakültesi,(KKTC UYRUKLU),ANKARA,DEVLET,0,,,,,,,,,,,,,,,,,,,,,,,,,,,,,,,,,,,,,,,,,,,,,,,,,0,0.0,1,0,0,0,0,0.0,0,0.0,0,0
104810971,Türkçe Öğretmenliği,HACETTEPE ÜNİVERSİTESİ,4,SÖZEL,"1, 150, 151",3481.0,Eğitim Fakültesi,,ANKARA,DEVLET,0,60.0,2.0,416.68487,394.07907,2.0,478.45346,424.71433,8000.0,60.0,43.0,25.0,19.0,16.0,37.0,22.0,22.0,18.0,1.0,0.0,0.0,1.0,834.0,1025.0,252.0,329.0,404.0,520.0,654.0,804.0,40.0,0,0.0,0.0,1.0,40.0,484.40043,1.0,427.11117,0.0,0.0,0.0,0.0,0.0,0.0,0.0,0.0,0.0,0.0,4635,433.43926,45,2,0,0,0,441.20001220703125,5234,470.3500061035156,45,2
104810989,Sosyal Hizmet,HACETTEPE ÜNİVERSİTESİ,4,EŞİT AĞIRLIK,,3506.0,İktisadi ve İdari Bilimler Fakültesi,,ANKARA,DEVLET,0,150.0,4.0,309.3148,287.01436,4.0,391.08698,338.04456,217439.0,150.0,121.0,82.0,33.0,24.0,54.0,33.0,86.0,56.0,8.0,9.0,6.0,6.0,1987.0,1574.0,336.0,283.0,582.0,502.0,1249.0,1032.0,100.0,0,3.0,0.0,3.0,100.0,382.73335,3.0,271.55958,0.0,0.0,3.0,235.93846,0.0,0.0,3.0,0.0,0.0,0.0,199159,339.57953,105,3,0,0,0,331.9809875488281,184244,373.1520080566406,105,3
104811033,Özel Eğitim Öğretmenliği,HACETTEPE ÜNİVERSİTESİ,4,SÖZEL,"1, 150, 151",3477.0,Eğitim Fakültesi,,ANKARA,DEVLET,0,60.0,2.0,442.61408,442.31706,2.0,477.68094,444.23147,3372.0,60.0,34.0,26.0,28.0,15.0,27.0,22.0,25.0,16.0,3.0,2.0,7.0,1.0,1132.0,1662.0,406.0,695.0,663.0,1055.0,960.0,1429.0,40.0,0,0.0,0.0,1.0,40.0,499.30841,1.0,453.0988,0.0,0.0,0.0,0.0,0.0,0.0,0.0,0.0,0.0,0.0,1448,457.35636,40,1,0,0,0,468.8890075683594,1377,504.72100830078125,40,1
104811042,Sağlık Yönetimi,HACETTEPE ÜNİVERSİTESİ,4,EŞİT AĞIRLIK,,3504.0,İktisadi ve İdari Bilimler Fakültesi,,ANKARA,DEVLET,0,80.0,2.0,295.04853,291.20251,2.0,380.43485,329.27869,252655.0,80.0,55.0,48.0,27.0,16.0,27.0,2.0,40.0,26.0,7.0,9.0,7.0,17.0,2205.0,1453.0,339.0,214.0,652.0,424.0,1427.0,916.0,60.0,0,2.0,0.0,2.0,60.0,406.70668,2.0,283.96408,0.0,0.0,2.0,217.92527,0.0,0.0,2.0,0.0,0.0,0.0,219821,334.51739,65,2,0,0,0,329.47698974609375,193870,351.9079895019531,65,2
104850034,Odyometri,HACETTEPE ÜNİVERSİTESİ,2,TYT,,17823.0,Sağlık Hizmetleri Meslek Yüksekokulu,,ANKARA,DEVLET,1,70.0,2.0,341.43514,300.59434,2.0,418.85269,348.97137,400644.0,70.0,46.0,55.0,26.0,19.0,23.0,17.0,24.0,30.0,9.0,10.0,15.0,14.0,3195.0,1922.0,366.0,248.0,812.0,509.0,1887.0,1158.0,70.0,0,2.0,0.0,2.0,70.0,414.33072,2.0,286.86376,0.0,0.0,2.0,259.24104,0.0,0.0,3.0,0.0,0.0,0.0,417569,351.07996,70,2,0,0,0,351.4599914550781,402984,405.6860046386719,70,2
104850061,Tıbbi Dokümantasyon ve Sekreterlik,HACETTEPE ÜNİVERSİTESİ,2,TYT,,17827.0,Sağlık Hizmetleri Meslek Yüksekokulu,,ANKARA,DEVLET,1,70.0,2.0,328.26051,313.87461,2.0,432.3734,338.98258,462858.0,70.0,51.0,49.0,21.0,25.0,28.0,24.0,29.0,30.0,9.0,10.0,6.0,6.0,3914.0,5144.0,410.0,777.0,896.0,1512.0,2142.0,3152.0,70.0,0,2.0,0.0,2.0,70.0,403.0711,2.0,334.43526,0.0,0.0,2.0,298.94922,0.0,0.0,5.0,0.0,0.0,0.0,358669,360.9129,70,2,0,0,0,363.35101318359375,336220,434.29998779296875,70,2
104850113,Turizm ve Otel İşletmeciliği,HACETTEPE ÜNİVERSİTESİ,2,TYT,,17834.0,Sosyal Bilimler Meslek Yüksekokulu,,ANKARA,DEVLET,1,95.0,3.0,0.0,0.0,0.0,459.94315,298.19966,818194.0,98.0,35.0,48.0,63.0,53.0,19.0,14.0,27.0,21.0,27.0,31.0,24.0,31.0,2532.0,1717.0,263.0,185.0,642.0,455.0,1527.0,1055.0,95.0,0,3.0,0.0,3.0,98.0,399.00726,0.0,0.0,0.0,0.0,3.0,234.69842,0.0,0.0,6.0,0.0,0.0,0.0,787700,308.25398,95,3,0,0,0,316.4849853515625,690605,401.20001220703125,97,1
104850334,Muhasebe ve Vergi Uygulamaları,HACETTEPE ÜNİVERSİTESİ,2,TYT,,17832.0,Sosyal Bilimler Meslek Yüksekokulu,,ANKARA,DEVLET,1,95.0,3.0,270.29476,270.29476,1.0,434.41287,306.40682,732862.0,97.0,48.0,61.0,50.0,40.0,18.0,12.0,42.0,40.0,21.0,22.0,13.0,25.0,2052.0,1558.0,253.0,205.0,539.0,440.0,1196.0,967.0,95.0,0,3.0,0.0,3.0,98.0,455.36127,0.0,0.0,0.0,0.0,3.0,229.98965,0.0,0.0,17.0,0.0,1.0,0.0,749354,311.81014,95,3,0,0,0,322.3940124511719,630596,419.9939880371094,95,3
104850388,Diş Protez Teknolojisi,HACETTEPE ÜNİVERSİTESİ,2,TYT,,17819.0,Sağlık Hizmetleri Meslek Yüksekokulu,,ANKARA,DEVLET,1,70.0,2.0,289.50007,279.177,2.0,453.76733,360.26993,340064.0,70.0,40.0,42.0,32.0,32.0,29.0,16.0,35.0,45.0,2.0,8.0,6.0,3.0,4333.0,2619.0,718.0,646.0,1422.0,1096.0,2835.0,1881.0,70.0,0,2.0,0.0,2.0,70.0,439.19758,2.0,301.82135,0.0,0.0,2.0,244.39905,0.0,0.0,1.0,0.0,0.0,0.0,297564,372.87907,70,2,0,0,0,381.79998779296875,253673,443.9079895019531,70,2
104850431,Tıbbi Laboratuvar Teknikleri,HACETTEPE ÜNİVERSİTESİ,2,TYT,,17829.0,Sağlık Hizmetleri Meslek Yüksekokulu,,ANKARA,DEVLET,1,70.0,2.0,350.11057,283.35307,2.0,436.27248,355.04779,366808.0,70.0,47.0,54.0,25.0,20.0,19.0,17.0,38.0,35.0,8.0,14.0,7.0,5.0,3494.0,2726.0,273.0,206.0,796.0,571.0,2110.0,1644.0,70.0,0,2.0,0.0,2.0,70.0,411.27521,2.0,303.66849,0.0,0.0,2.0,214.8472,0.0,0.0,2.0,0.0,0.0,0.0,345454,363.32476,70,2,0,0,0,367.99798583984375,313311,444.4179992675781,70,2
104850449,Ortopedik Protez ve Ortez,HACETTEPE ÜNİVERSİTESİ,2,TYT,,17825.0,Sağlık Hizmetleri Meslek Yüksekokulu,,ANKARA,DEVLET,1,70.0,2.0,294.24558,276.59835,2.0,417.14028,337.16513,475200.0,70.0,36.0,40.0,36.0,34.0,21.0,17.0,34.0,38.0,7.0,11.0,9.0,7.0,1838.0,931.0,180.0,78.0,409.0,193.0,1030.0,530.0,70.0,0,2.0,0.0,2.0,70.0,402.64581,2.0,288.34372,0.0,0.0,2.0,202.74762,0.0,0.0,10.0,0.0,0.0,0.0,522994,336.36419,70,2,0,0,0,341.68499755859375,468237,416.28399658203125,70,2
104850458,Tıbbi Görüntüleme Teknikleri,HACETTEPE ÜNİVERSİTESİ,2,TYT,,17828.0,Sağlık Hizmetleri Meslek Yüksekokulu,,ANKARA,DEVLET,1,70.0,2.0,359.61111,325.01984,2.0,463.05188,370.8287,291407.0,70.0,36.0,47.0,36.0,27.0,21.0,23.0,34.0,35.0,10.0,8.0,6.0,5.0,4083.0,3240.0,550.0,398.0,1235.0,946.0,2639.0,2097.0,70.0,0,2.0,0.0,2.0,70.0,428.25683,2.0,309.94511,0.0,0.0,2.0,228.6876,0.0,0.0,0.0,0.0,0.0,0.0,298195,372.74412,70,2,0,0,0,382.656005859375,250285,494.906005859375,70,2
104850476,Radyoterapi,HACETTEPE ÜNİVERSİTESİ,2,TYT,,17826.0,Sağlık Hizmetleri Meslek Yüksekokulu,,ANKARA,DEVLET,1,70.0,2.0,320.13265,279.68364,2.0,397.43014,335.36254,487653.0,70.0,52.0,57.0,20.0,17.0,32.0,15.0,26.0,45.0,5.0,8.0,7.0,3.0,3602.0,1928.0,197.0,96.0,624.0,325.0,1966.0,1040.0,70.0,0,2.0,0.0,2.0,72.0,373.70834,0.0,0.0,0.0,0.0,2.0,200.12294,0.0,0.0,1.0,0.0,0.0,0.0,489060,340.79839,70,2,0,0,0,345.28900146484375,443072,394.6289978027344,70,2
104850485,Eczane Hizmetleri,HACETTEPE ÜNİVERSİTESİ,2,TYT,,17820.0,Sağlık Hizmetleri Meslek Yüksekokulu,,ANKARA,DEVLET,1,70.0,2.0,331.5865,286.481,2.0,400.31725,338.46256,466430.0,70.0,54.0,43.0,18.0,31.0,18.0,16.0,31.0,24.0,10.0,17.0,13.0,16.0,3219.0,2080.0,318.0,198.0,769.0,515.0,1882.0,1256.0,70.0,0,2.0,0.0,2.0,70.0,475.03401,2.0,218.91202,0.0,0.0,2.0,244.06597,0.0,0.0,10.0,0.0,0.0,0.0,465912,343.99037,70,2,0,0,0,346.6610107421875,433788,444.90301513671875,70,2
104850494,Büro Yönetimi ve Yönetici Asistanlığı,HACETTEPE ÜNİVERSİTESİ,2,TYT,,17831.0,Sosyal Bilimler Meslek Yüksekokulu,,ANKARA,DEVLET,1,95.0,3.0,0.0,0.0,0.0,367.66776,293.60104,872245.0,98.0,56.0,70.0,42.0,31.0,23.0,14.0,41.0,43.0,19.0,21.0,12.0,20.0,2473.0,2082.0,230.0,205.0,611.0,557.0,1473.0,1285.0,95.0,0,3.0,0.0,3.0,97.0,388.38434,1.0,268.93354,0.0,0.0,3.0,237.04102,0.0,0.0,5.0,0.0,0.0,0.0,808183,306.42503,95,3,0,0,0,319.2569885253906,662017,396.3420104980469,95,3
104850501,İlk ve Acil Yardım,HACETTEPE ÜNİVERSİTESİ,2,TYT,,17822.0,Sağlık Hizmetleri Meslek Yüksekokulu,,ANKARA,DEVLET,1,70.0,2.0,359.58936,356.65809,2.0,473.13116,386.45086,229650.0,70.0,47.0,51.0,25.0,23.0,23.0,1.0,38.0,41.0,7.0,13.0,4.0,3.0,5329.0,3481.0,1566.0,891.0,2419.0,1440.0,3856.0,2453.0,70.0,0,2.0,0.0,2.0,70.0,463.48067,2.0,359.64573,0.0,0.0,2.0,228.66977,0.0,0.0,2.0,0.0,0.0,0.0,234625,387.9195,70,2,0,0,0,391.4840087890625,218420,458.6180114746094,70,2
104850519,Alternatif Enerji Kaynakları Teknolojisi,HACETTEPE ÜNİVERSİTESİ,2,TYT,321,17811.0,Hacettepe Ankara Sanayi Odası 1. Osb Meslek Yüksekokulu,,ANKARA,DEVLET,1,70.0,2.0,301.09779,244.42965,2.0,405.55117,307.4054,720242.0,70.0,17.0,20.0,55.0,54.0,23.0,21.0,32.0,36.0,12.0,7.0,4.0,8.0,1430.0,921.0,169.0,116.0,364.0,267.0,882.0,598.0,70.0,0,2.0,0.0,2.0,71.0,369.17822,1.0,258.67157,0.0,0.0,2.0,222.40593,0.0,0.0,6.0,0.0,1.0,0.0,764539,310.38957,70,2,0,0,0,312.8169860839844,730212,384.04400634765625,72,0
104850528,Endüstri Ürünleri Tasarımı,HACETTEPE ÜNİVERSİTESİ,2,TYT,321,17813.0,Hacettepe Ankara Sanayi Odası 1. Osb Meslek Yüksekokulu,,ANKARA,DEVLET,1,70.0,2.0,0.0,0.0,0.0,371.14488,301.31794,786681.0,72.0,46.0,45.0,26.0,28.0,16.0,15.0,34.0,32.0,9.0,13.0,10.0,12.0,1023.0,763.0,93.0,69.0,264.0,182.0,619.0,507.0,70.0,0,2.0,0.0,2.0,72.0,400.93821,0.0,0.0,0.0,0.0,1.0,224.76783,0.0,0.0,8.0,0.0,2.0,0.0,787849,308.24043,70,2,0,0,0,311.46099853515625,745206,369.7380065917969,72,0
104850537,Makine,HACETTEPE ÜNİVERSİTESİ,2,TYT,321,17814.0,Hacettepe Ankara Sanayi Odası 1. Osb Meslek Yüksekokulu,,ANKARA,DEVLET,1,60.0,2.0,289.80046,256.82958,2.0,382.72961,329.11344,532854.0,60.0,4.0,3.0,58.0,59.0,16.0,18.0,35.0,38.0,7.0,5.0,4.0,0.0,2253.0,1470.0,235.0,163.0,761.0,544.0,1636.0,1114.0,60.0,0,2.0,0.0,2.0,60.0,406.84353,2.0,322.0724,0.0,0.0,0.0,0.0,0.0,0.0,2.0,0.0,2.0,0.0,505611,338.6098,60,2,0,0,0,346.7359924316406,433279,439.3500061035156,60,2
104850564,Ağız ve Diş Sağlığı,HACETTEPE ÜNİVERSİTESİ,2,TYT,,17816.0,Sağlık Hizmetleri Meslek Yüksekokulu,,ANKARA,DEVLET,1,70.0,2.0,335.95518,304.00019,2.0,475.75261,357.21651,355337.0,70.0,38.0,53.0,34.0,21.0,30.0,27.0,28.0,39.0,8.0,3.0,5.0,4.0,4828.0,3080.0,557.0,443.0,1331.0,933.0,3017.0,1977.0,70.0,0,2.0,0.0,2.0,70.0,409.09176,2.0,321.48969,0.0,0.0,2.0,251.01257,0.0,0.0,2.0,0.0,0.0,0.0,342810,363.8176,70,2,0,0,0,372.781005859375,291227,433.3269958496094,70,2
104850573,Elektronörofizyoloji,HACETTEPE ÜNİVERSİTESİ,2,TYT,,17821.0,Sağlık Hizmetleri Meslek Yüksekokulu,,ANKARA,DEVLET,1,70.0,2.0,0.0,0.0,0.0,445.23121,327.70768,543617.0,72.0,48.0,54.0,24.0,20.0,18.0,17.0,31.0,29.0,14.0,16.0,9.0,10.0,1766.0,1199.0,113.0,92.0,345.0,240.0,968.0,689.0,70.0,0,2.0,0.0,2.0,71.0,442.46458,1.0,217.49911,0.0,0.0,2.0,213.20777,0.0,0.0,2.0,0.0,0.0,0.0,559028,331.94382,70,2,0,0,0,336.4010009765625,507934,386.36700439453125,71,1
104850582,Elektrik,HACETTEPE ÜNİVERSİTESİ,2,TYT,321,17812.0,Hacettepe Ankara Sanayi Odası 1. Osb Meslek Yüksekokulu,,ANKARA,DEVLET,1,60.0,2.0,328.19548,301.68504,2.0,404.91861,340.75434,451227.0,60.0,6.0,11.0,56.0,51.0,22.0,1.0,29.0,34.0,8.0,4.0,2.0,6.0,2226.0,1391.0,429.0,284.0,865.0,585.0,1621.0,1070.0,60.0,0,2.0,0.0,2.0,60.0,432.67083,2.0,310.31101,0.0,0.0,0.0,0.0,0.0,0.0,2.0,0.0,2.0,0.0,432368,348.835,60,2,0,0,0,355.2080078125,380587,437.8479919433594,60,2
104850591,Ameliyathane Hizmetleri,HACETTEPE ÜNİVERSİTESİ,2,TYT,,17817.0,Sağlık Hizmetleri Meslek Yüksekokulu,,ANKARA,DEVLET,1,70.0,2.0,319.87977,305.41549,2.0,439.66095,345.12417,423731.0,70.0,54.0,51.0,18.0,23.0,16.0,35.0,44.0,25.0,7.0,10.0,4.0,4.0,3595.0,2455.0,300.0,202.0,776.0,520.0,2032.0,1401.0,70.0,0,2.0,0.0,2.0,70.0,397.1544,2.0,246.65862,0.0,0.0,2.0,209.61278,0.0,0.0,6.0,0.0,0.0,0.0,432238,348.85435,70,2,0,0,0,353.4410095214844,391054,385.6600036621094,70,2
104850643,Odyometri,HACETTEPE ÜNİVERSİTESİ,2,TYT,5,17824.0,Sağlık Hizmetleri Meslek Yüksekokulu,(KKTC Uyruklu),ANKARA,DEVLET,1,2.0,0.0,0.0,0.0,0.0,0.0,0.0,0.0,0.0,0.0,0.0,0.0,0.0,0.0,0.0,0.0,0.0,0.0,0.0,0.0,0.0,2.0,4.0,0.0,0.0,0.0,0.0,1.0,2.0,1.0,0,0.0,0.0,0.0,0.0,0.0,0.0,0.0,0.0,0.0,0.0,0.0,0.0,0.0,1.0,0.0,0.0,0.0,0,0.0,1,0,0,0,0,314.0140075683594,717231,314.0140075683594,1,0
104850652,Bilgisayar Programcılığı,HACETTEPE ÜNİVERSİTESİ,2,TYT,321,17804.0,Başkent Organize Sanayi Bölgesi Teknik Bilimler Meslek Yüksekokulu,,ANKARA,DEVLET,1,60.0,2.0,348.95403,333.40608,2.0,482.77885,372.758,283141.0,60.0,14.0,27.0,48.0,37.0,16.0,14.0,38.0,34.0,4.0,11.0,3.0,4.0,4246.0,2524.0,826.0,469.0,1678.0,1025.0,3110.0,1869.0,60.0,0,2.0,0.0,2.0,60.0,438.93357,2.0,344.80088,0.0,0.0,2.0,178.37826,0.0,0.0,7.0,0.0,2.0,0.0,274593,378.02319,60,2,0,0,0,372.9200134277344,290645,426.7590026855469,60,2
104850661,Harita ve Kadastro,HACETTEPE ÜNİVERSİTESİ,2,TYT,,17805.0,Başkent Organize Sanayi Bölgesi Teknik Bilimler Meslek Yüksekokulu,,ANKARA,DEVLET,1,50.0,2.0,0.0,0.0,0.0,370.01204,310.37107,691466.0,52.0,21.0,23.0,31.0,31.0,19.0,17.0,19.0,14.0,3.0,14.0,11.0,7.0,1577.0,1041.0,218.0,132.0,427.0,276.0,900.0,629.0,50.0,0,2.0,0.0,2.0,52.0,360.22402,0.0,0.0,0.0,0.0,2.0,204.78009,0.0,0.0,8.0,0.0,0.0,0.0,682892,318.27411,50,2,0,0,0,319.6960144042969,657514,363.2539978027344,51,1
104850679,İklimlendirme ve Soğutma Teknolojisi,HACETTEPE ÜNİVERSİTESİ,2,TYT,321,17806.0,Başkent Organize Sanayi Bölgesi Teknik Bilimler Meslek Yüksekokulu,,ANKARA,DEVLET,1,50.0,2.0,0.0,0.0,0.0,357.42704,274.60202,1116327.0,52.0,9.0,13.0,43.0,40.0,5.0,8.0,24.0,22.0,11.0,8.0,10.0,12.0,1078.0,937.0,143.0,95.0,263.0,234.0,621.0,528.0,50.0,0,2.0,0.0,2.0,52.0,359.70101,0.0,0.0,0.0,0.0,1.0,275.6463,0.0,0.0,9.0,0.0,1.0,0.0,1083110,284.40663,50,2,0,0,0,297.2430114746094,918707,368.32000732421875,52,0
104850688,İnşaat Teknolojisi,HACETTEPE ÜNİVERSİTESİ,2,TYT,,17807.0,Başkent Organize Sanayi Bölgesi Teknik Bilimler Meslek Yüksekokulu,,ANKARA,DEVLET,1,60.0,2.0,300.83906,264.91075,2.0,372.71696,313.46481,665110.0,60.0,15.0,13.0,47.0,51.0,13.0,11.0,33.0,31.0,7.0,6.0,9.0,12.0,1157.0,782.0,225.0,157.0,400.0,287.0,762.0,536.0,60.0,0,2.0,0.0,2.0,60.0,366.18209,2.0,297.98265,0.0,0.0,2.0,210.16484,0.0,0.0,4.0,0.0,0.0,0.0,666151,320.00106,60,2,0,0,0,321.7959899902344,636450,397.23199462890625,60,2
104890263,Odyoloji,HACETTEPE ÜNİVERSİTESİ,4,SAYISAL,5,3536.0,Sağlık Bilimleri Fakültesi,(KKTC Uyruklu),ANKARA,DEVLET,0,2.0,0.0,0.0,0.0,0.0,306.65931,298.83067,297165.0,2.0,2.0,1.0,0.0,0.0,2.0,1.0,0.0,0.0,0.0,0.0,0.0,0.0,27.0,8.0,3.0,0.0,10.0,1.0,19.0,5.0,2.0,0,0.0,0.0,0.0,1.0,226.36993,0.0,0.0,0.0,0.0,0.0,0.0,0.0,0.0,1.0,0.0,0.0,0.0,0,0.0,1,0,0,0,0,253.4080047607422,502560,253.4080047607422,1,0
104890264,Tıp,HACETTEPE ÜNİVERSİTESİ,6,SAYISAL,"5, 22, 23, 24, 155",3542.0,Tıp Fakültesi,(İngilizce) (KKTC Uyruklu),ANKARA,DEVLET,0,1.0,0.0,0.0,0.0,0.0,518.23997,518.23997,7471.0,1.0,0.0,0.0,1.0,1.0,1.0,1.0,0.0,0.0,0.0,0.0,0.0,0.0,11.0,8.0,8.0,7.0,10.0,8.0,11.0,8.0,1.0,0,0.0,0.0,0.0,1.0,528.46852,0.0,0.0,0.0,0.0,0.0,0.0,0.0,0.0,0.0,0.0,0.0,0.0,4643,528.46852,1,0,0,0,0,455.58099365234375,34640,455.58099365234375,1,0
104890265,Antropoloji,HACETTEPE ÜNİVERSİTESİ,4,EŞİT AĞIRLIK,,3445.0,Edebiyat Fakültesi,,ANKARA,DEVLET,0,60.0,2.0,0.0,0.0,0.0,376.96091,291.90672,466204.0,62.0,36.0,21.0,26.0,33.0,13.0,5.0,22.0,7.0,8.0,16.0,19.0,24.0,998.0,901.0,96.0,108.0,292.0,291.0,648.0,655.0,50.0,0,2.0,0.0,2.0,52.0,361.82119,0.0,0.0,0.0,0.0,2.0,226.58219,0.0,0.0,6.0,0.0,0.0,0.0,390314,303.22431,55,2,0,0,0,303.4010009765625,327570,358.22601318359375,55,2
104890266,İletişim Bilimleri,HACETTEPE ÜNİVERSİTESİ,4,SÖZEL,,3509.0,İletişim Fakültesi,,ANKARA,DEVLET,0,70.0,2.0,0.0,0.0,0.0,432.62663,388.28686,34811.0,72.0,38.0,40.0,34.0,34.0,28.0,29.0,16.0,14.0,12.0,11.0,16.0,18.0,858.0,750.0,158.0,158.0,335.0,336.0,644.0,595.0,70.0,0,2.0,0.0,2.0,72.0,452.43748,0.0,0.0,0.0,0.0,2.0,232.01406,0.0,0.0,2.0,0.0,0.0,0.0,26859,394.10325,75,2,0,0,0,406.3940124511719,25021,474.05999755859375,75,2
104890267,Makine,HACETTEPE ÜNİVERSİTESİ,2,TYT,321,17809.0,Başkent Organize Sanayi Bölgesi Teknik Bilimler Meslek Yüksekokulu,,ANKARA,DEVLET,1,60.0,2.0,287.58086,256.9171,2.0,376.07289,318.90876,615813.0,60.0,2.0,5.0,60.0,57.0,26.0,13.0,27.0,35.0,6.0,7.0,3.0,6.0,2074.0,1444.0,133.0,99.0,549.0,435.0,1446.0,1013.0,60.0,0,2.0,0.0,2.0,60.0,373.76464,2.0,270.88257,0.0,0.0,0.0,0.0,0.0,0.0,6.0,0.0,2.0,0.0,606572,326.40734,60,2,0,0,0,331.4219970703125,548424,357.8179931640625,60,2
104890268,Makine Mühendisliği,HACETTEPE ÜNİVERSİTESİ,4,SAYISAL,"22, 23, 24, 144",3525.0,Mühendislik Fakültesi,(İngilizce),ANKARA,DEVLET,0,80.0,2.0,481.48999,470.78599,2.0,516.59363,490.77253,23706.0,80.0,10.0,8.0,72.0,74.0,57.0,68.0,24.0,11.0,1.0,3.0,0.0,0.0,1558.0,1546.0,138.0,120.0,460.0,398.0,1104.0,1065.0,80.0,0,0.0,0.0,2.0,80.0,526.01402,2.0,496.56622,0.0,0.0,0.0,0.0,0.0,0.0,0.0,0.0,0.0,0.0,17947,501.0933,85,3,0,0,0,487.6189880371094,15819,517.7470092773438,85,3
104890383,Yapay Zeka Mühendisliği,HACETTEPE ÜNİVERSİTESİ,4,SAYISAL,"22, 23, 24, 144, 320",3527.0,Mühendislik Fakültesi,(İngilizce),ANKARA,DEVLET,0,40.0,1.0,521.53668,521.53668,1.0,531.21296,522.30677,5735.0,40.0,11.0,14.0,30.0,27.0,33.0,27.0,8.0,14.0,0.0,0.0,0.0,0.0,1321.0,1292.0,153.0,133.0,468.0,406.0,1012.0,976.0,40.0,0,0.0,0.0,1.0,40.0,537.15817,1.0,528.08506,0.0,0.0,0.0,0.0,0.0,0.0,0.0,0.0,0.0,0.0,4574,528.67069,45,2,0,0,0,513.1430053710938,6070,526.3870239257812,45,2
104890455,"Dezenfeksiyon, Sterilizasyon ve Antisepsi Teknikerliği",HACETTEPE ÜNİVERSİTESİ,2,TYT,,17818.0,Sağlık Hizmetleri Meslek Yüksekokulu,,ANKARA,DEVLET,1,30.0,1.0,274.19344,274.19344,1.0,405.57198,317.856,624937.0,30.0,18.0,21.0,13.0,11.0,7.0,6.0,14.0,15.0,5.0,7.0,4.0,4.0,785.0,673.0,77.0,69.0,167.0,136.0,406.0,354.0,30.0,0,1.0,0.0,1.0,30.0,383.92868,1.0,303.50634,0.0,0.0,1.0,238.33328,0.0,0.0,3.0,0.0,0.0,0.0,633706,323.4185,30,1,0,0,0,329.0379943847656,568977,439.23199462890625,31,0
104890456,Sahne Işık ve Ses Teknolojileri,HACETTEPE ÜNİVERSİTESİ,2,TYT,,17833.0,Sosyal Bilimler Meslek Yüksekokulu,,ANKARA,DEVLET,1,40.0,1.0,0.0,0.0,0.0,425.1885,302.76164,771226.0,41.0,13.0,22.0,28.0,20.0,4.0,3.0,10.0,6.0,17.0,12.0,7.0,16.0,1271.0,769.0,180.0,113.0,362.0,247.0,790.0,502.0,40.0,0,1.0,0.0,1.0,41.0,374.86706,0.0,0.0,0.0,0.0,1.0,209.18769,0.0,0.0,8.0,0.0,1.0,0.0,740390,312.66486,40,1,0,0,0,322.5530090332031,629029,439.21099853515625,41,0
104890457,Almanca Mütercim ve Tercümanlık,HACETTEPE ÜNİVERSİTESİ,4,DİL,"22, 24, 158, 159",3443.0,Edebiyat Fakültesi,,ANKARA,DEVLET,0,60.0,2.0,436.21874,434.79987,2.0,507.07394,440.42923,11650.0,60.0,37.0,37.0,25.0,27.0,24.0,1.0,20.0,23.0,5.0,2.0,11.0,6.0,900.0,971.0,137.0,160.0,358.0,409.0,698.0,781.0,60.0,0,2.0,0.0,2.0,60.0,493.36349,2.0,388.73109,0.0,0.0,2.0,317.41858,0.0,0.0,3.0,0.0,0.0,0.0,10478,451.70012,65,2,0,0,0,445.3580017089844,9705,486.09100341796875,65,2
104890458,Fransızca Mütercim ve Tercümanlık,HACETTEPE ÜNİVERSİTESİ,4,DİL,"22, 24, 159, 171",3452.0,Edebiyat Fakültesi,,ANKARA,DEVLET,0,60.0,2.0,0.0,0.0,0.0,483.82187,441.31912,11399.0,62.0,39.0,42.0,23.0,20.0,34.0,33.0,18.0,21.0,2.0,3.0,6.0,5.0,668.0,835.0,90.0,123.0,252.0,348.0,517.0,669.0,60.0,0,2.0,0.0,2.0,60.0,495.88308,2.0,432.31337,0.0,0.0,0.0,0.0,0.0,0.0,0.0,0.0,2.0,0.0,9743,454.53247,65,2,0,0,0,449.93798828125,8703,480.3219909667969,65,2
104890460,İngilizce Mütercim ve Tercümanlık,HACETTEPE ÜNİVERSİTESİ,4,DİL,"22, 23, 24, 160",3456.0,Edebiyat Fakültesi,,ANKARA,DEVLET,0,70.0,2.0,466.77761,466.29432,2.0,510.39697,478.72382,4605.0,70.0,52.0,43.0,20.0,21.0,46.0,39.0,25.0,20.0,0.0,2.0,1.0,2.0,2168.0,1962.0,678.0,682.0,1285.0,1165.0,1934.0,1734.0,60.0,0,2.0,0.0,2.0,60.0,514.12998,2.0,481.53465,0.0,0.0,2.0,186.10891,0.0,0.0,1.0,0.0,0.0,0.0,4025,487.44458,60,2,0,0,0,481.5320129394531,3564,526.8250122070312,60,2
104890465,Kaynak Teknolojisi,HACETTEPE ÜNİVERSİTESİ,2,TYT,321,17808.0,Başkent Organize Sanayi Bölgesi Teknik Bilimler Meslek Yüksekokulu,,ANKARA,DEVLET,1,25.0,1.0,0.0,0.0,0.0,327.95112,282.42219,1010014.0,26.0,2.0,3.0,24.0,23.0,12.0,5.0,1.0,13.0,5.0,5.0,5.0,3.0,730.0,595.0,109.0,67.0,232.0,170.0,459.0,360.0,25.0,0,1.0,0.0,1.0,26.0,344.04681,0.0,0.0,0.0,0.0,0.0,0.0,0.0,0.0,3.0,0.0,1.0,0.0,1000789,290.57045,25,1,0,0,0,306.8169860839844,798755,367.5880126953125,25,1
104890547,Yapay Zeka Mühendisliği,HACETTEPE ÜNİVERSİTESİ,4,SAYISAL,"5, 22, 23, 24, 144, 320",3528.0,Mühendislik Fakültesi,(İngilizce) (KKTC Uyruklu),ANKARA,DEVLET,0,3.0,0.0,0.0,0.0,0.0,468.51797,445.04923,60990.0,3.0,1.0,0.0,2.0,3.0,0.0,3.0,2.0,0.0,1.0,0.0,0.0,0.0,33.0,24.0,5.0,8.0,18.0,18.0,26.0,24.0,3.0,0,0.0,0.0,0.0,3.0,495.32075,0.0,0.0,0.0,0.0,0.0,0.0,0.0,0.0,0.0,0.0,0.0,0.0,90325,417.45008,2,0,0,0,0,359.0429992675781,133581,442.4289855957031,2,0
104890554,Alman Dili ve Edebiyatı,HACETTEPE ÜNİVERSİTESİ,4,DİL,"5, 22, 24, 158, 159",3442.0,Edebiyat Fakültesi,(KKTC Uyruklu),ANKARA,DEVLET,0,,,,,,,,,,,1.0,,0.0,,1.0,,0.0,,0.0,,0.0,,8.0,,0.0,,1.0,,7.0,1.0,0,0.0,0.0,0.0,1.0,426.67327,0.0,0.0,0.0,0.0,0.0,0.0,0.0,0.0,0.0,0.0,0.0,0.0,18033,426.67327,1,0,0,0,0,309.114013671875,67977,309.114013671875,1,0
104890561,Fransızca Mütercim ve Tercümanlık,HACETTEPE ÜNİVERSİTESİ,4,DİL,"5, 22, 24, 159, 171",3453.0,Edebiyat Fakültesi,(KKTC Uyruklu),ANKARA,DEVLET,0,,,,,,,,,,,1.0,,0.0,,1.0,,0.0,,0.0,,0.0,,13.0,,1.0,,6.0,,11.0,1.0,0,0.0,0.0,0.0,1.0,432.16696,0.0,0.0,0.0,0.0,0.0,0.0,0.0,0.0,0.0,0.0,0.0,0.0,16116,432.16696,1,0,0,0,0,374.16400146484375,35602,374.16400146484375,1,0
104890568,İletişim Bilimleri,HACETTEPE ÜNİVERSİTESİ,4,SÖZEL,5,3510.0,İletişim Fakültesi,(KKTC Uyruklu),ANKARA,DEVLET,0,,,,,,,,,,,1.0,,0.0,,1.0,,0.0,,0.0,,0.0,,10.0,,2.0,,6.0,,9.0,1.0,0,0.0,0.0,0.0,1.0,310.71648,0.0,0.0,0.0,0.0,0.0,0.0,0.0,0.0,0.0,0.0,0.0,0.0,280042,310.71648,1,0,0,0,0,317.9880065917969,281097,317.9880065917969,1,0
104890582,Sınıf Öğretmenliği,HACETTEPE ÜNİVERSİTESİ,4,EŞİT AĞIRLIK,"1, 5, 150",3480.0,Eğitim Fakültesi,(KKTC UYRUKLU),ANKARA,DEVLET,0,,,,,,,,,,,,,,,,,,,,,,,,,,,,,,,,,,,,,,,,,,,,,,,,,0,0.0,2,0,0,0,0,341.6130065917969,150846,374.6090087890625,2,0
104890589,Harita Mühendisliği,HACETTEPE ÜNİVERSİTESİ,4,SAYISAL,"22, 23, 24, 144, 300",3518.0,Mühendislik Fakültesi,(İngilizce),ANKARA,DEVLET,0,,,,,,,,,,,,,,,,,,,,,,,,,,,,,,,,,,,,,,,,,,,,,,,,,0,0.0,50,0,0,0,0,356.70098876953125,137190,414.5190124511719,50,2
104890596,Fransız Dili ve Edebiyatı,HACETTEPE ÜNİVERSİTESİ,4,DİL,"5, 22, 24, 159, 171",3451.0,Edebiyat Fakültesi,(KKTC UYRUKLU),ANKARA,DEVLET,0,,,,,,,,,,,,,,,,,,,,,,,,,,,,,,,,,,,,,,,,,,,,,,,,,0,0.0,1,0,0,0,0,405.7850036621094,22272,405.7850036621094,1,0
108410018,Bilgisayar ve Öğretim Teknolojileri Öğretmenliği,ORTA DOĞU TEKNİK ÜNİVERSİTESİ,4,SAYISAL,"1, 22, 23, 24, 150, 151",6400.0,Eğitim Fakültesi,(İngilizce),ANKARA,DEVLET,0,40.0,1.0,373.7167,373.7167,1.0,454.96521,430.43819,74437.0,40.0,18.0,10.0,23.0,21.0,16.0,18.0,21.0,13.0,3.0,0.0,1.0,0.0,522.0,445.0,59.0,79.0,177.0,162.0,344.0,318.0,30.0,0,0.0,0.0,1.0,30.0,476.93282,1.0,437.60821,0.0,0.0,0.0,0.0,0.0,0.0,0.0,0.0,0.0,0.0,59089,449.05125,30,1,0,0,0,416.6300048828125,66068,466.1820068359375,30,1
108410027,Fen Bilgisi Öğretmenliği,ORTA DOĞU TEKNİK ÜNİVERSİTESİ,4,SAYISAL,"1, 22, 23, 24, 150",6401.0,Eğitim Fakültesi,(İngilizce),ANKARA,DEVLET,0,30.0,1.0,324.07033,324.07033,1.0,448.25448,407.15605,98236.0,30.0,23.0,20.0,8.0,11.0,16.0,8.0,13.0,20.0,1.0,1.0,1.0,2.0,558.0,481.0,58.0,54.0,169.0,149.0,361.0,311.0,30.0,0,0.0,0.0,1.0,30.0,474.87505,1.0,346.37358,0.0,0.0,0.0,0.0,0.0,0.0,1.0,0.0,0.0,0.0,88351,419.26765,30,1,0,0,0,373.19000244140625,113844,405.8760070800781,30,1
108410036,Fizik Öğretmenliği,ORTA DOĞU TEKNİK ÜNİVERSİTESİ,4,SAYISAL,"1, 22, 23, 24, 150, 151",6402.0,Eğitim Fakültesi,(İngilizce),ANKARA,DEVLET,0,20.0,1.0,347.5314,347.5314,1.0,467.02119,433.88442,71175.0,20.0,10.0,15.0,11.0,6.0,6.0,11.0,15.0,10.0,0.0,0.0,0.0,0.0,276.0,269.0,20.0,21.0,65.0,62.0,160.0,145.0,20.0,0,0.0,0.0,1.0,21.0,461.7671,0.0,0.0,0.0,0.0,0.0,0.0,0.0,0.0,0.0,0.0,0.0,0.0,73074,434.08757,20,1,0,0,0,398.7550048828125,83977,449.8429870605469,20,1
108410045,İlköğretim Matematik Öğretmenliği,ORTA DOĞU TEKNİK ÜNİVERSİTESİ,4,SAYISAL,"1, 22, 23, 24, 150",6404.0,Eğitim Fakültesi,(İngilizce),ANKARA,DEVLET,0,50.0,2.0,450.7253,445.22803,2.0,477.11476,457.93896,49727.0,50.0,38.0,29.0,14.0,12.0,26.0,18.0,24.0,23.0,1.0,0.0,1.0,0.0,844.0,564.0,104.0,102.0,244.0,173.0,488.0,310.0,40.0,0,0.0,0.0,1.0,40.0,472.76874,1.0,434.78542,0.0,0.0,0.0,0.0,0.0,0.0,0.0,0.0,0.0,0.0,53707,454.84282,40,1,0,0,0,413.9339904785156,68687,437.1820068359375,40,1
108410054,İngilizce Öğretmenliği,ORTA DOĞU TEKNİK ÜNİVERSİTESİ,4,DİL,"1, 22, 23, 24, 150, 151, 160",6405.0,Eğitim Fakültesi,(İngilizce),ANKARA,DEVLET,0,90.0,3.0,471.97889,467.83062,3.0,512.14759,477.98369,4710.0,90.0,57.0,47.0,36.0,25.0,68.0,37.0,21.0,31.0,2.0,2.0,2.0,1.0,1750.0,1697.0,474.0,541.0,1103.0,1088.0,1590.0,1524.0,70.0,0,0.0,0.0,2.0,70.0,526.25149,2.0,481.60717,0.0,0.0,0.0,0.0,0.0,0.0,0.0,0.0,0.0,0.0,4347,485.04593,50,2,0,0,0,483.2950134277344,3374,509.260986328125,50,2
108410063,İngilizce Öğretmenliği,ORTA DOĞU TEKNİK ÜNİVERSİTESİ,4,DİL,"1, 22, 23, 24, 150, 160, 164, 225, 226",6408.0,Eğitim Fakültesi,(İngilizce) (UOLP-Suny New Paltz) (Ücretli),ANKARA,DEVLET,0,23.0,0.0,0.0,0.0,0.0,456.86453,354.90093,40410.0,23.0,13.0,14.0,10.0,9.0,12.0,14.0,4.0,7.0,2.0,1.0,3.0,1.0,50.0,113.0,13.0,48.0,26.0,67.0,38.0,92.0,23.0,0,0.0,0.0,0.0,23.0,457.32778,0.0,0.0,0.0,0.0,0.0,0.0,0.0,0.0,1.0,0.0,0.0,0.0,33682,387.24721,23,0,0,0,0,407.7130126953125,21481,461.56500244140625,23,0
108410072,İngilizce Öğretmenliği,ORTA DOĞU TEKNİK ÜNİVERSİTESİ,4,DİL,"1, 22, 23, 24, 150, 160, 164, 195, 225, 226",6409.0,Eğitim Fakültesi,(İngilizce) (UOLP-Suny New Paltz) (%50 İndirimli),ANKARA,DEVLET,0,1.0,0.0,0.0,0.0,0.0,477.51039,477.51039,4763.0,1.0,0.0,1.0,1.0,0.0,0.0,1.0,1.0,0.0,0.0,0.0,0.0,0.0,31.0,34.0,11.0,8.0,19.0,14.0,26.0,23.0,1.0,0,0.0,0.0,0.0,1.0,470.01713,0.0,0.0,0.0,0.0,0.0,0.0,0.0,0.0,0.0,0.0,0.0,0.0,6641,470.01713,1,0,0,0,0,482.8450012207031,3420,482.8450012207031,1,0
108410081,Kimya Öğretmenliği,ORTA DOĞU TEKNİK ÜNİVERSİTESİ,4,SAYISAL,"1, 22, 23, 24, 150, 151",6410.0,Eğitim Fakültesi,(İngilizce),ANKARA,DEVLET,0,20.0,1.0,382.08809,382.08809,1.0,462.09324,427.33536,77455.0,20.0,16.0,16.0,5.0,5.0,7.0,10.0,14.0,10.0,0.0,0.0,0.0,0.0,343.0,289.0,19.0,29.0,66.0,85.0,211.0,188.0,20.0,0,0.0,0.0,1.0,20.0,461.20594,1.0,390.14103,0.0,0.0,0.0,0.0,0.0,0.0,0.0,0.0,0.0,0.0,76620,430.57349,20,1,0,0,0,391.6289978027344,91659,446.0270080566406,20,1
108410099,Okul Öncesi Öğretmenliği,ORTA DOĞU TEKNİK ÜNİVERSİTESİ,4,SÖZEL,"1, 22, 23, 24, 150, 151",6414.0,Eğitim Fakültesi,(İngilizce),ANKARA,DEVLET,0,50.0,2.0,436.4725,426.85093,2.0,476.79762,444.55956,3321.0,50.0,39.0,23.0,13.0,13.0,14.0,19.0,17.0,13.0,8.0,1.0,13.0,3.0,900.0,742.0,232.0,229.0,507.0,435.0,749.0,627.0,35.0,0,0.0,0.0,1.0,35.0,482.59748,1.0,448.0983,0.0,0.0,0.0,0.0,0.0,0.0,2.0,0.0,0.0,0.0,2259,448.10645,35,1,0,0,0,461.906005859375,1895,500.0830078125,35,1
108410106,Biyoloji,ORTA DOĞU TEKNİK ÜNİVERSİTESİ,4,SAYISAL,"22, 23, 24, 145",6416.0,Fen-Edebiyat Fakültesi,(İngilizce),ANKARA,DEVLET,0,60.0,2.0,475.11046,468.92003,2.0,507.53662,475.39314,35360.0,60.0,45.0,33.0,17.0,29.0,35.0,38.0,27.0,23.0,0.0,0.0,0.0,0.0,1116.0,751.0,231.0,179.0,540.0,379.0,901.0,616.0,60.0,0,2.0,0.0,2.0,60.0,509.68198,2.0,475.14686,0.0,0.0,0.0,0.0,0.0,0.0,0.0,0.0,2.0,0.0,32207,480.51027,50,2,0,0,0,451.7439880371094,37312,488.32598876953125,50,2
108410115,Felsefe,ORTA DOĞU TEKNİK ÜNİVERSİTESİ,4,EŞİT AĞIRLIK,"22, 23, 24",6418.0,Fen-Edebiyat Fakültesi,(İngilizce),ANKARA,DEVLET,0,50.0,2.0,343.31709,340.15305,2.0,471.63487,406.40043,46794.0,50.0,25.0,20.0,27.0,22.0,18.0,1.0,10.0,15.0,11.0,5.0,13.0,6.0,869.0,698.0,185.0,131.0,410.0,325.0,709.0,553.0,40.0,0,1.0,0.0,1.0,40.0,462.80503,1.0,347.1225,0.0,0.0,1.0,278.16984,0.0,0.0,2.0,0.0,0.0,0.0,24522,415.88526,40,1,0,0,0,399.2359924316406,35233,441.50201416015625,40,1
108410124,Fizik,ORTA DOĞU TEKNİK ÜNİVERSİTESİ,4,SAYISAL,"22, 23, 24, 145",6420.0,Fen-Edebiyat Fakültesi,(İngilizce),ANKARA,DEVLET,0,90.0,3.0,463.85576,450.5383,3.0,524.62762,489.58235,24599.0,90.0,32.0,27.0,61.0,56.0,56.0,54.0,35.0,27.0,1.0,1.0,0.0,1.0,1148.0,1251.0,283.0,329.0,606.0,614.0,915.0,964.0,80.0,0,2.0,0.0,2.0,80.0,556.82046,2.0,479.30184,0.0,0.0,1.0,190.85807,0.0,0.0,0.0,0.0,1.0,0.0,21431,495.67871,80,2,0,0,0,487.97100830078125,15657,550.02001953125,80,2
108410133,İstatistik,ORTA DOĞU TEKNİK ÜNİVERSİTESİ,4,SAYISAL,"22, 23, 24",6421.0,Fen-Edebiyat Fakültesi,(İngilizce),ANKARA,DEVLET,0,50.0,2.0,464.51404,463.28429,2.0,500.33128,480.09368,31702.0,50.0,19.0,14.0,33.0,27.0,31.0,24.0,21.0,17.0,0.0,0.0,0.0,0.0,1578.0,1509.0,428.0,389.0,747.0,701.0,1210.0,1152.0,40.0,0,1.0,0.0,1.0,40.0,521.66049,1.0,480.64137,0.0,0.0,0.0,0.0,0.0,0.0,0.0,0.0,1.0,0.0,18673,499.9152,40,1,0,0,0,497.3940124511719,11526,521.1380004882812,40,1
108410142,Kimya,ORTA DOĞU TEKNİK ÜNİVERSİTESİ,4,SAYISAL,"22, 23, 24, 145",6422.0,Fen-Edebiyat Fakültesi,(İngilizce),ANKARA,DEVLET,0,80.0,2.0,449.67348,447.06519,2.0,522.30557,464.30878,44394.0,80.0,46.0,27.0,36.0,25.0,41.0,29.0,41.0,23.0,0.0,0.0,0.0,0.0,1194.0,1023.0,147.0,135.0,421.0,390.0,904.0,773.0,50.0,0,2.0,0.0,2.0,50.0,528.85041,2.0,471.63667,0.0,0.0,0.0,0.0,0.0,0.0,0.0,0.0,2.0,0.0,32681,479.8957,50,2,0,0,0,468.1300048828125,26386,496.32501220703125,50,2
108410151,Matematik,ORTA DOĞU TEKNİK ÜNİVERSİTESİ,4,SAYISAL,"22, 23, 24, 145",6423.0,Fen-Edebiyat Fakültesi,(İngilizce),ANKARA,DEVLET,0,80.0,2.0,482.85439,474.30304,2.0,542.12742,486.19722,27046.0,80.0,34.0,23.0,48.0,59.0,52.0,55.0,27.0,23.0,3.0,4.0,0.0,0.0,1743.0,1435.0,333.0,267.0,685.0,591.0,1270.0,1052.0,80.0,0,2.0,0.0,2.0,80.0,543.25281,2.0,476.09907,0.0,0.0,0.0,0.0,0.0,0.0,1.0,0.0,2.0,0.0,21010,496.31802,80,2,0,0,0,485.2569885253906,17019,539.5120239257812,80,2
108410169,Moleküler Biyoloji ve Genetik,ORTA DOĞU TEKNİK ÜNİVERSİTESİ,4,SAYISAL,"22, 23, 24",6424.0,Fen-Edebiyat Fakültesi,(İngilizce),ANKARA,DEVLET,0,60.0,2.0,496.49198,490.78483,2.0,532.70978,503.64235,15189.0,60.0,40.0,37.0,22.0,17.0,46.0,42.0,16.0,10.0,0.0,0.0,0.0,1.0,2303.0,1458.0,576.0,376.0,1262.0,779.0,1864.0,1149.0,50.0,0,2.0,0.0,2.0,50.0,536.40305,2.0,499.35393,0.0,0.0,2.0,198.71281,0.0,0.0,0.0,0.0,1.0,0.0,11378,512.60503,50,2,0,0,0,492.41400146484375,13565,530.3060302734375,50,2
108410178,Psikoloji,ORTA DOĞU TEKNİK ÜNİVERSİTESİ,4,EŞİT AĞIRLIK,"22, 23, 24",6425.0,Fen-Edebiyat Fakültesi,(İngilizce),ANKARA,DEVLET,0,90.0,3.0,473.28784,468.34856,3.0,523.41713,480.82678,2770.0,90.0,78.0,51.0,15.0,13.0,57.0,44.0,28.0,14.0,5.0,3.0,2.0,1.0,2312.0,2019.0,653.0,622.0,1455.0,1276.0,2056.0,1762.0,60.0,0,2.0,0.0,2.0,60.0,529.6893,2.0,474.32867,0.0,0.0,2.0,342.11529,0.0,0.0,0.0,0.0,0.0,0.0,1954,485.45804,60,2,0,0,0,467.8399963378906,2157,505.64300537109375,60,2
108410187,Sosyoloji,ORTA DOĞU TEKNİK ÜNİVERSİTESİ,4,EŞİT AĞIRLIK,"22, 23, 24",6426.0,Fen-Edebiyat Fakültesi,(İngilizce),ANKARA,DEVLET,0,60.0,2.0,421.47365,392.71524,2.0,456.17375,428.21767,19276.0,60.0,36.0,43.0,26.0,21.0,27.0,30.0,26.0,25.0,5.0,7.0,3.0,1.0,892.0,839.0,156.0,129.0,373.0,314.0,708.0,637.0,60.0,0,2.0,0.0,2.0,60.0,482.37006,2.0,415.15279,0.0,0.0,2.0,227.32291,0.0,0.0,0.0,0.0,0.0,0.0,8031,442.72359,40,1,0,0,0,429.0690002441406,11570,466.90301513671875,40,1
108410196,Tarih,ORTA DOĞU TEKNİK ÜNİVERSİTESİ,4,SÖZEL,"22, 23, 24",6427.0,Fen-Edebiyat Fakültesi,(İngilizce),ANKARA,DEVLET,0,70.0,2.0,435.89497,409.88256,2.0,478.03989,453.37757,2239.0,70.0,18.0,16.0,54.0,48.0,39.0,40.0,15.0,12.0,10.0,3.0,7.0,7.0,1217.0,1065.0,377.0,335.0,759.0,621.0,1067.0,924.0,60.0,0,2.0,0.0,2.0,60.0,485.43055,2.0,336.53581,0.0,0.0,2.0,279.99853,0.0,0.0,0.0,0.0,0.0,0.0,1398,457.91844,30,1,0,0,0,479.57501220703125,766,514.1699829101562,30,1
108410203,İktisat,ORTA DOĞU TEKNİK ÜNİVERSİTESİ,4,EŞİT AĞIRLIK,"22, 23, 24",6429.0,İktisadi ve İdari Bilimler Fakültesi,(İngilizce),ANKARA,DEVLET,0,90.0,3.0,478.65048,470.4262,3.0,537.99173,482.14176,2604.0,90.0,40.0,43.0,53.0,52.0,50.0,61.0,34.0,28.0,7.0,6.0,1.0,0.0,1745.0,1975.0,204.0,218.0,669.0,781.0,1444.0,1657.0,90.0,0,3.0,0.0,3.0,90.0,535.75442,3.0,481.98084,0.0,0.0,2.0,194.04795,0.0,0.0,3.0,0.0,1.0,0.0,1715,488.77121,90,3,0,0,0,477.7539978027344,1511,524.5549926757812,90,3
108410212,İşletme,ORTA DOĞU TEKNİK ÜNİVERSİTESİ,4,EŞİT AĞIRLIK,"22, 23, 24",6430.0,İktisadi ve İdari Bilimler Fakültesi,(İngilizce),ANKARA,DEVLET,0,80.0,2.0,483.09728,479.7656,2.0,520.75692,488.40342,2017.0,80.0,31.0,44.0,51.0,39.0,47.0,54.0,30.0,27.0,5.0,1.0,0.0,0.0,1853.0,2166.0,364.0,473.0,771.0,986.0,1574.0,1816.0,80.0,0,2.0,0.0,2.0,80.0,529.74236,2.0,483.76111,0.0,0.0,1.0,205.70884,0.0,0.0,1.0,0.0,1.0,0.0,1527,491.94769,70,2,0,0,0,477.5920104980469,1520,522.8359985351562,70,2
108410221,İşletme,ORTA DOĞU TEKNİK ÜNİVERSİTESİ,4,EŞİT AĞIRLIK,"22, 23, 24, 164, 226, 227",6431.0,İktisadi ve İdari Bilimler Fakültesi,(İngilizce) (UOLP-Suny Binghamton) (Ücretli),ANKARA,DEVLET,0,20.0,0.0,0.0,0.0,0.0,435.61208,328.12645,257609.0,20.0,6.0,7.0,14.0,14.0,15.0,9.0,3.0,12.0,1.0,0.0,1.0,0.0,42.0,105.0,5.0,22.0,20.0,62.0,33.0,89.0,21.0,0,0.0,0.0,0.0,21.0,409.84516,0.0,0.0,0.0,0.0,0.0,0.0,0.0,0.0,0.0,0.0,0.0,0.0,166889,348.33487,20,0,0,0,0,369.5799865722656,80327,434.95001220703125,20,0
108410239,İşletme,ORTA DOĞU TEKNİK ÜNİVERSİTESİ,4,EŞİT AĞIRLIK,"22, 23, 24, 164, 195, 226, 227",6434.0,İktisadi ve İdari Bilimler Fakültesi,(İngilizce) (UOLP-Suny Binghamton) (%50 İndirimli),ANKARA,DEVLET,0,1.0,0.0,0.0,0.0,0.0,475.0678,475.0678,3497.0,1.0,0.0,0.0,1.0,1.0,1.0,0.0,0.0,1.0,0.0,0.0,0.0,0.0,34.0,52.0,8.0,16.0,21.0,29.0,26.0,45.0,1.0,0,0.0,0.0,0.0,1.0,479.01197,0.0,0.0,0.0,0.0,0.0,0.0,0.0,0.0,0.0,0.0,0.0,0.0,2468,479.01197,1,0,0,0,0,476.677001953125,1568,476.677001953125,1,0
108410248,Küresel Siyaset ve Uluslararası İlişkiler,ORTA DOĞU TEKNİK ÜNİVERSİTESİ,4,EŞİT AĞIRLIK,"22, 23, 24, 164, 227, 228",6435.0,İktisadi ve İdari Bilimler Fakültesi,(İngilizce) (UOLP-Suny Binghamton) (Ücretli),ANKARA,DEVLET,0,14.0,0.0,0.0,0.0,0.0,368.44059,318.33345,303700.0,9.0,3.0,6.0,6.0,8.0,3.0,5.0,3.0,4.0,1.0,1.0,2.0,3.0,15.0,40.0,2.0,8.0,10.0,24.0,13.0,37.0,14.0,0,0.0,0.0,0.0,14.0,390.05603,0.0,0.0,0.0,0.0,0.0,0.0,0.0,0.0,1.0,0.0,0.0,0.0,234253,331.22417,14,0,0,0,0,353.09698486328125,117891,428.44000244140625,14,0
108410257,Küresel Siyaset ve Uluslararası İlişkiler,ORTA DOĞU TEKNİK ÜNİVERSİTESİ,4,EŞİT AĞIRLIK,"22, 23, 24, 164, 195, 227, 228",6436.0,İktisadi ve İdari Bilimler Fakültesi,(İngilizce) (UOLP-Suny Binghamton) (%50 İndirimli),ANKARA,DEVLET,0,1.0,0.0,0.0,0.0,0.0,438.63293,438.63293,12796.0,1.0,1.0,0.0,0.0,1.0,1.0,1.0,0.0,0.0,0.0,0.0,0.0,0.0,19.0,28.0,4.0,7.0,5.0,16.0,15.0,22.0,1.0,0,0.0,0.0,0.0,1.0,421.9839,0.0,0.0,0.0,0.0,0.0,0.0,0.0,0.0,0.0,0.0,0.0,0.0,18764,421.9839,1,0,0,0,0,443.94000244140625,5768,443.94000244140625,1,0
108410266,Siyaset Bilimi ve Kamu Yönetimi,ORTA DOĞU TEKNİK ÜNİVERSİTESİ,4,EŞİT AĞIRLIK,"22, 23, 24",6437.0,İktisadi ve İdari Bilimler Fakültesi,(İngilizce),ANKARA,DEVLET,0,80.0,2.0,457.55282,449.05321,2.0,479.30777,460.28141,6043.0,80.0,51.0,46.0,31.0,38.0,42.0,50.0,36.0,28.0,3.0,5.0,1.0,1.0,1261.0,1396.0,165.0,176.0,443.0,478.0,993.0,1097.0,80.0,0,2.0,0.0,2.0,80.0,489.00037,2.0,462.94695,0.0,0.0,2.0,201.03581,0.0,0.0,0.0,0.0,0.0,0.0,3221,471.43749,85,3,0,0,0,458.07501220703125,3017,475.8949890136719,85,3
108410275,Uluslararası İlişkiler,ORTA DOĞU TEKNİK ÜNİVERSİTESİ,4,EŞİT AĞIRLIK,"22, 23, 24",6438.0,İktisadi ve İdari Bilimler Fakültesi,(İngilizce),ANKARA,DEVLET,0,80.0,2.0,467.64955,466.71032,2.0,489.70855,471.87987,3923.0,80.0,44.0,43.0,38.0,30.0,46.0,46.0,28.0,23.0,6.0,4.0,1.0,0.0,1677.0,1669.0,245.0,207.0,636.0,626.0,1338.0,1333.0,70.0,0,2.0,0.0,2.0,70.0,514.17723,2.0,477.82224,0.0,0.0,1.0,335.23917,0.0,0.0,1.0,0.0,1.0,0.0,2267,481.21573,75,2,0,0,0,467.9339904785156,2150,522.0490112304688,75,2
108410318,Mimarlık,ORTA DOĞU TEKNİK ÜNİVERSİTESİ,4,SAYISAL,"22, 23, 24, 143",6441.0,Mimarlık Fakültesi,(İngilizce),ANKARA,DEVLET,0,115.0,3.0,469.93797,462.00553,3.0,540.18709,477.98888,33310.0,115.0,83.0,47.0,35.0,25.0,83.0,54.0,35.0,16.0,0.0,1.0,0.0,0.0,1856.0,1497.0,425.0,388.0,964.0,813.0,1425.0,1151.0,70.0,0,0.0,0.0,2.0,70.0,531.71179,2.0,467.73921,0.0,0.0,0.0,0.0,0.0,0.0,0.0,0.0,0.0,0.0,29815,483.63252,65,2,0,0,0,458.95001220703125,32340,512.4409790039062,65,2
108410327,Şehir ve Bölge Planlama,ORTA DOĞU TEKNİK ÜNİVERSİTESİ,4,SAYISAL,"22, 23, 24",6442.0,Mimarlık Fakültesi,(İngilizce),ANKARA,DEVLET,0,70.0,2.0,399.94024,386.304,2.0,464.34695,415.64499,89101.0,70.0,46.0,39.0,26.0,23.0,35.0,39.0,35.0,22.0,1.0,1.0,1.0,0.0,877.0,932.0,153.0,144.0,316.0,300.0,631.0,653.0,60.0,0,2.0,0.0,2.0,60.0,465.77249,2.0,414.12651,0.0,0.0,0.0,0.0,0.0,0.0,1.0,0.0,2.0,0.0,71942,435.25611,50,2,0,0,0,419.12701416015625,63802,441.2229919433594,50,2
108410336,Bilgisayar Mühendisliği,ORTA DOĞU TEKNİK ÜNİVERSİTESİ,4,SAYISAL,"22, 23, 24, 144",6444.0,Mühendislik Fakültesi,(İngilizce),ANKARA,DEVLET,0,105.0,3.0,540.86542,539.69644,3.0,553.99411,541.13361,878.0,105.0,25.0,26.0,83.0,82.0,98.0,102.0,10.0,5.0,0.0,1.0,0.0,0.0,4436.0,3377.0,1514.0,1233.0,3148.0,2412.0,4164.0,3151.0,105.0,0,0.0,0.0,3.0,105.0,555.26794,3.0,543.53224,0.0,0.0,0.0,0.0,0.0,0.0,0.0,0.0,0.0,0.0,716,544.8625,110,3,0,0,0,539.85302734375,953,563.1749877929688,110,3
108410345,Çevre Mühendisliği,ORTA DOĞU TEKNİK ÜNİVERSİTESİ,4,SAYISAL,"22, 23, 24, 144",6445.0,Mühendislik Fakültesi,(İngilizce),ANKARA,DEVLET,0,55.0,2.0,440.60908,436.84666,2.0,487.35784,453.00904,53959.0,55.0,40.0,29.0,17.0,23.0,32.0,35.0,25.0,17.0,0.0,0.0,0.0,0.0,997.0,919.0,69.0,67.0,237.0,248.0,690.0,631.0,50.0,0,0.0,0.0,2.0,50.0,493.17345,2.0,456.54832,0.0,0.0,0.0,0.0,0.0,0.0,0.0,0.0,0.0,0.0,46314,463.4183,40,1,0,0,0,441.43701171875,44955,481.8039855957031,40,1
108410354,Elektrik-Elektronik Mühendisliği,ORTA DOĞU TEKNİK ÜNİVERSİTESİ,4,SAYISAL,"22, 23, 24, 144",6446.0,Mühendislik Fakültesi,(İngilizce),ANKARA,DEVLET,0,195.0,5.0,533.31741,532.26231,5.0,550.32459,534.31365,2094.0,195.0,58.0,38.0,142.0,147.0,173.0,170.0,25.0,13.0,2.0,2.0,0.0,0.0,2460.0,2518.0,365.0,480.0,1196.0,1315.0,2211.0,2240.0,180.0,0,0.0,0.0,5.0,180.0,554.64167,5.0,536.09522,0.0,0.0,0.0,0.0,0.0,0.0,0.0,0.0,0.0,0.0,1913,538.04447,170,5,0,0,0,534.4110107421875,1601,554.5590209960938,170,5
108410363,Endüstri Mühendisliği,ORTA DOĞU TEKNİK ÜNİVERSİTESİ,4,SAYISAL,"22, 23, 24, 144",6448.0,Mühendislik Fakültesi,(İngilizce),ANKARA,DEVLET,0,85.0,3.0,526.89242,525.54902,3.0,536.38666,529.13098,3346.0,85.0,34.0,33.0,54.0,34.0,71.0,60.0,15.0,7.0,2.0,0.0,0.0,0.0,2279.0,2233.0,366.0,382.0,974.0,1056.0,1916.0,1908.0,65.0,0,0.0,0.0,2.0,65.0,542.57135,2.0,534.10588,0.0,0.0,0.0,0.0,0.0,0.0,0.0,0.0,0.0,0.0,2551,535.40903,55,2,0,0,0,529.3259887695312,2404,552.1710205078125,55,2
108410372,Gıda Mühendisliği,ORTA DOĞU TEKNİK ÜNİVERSİTESİ,4,SAYISAL,"22, 23, 24, 144",6449.0,Mühendislik Fakültesi,(İngilizce),ANKARA,DEVLET,0,75.0,2.0,451.76544,444.62011,2.0,495.87546,459.28827,48588.0,75.0,57.0,48.0,20.0,14.0,48.0,29.0,29.0,32.0,0.0,1.0,0.0,0.0,1193.0,969.0,132.0,100.0,367.0,284.0,842.0,663.0,60.0,0,0.0,0.0,2.0,60.0,502.00599,2.0,448.53668,0.0,0.0,0.0,0.0,0.0,0.0,1.0,0.0,0.0,0.0,42376,467.84985,50,2,0,0,0,447.4010009765625,40480,491.4410095214844,50,2
108410381,Havacılık ve Uzay Mühendisliği,ORTA DOĞU TEKNİK ÜNİVERSİTESİ,4,SAYISAL,"22, 23, 24, 144",6451.0,Mühendislik Fakültesi,(İngilizce),ANKARA,DEVLET,0,85.0,3.0,522.18605,517.69724,3.0,546.74836,524.16765,5000.0,85.0,22.0,20.0,66.0,57.0,67.0,61.0,21.0,16.0,0.0,0.0,0.0,0.0,2071.0,2251.0,442.0,516.0,1054.0,1147.0,1756.0,1918.0,75.0,0,0.0,0.0,2.0,75.0,543.1928,2.0,529.22145,0.0,0.0,0.0,0.0,0.0,0.0,0.0,0.0,0.0,0.0,3366,532.4976,70,2,0,0,0,527.1090087890625,2804,537.9199829101562,70,2
108410399,İnşaat Mühendisliği,ORTA DOĞU TEKNİK ÜNİVERSİTESİ,4,SAYISAL,"22, 23, 24, 144",6452.0,Mühendislik Fakültesi,(İngilizce),ANKARA,DEVLET,0,180.0,5.0,453.86157,440.22081,5.0,520.03916,458.11386,49564.0,180.0,41.0,26.0,144.0,138.0,108.0,109.0,72.0,51.0,3.0,3.0,0.0,0.0,1835.0,1778.0,271.0,299.0,616.0,650.0,1281.0,1228.0,160.0,0,0.0,0.0,4.0,160.0,512.84434,4.0,446.06191,0.0,0.0,0.0,0.0,0.0,0.0,1.0,0.0,0.0,0.0,42219,468.04117,120,3,0,0,0,450.968994140625,37842,511.2359924316406,120,3
108410406,Jeoloji Mühendisliği,ORTA DOĞU TEKNİK ÜNİVERSİTESİ,4,SAYISAL,"22, 23, 24, 144",6453.0,Mühendislik Fakültesi,(İngilizce),ANKARA,DEVLET,0,60.0,2.0,382.94361,375.01138,2.0,462.43207,439.89535,65698.0,60.0,29.0,17.0,33.0,24.0,21.0,22.0,35.0,18.0,4.0,1.0,0.0,0.0,682.0,740.0,41.0,62.0,145.0,198.0,449.0,497.0,40.0,0,0.0,0.0,1.0,40.0,484.7245,1.0,434.94304,0.0,0.0,0.0,0.0,0.0,0.0,0.0,0.0,0.0,0.0,52734,455.9826,40,1,0,0,0,430.39300537109375,53953,464.92999267578125,40,1
108410415,Kimya Mühendisliği,ORTA DOĞU TEKNİK ÜNİVERSİTESİ,4,SAYISAL,"22, 23, 24, 144",6454.0,Mühendislik Fakültesi,(İngilizce),ANKARA,DEVLET,0,90.0,3.0,497.25756,493.77909,3.0,520.51032,499.06217,18184.0,90.0,56.0,36.0,37.0,46.0,57.0,66.0,36.0,16.0,0.0,0.0,0.0,0.0,1982.0,1796.0,407.0,308.0,870.0,722.0,1522.0,1333.0,80.0,0,0.0,0.0,2.0,80.0,529.97121,2.0,503.40531,0.0,0.0,0.0,0.0,0.0,0.0,0.0,0.0,0.0,0.0,11921,511.55144,60,2,0,0,0,502.375,9611,524.3400268554688,60,2
108410424,Maden Mühendisliği,ORTA DOĞU TEKNİK ÜNİVERSİTESİ,4,SAYISAL,"22, 23, 24, 144",6455.0,Mühendislik Fakültesi,(İngilizce),ANKARA,DEVLET,0,50.0,2.0,423.08963,410.08467,2.0,496.06772,447.05827,59232.0,50.0,18.0,12.0,34.0,29.0,22.0,19.0,25.0,21.0,3.0,1.0,0.0,0.0,785.0,672.0,80.0,61.0,217.0,200.0,511.0,481.0,40.0,0,0.0,0.0,1.0,40.0,503.51753,1.0,432.80215,0.0,0.0,0.0,0.0,0.0,0.0,1.0,0.0,0.0,0.0,48607,460.78313,40,1,0,0,0,438.0880126953125,47613,464.6000061035156,40,1
108410433,Makine Mühendisliği,ORTA DOĞU TEKNİK ÜNİVERSİTESİ,4,SAYISAL,"22, 23, 24, 144",6456.0,Mühendislik Fakültesi,(İngilizce),ANKARA,DEVLET,0,180.0,5.0,520.47616,519.12883,5.0,536.03763,520.86585,6321.0,180.0,25.0,38.0,160.0,116.0,151.0,127.0,33.0,26.0,1.0,1.0,0.0,0.0,2176.0,2344.0,365.0,396.0,967.0,990.0,1817.0,1891.0,150.0,0,0.0,0.0,4.0,150.0,565.63883,4.0,523.17172,0.0,0.0,0.0,0.0,0.0,0.0,0.0,0.0,0.0,0.0,4832,527.94562,120,3,0,0,0,522.8300170898438,3664,550.8690185546875,120,3
108410442,Metalurji ve Malzeme Mühendisliği,ORTA DOĞU TEKNİK ÜNİVERSİTESİ,4,SAYISAL,"22, 23, 24, 144",6460.0,Mühendislik Fakültesi,(İngilizce),ANKARA,DEVLET,0,80.0,2.0,504.03649,501.39764,2.0,520.9473,506.24434,13604.0,80.0,30.0,13.0,52.0,49.0,56.0,48.0,25.0,14.0,1.0,0.0,0.0,0.0,1001.0,1046.0,153.0,116.0,375.0,314.0,743.0,769.0,60.0,0,0.0,0.0,2.0,60.0,526.52767,2.0,513.31623,0.0,0.0,0.0,0.0,0.0,0.0,0.0,0.0,0.0,0.0,8660,518.31816,60,2,0,0,0,509.0350036621094,7315,532.8980102539062,60,2
108410451,Petrol ve Doğalgaz Mühendisliği,ORTA DOĞU TEKNİK ÜNİVERSİTESİ,4,SAYISAL,"22, 23, 24, 144",6461.0,Mühendislik Fakültesi,(İngilizce),ANKARA,DEVLET,0,50.0,2.0,433.38835,423.88088,2.0,501.37722,455.30039,51958.0,50.0,11.0,7.0,41.0,34.0,27.0,23.0,24.0,18.0,1.0,0.0,0.0,0.0,1055.0,1165.0,124.0,148.0,292.0,365.0,672.0,769.0,40.0,0,0.0,0.0,1.0,40.0,513.31123,1.0,457.16501,0.0,0.0,0.0,0.0,0.0,0.0,0.0,0.0,0.0,0.0,40577,469.98069,30,1,0,0,0,464.68499755859375,28569,497.2149963378906,30,1
108410478,Bilgisayar Mühendisliği,ORTA DOĞU TEKNİK ÜNİVERSİTESİ,4,SAYISAL,"18, 19, 21, 22, 23, 24, 64, 144, 229",6464.0,Mühendislik Fakültesi,(İngilizce) (Burslu),ANKARA,DEVLET,0,16.0,0.0,0.0,0.0,0.0,518.10163,487.88554,25837.0,16.0,3.0,0.0,13.0,18.0,11.0,12.0,5.0,6.0,0.0,0.0,0.0,0.0,281.0,220.0,61.0,39.0,105.0,75.0,191.0,159.0,18.0,0,0.0,0.0,0.0,18.0,518.29296,0.0,0.0,0.0,0.0,0.0,0.0,0.0,0.0,0.0,0.0,0.0,0.0,27355,486.98059,21,0,0,0,0,450.0350036621094,38550,544.5549926757812,21,0
108410496,Elektrik-Elektronik Mühendisliği,ORTA DOĞU TEKNİK ÜNİVERSİTESİ,4,SAYISAL,"18, 19, 21, 22, 23, 24, 64, 144, 229",6467.0,Mühendislik Fakültesi,(İngilizce) (Burslu),ANKARA,DEVLET,0,8.0,0.0,0.0,0.0,0.0,479.03034,458.17603,49514.0,8.0,1.0,2.0,7.0,8.0,6.0,7.0,2.0,3.0,0.0,0.0,0.0,0.0,106.0,164.0,7.0,13.0,30.0,39.0,68.0,103.0,10.0,0,0.0,0.0,0.0,10.0,490.63149,0.0,0.0,0.0,0.0,0.0,0.0,0.0,0.0,0.0,0.0,0.0,0.0,46869,462.76506,11,0,0,0,0,429.66400146484375,54591,456.4649963378906,11,0
108410539,İngilizce Öğretmenliği,ORTA DOĞU TEKNİK ÜNİVERSİTESİ,4,DİL,"1, 18, 19, 21, 22, 23, 24, 64, 150, 160, 229",6478.0,Mühendislik Fakültesi,(İngilizce) (Burslu),ANKARA,DEVLET,0,8.0,0.0,0.0,0.0,0.0,451.67047,412.74929,19518.0,8.0,2.0,2.0,6.0,6.0,4.0,4.0,2.0,4.0,1.0,0.0,1.0,0.0,89.0,131.0,19.0,28.0,29.0,49.0,55.0,79.0,8.0,0,0.0,0.0,0.0,8.0,470.24334,0.0,0.0,0.0,0.0,0.0,0.0,0.0,0.0,2.0,0.0,0.0,0.0,19077,423.74506,9,0,0,0,0,408.1470031738281,21317,458.17498779296875,9,0
108410557,İnşaat Mühendisliği,ORTA DOĞU TEKNİK ÜNİVERSİTESİ,4,SAYISAL,"18, 19, 21, 22, 23, 24, 64, 144, 229",6481.0,Mühendislik Fakültesi,(İngilizce) (Burslu),ANKARA,DEVLET,0,5.0,0.0,0.0,0.0,0.0,363.71557,345.64915,183811.0,5.0,2.0,1.0,3.0,2.0,2.0,1.0,2.0,1.0,1.0,1.0,0.0,0.0,59.0,74.0,3.0,11.0,7.0,18.0,29.0,45.0,3.0,0,0.0,0.0,0.0,3.0,399.46096,0.0,0.0,0.0,0.0,0.0,0.0,0.0,0.0,0.0,0.0,0.0,0.0,140445,377.99792,3,0,0,0,0,349.8580017089844,148357,364.0589904785156,3,0
108410575,İşletme,ORTA DOĞU TEKNİK ÜNİVERSİTESİ,4,EŞİT AĞIRLIK,"18, 19, 21, 22, 23, 24, 64, 229",6484.0,Mühendislik Fakültesi,(İngilizce) (Burslu),ANKARA,DEVLET,0,5.0,0.0,0.0,0.0,0.0,486.63754,362.33776,140525.0,5.0,1.0,2.0,4.0,2.0,2.0,2.0,2.0,2.0,1.0,0.0,0.0,0.0,103.0,135.0,17.0,29.0,35.0,56.0,70.0,90.0,4.0,0,0.0,0.0,0.0,4.0,403.01866,0.0,0.0,0.0,0.0,0.0,0.0,0.0,0.0,0.0,0.0,0.0,0.0,104554,370.0424,4,0,0,0,0,368.489013671875,82469,436.4939880371094,4,0
108410584,İşletme,ORTA DOĞU TEKNİK ÜNİVERSİTESİ,4,EŞİT AĞIRLIK,"18, 19, 22, 23, 24, 64, 164, 229, 323",6486.0,Mühendislik Fakültesi,(İngilizce) (UOLP-Suny New Paltz) (Ücretli),ANKARA,DEVLET,0,,,,,,,,,,,,,,,,,,,,,,,,,,,,,,,,,,,,,,,,,,,,,,,,,0,0.0,5,0,0,0,0,294.35699462890625,389354,327.4679870605469,5,0
108410636,Makine Mühendisliği,ORTA DOĞU TEKNİK ÜNİVERSİTESİ,4,SAYISAL,"18, 19, 21, 22, 23, 24, 64, 144, 229",6488.0,Mühendislik Fakültesi,(İngilizce) (Burslu),ANKARA,DEVLET,0,6.0,0.0,0.0,0.0,0.0,459.64152,452.27523,54628.0,6.0,3.0,1.0,3.0,6.0,4.0,2.0,2.0,5.0,0.0,0.0,0.0,0.0,60.0,95.0,3.0,13.0,13.0,23.0,41.0,67.0,7.0,0,0.0,0.0,0.0,7.0,465.3243,0.0,0.0,0.0,0.0,0.0,0.0,0.0,0.0,0.0,0.0,0.0,0.0,55906,452.38554,8,0,0,0,0,424.135986328125,59406,436.1029968261719,8,0
108410672,Psikoloji,ORTA DOĞU TEKNİK ÜNİVERSİTESİ,4,EŞİT AĞIRLIK,"18, 19, 21, 22, 23, 24, 64, 229",6493.0,Mühendislik Fakültesi,(İngilizce) (Burslu),ANKARA,DEVLET,0,15.0,0.0,0.0,0.0,0.0,465.0431,368.36922,124705.0,15.0,10.0,14.0,5.0,3.0,10.0,1.0,5.0,10.0,0.0,2.0,0.0,0.0,224.0,316.0,42.0,67.0,77.0,111.0,147.0,205.0,17.0,0,0.0,0.0,0.0,17.0,421.51644,0.0,0.0,0.0,0.0,0.0,0.0,0.0,0.0,1.0,0.0,0.0,0.0,123320,362.72715,17,0,0,0,0,354.4859924316406,114305,449.0679931640625,17,0
108410699,Siyaset Bilimi ve Uluslararası İlişkiler,ORTA DOĞU TEKNİK ÜNİVERSİTESİ,4,EŞİT AĞIRLIK,"18, 19, 21, 22, 23, 24, 64, 229",6496.0,Mühendislik Fakültesi,(İngilizce) (Burslu),ANKARA,DEVLET,0,5.0,0.0,0.0,0.0,0.0,402.37393,362.64293,139740.0,5.0,1.0,0.0,4.0,3.0,3.0,2.0,1.0,1.0,1.0,0.0,0.0,0.0,96.0,101.0,10.0,20.0,32.0,40.0,62.0,75.0,3.0,0,0.0,0.0,0.0,3.0,390.60307,0.0,0.0,0.0,0.0,0.0,0.0,0.0,0.0,0.0,0.0,0.0,0.0,97087,373.21892,3,0,0,0,0,365.40399169921875,88747,370.9880065917969,3,0
108410857,Bilgisayar Mühendisliği,ORTA DOĞU TEKNİK ÜNİVERSİTESİ,4,SAYISAL,"18, 19, 21, 22, 23, 24, 64, 144, 229",6465.0,Mühendislik Fakültesi,(İngilizce) (%50 İndirimli),ANKARA,DEVLET,0,80.0,0.0,0.0,0.0,0.0,466.16101,382.74597,126739.0,80.0,30.0,12.0,50.0,48.0,36.0,27.0,43.0,33.0,0.0,0.0,1.0,0.0,371.0,502.0,49.0,91.0,115.0,180.0,245.0,354.0,60.0,0,0.0,0.0,0.0,60.0,466.26133,0.0,0.0,0.0,0.0,0.0,0.0,0.0,0.0,1.0,0.0,0.0,0.0,93183,414.80924,60,0,0,0,0,294.10198974609375,285433,436.9119873046875,51,0
108410884,Elektrik-Elektronik Mühendisliği,ORTA DOĞU TEKNİK ÜNİVERSİTESİ,4,SAYISAL,"18, 19, 21, 22, 23, 24, 64, 144, 229",6468.0,Mühendislik Fakültesi,(İngilizce) (%50 İndirimli),ANKARA,DEVLET,0,45.0,0.0,0.0,0.0,0.0,432.37197,309.0309,267083.0,45.0,5.0,7.0,40.0,33.0,20.0,22.0,25.0,18.0,0.0,0.0,0.0,0.0,128.0,354.0,5.0,34.0,19.0,83.0,72.0,242.0,40.0,0,0.0,0.0,0.0,40.0,427.66383,0.0,0.0,0.0,0.0,0.0,0.0,0.0,0.0,0.0,0.0,0.0,0.0,182136,353.3496,40,0,0,0,0,295.0450134277344,282084,427.51800537109375,24,0
108410927,İnşaat Mühendisliği,ORTA DOĞU TEKNİK ÜNİVERSİTESİ,4,SAYISAL,"18, 19, 21, 22, 23, 24, 64, 144, 229",6482.0,Mühendislik Fakültesi,(İngilizce) (%50 İndirimli),ANKARA,DEVLET,0,8.0,0.0,0.0,0.0,0.0,302.84329,299.0106,296605.0,2.0,0.0,1.0,2.0,4.0,0.0,3.0,2.0,1.0,0.0,0.0,0.0,0.0,16.0,30.0,1.0,1.0,1.0,4.0,6.0,19.0,5.0,0,0.0,0.0,0.0,5.0,357.02614,0.0,0.0,0.0,0.0,0.0,0.0,0.0,0.0,0.0,0.0,0.0,0.0,239523,327.87901,5,0,0,0,0,321.17498779296875,205664,321.17498779296875,1,0
108410945,İşletme,ORTA DOĞU TEKNİK ÜNİVERSİTESİ,4,EŞİT AĞIRLIK,"18, 19, 21, 22, 23, 24, 64, 229",6485.0,Mühendislik Fakültesi,(İngilizce) (%50 İndirimli),ANKARA,DEVLET,0,15.0,0.0,0.0,0.0,0.0,361.3283,284.40415,525127.0,15.0,4.0,6.0,11.0,9.0,8.0,6.0,6.0,8.0,1.0,0.0,0.0,1.0,101.0,147.0,15.0,29.0,33.0,50.0,64.0,98.0,15.0,0,0.0,0.0,0.0,15.0,353.9158,0.0,0.0,0.0,0.0,0.0,0.0,0.0,0.0,2.0,0.0,0.0,0.0,385280,303.96772,15,0,0,0,0,263.3240051269531,672521,336.9119873046875,15,0
108410981,Makine Mühendisliği,ORTA DOĞU TEKNİK ÜNİVERSİTESİ,4,SAYISAL,"18, 19, 21, 22, 23, 24, 64, 144, 229",6489.0,Mühendislik Fakültesi,(İngilizce) (%50 İndirimli),ANKARA,DEVLET,0,25.0,0.0,0.0,0.0,0.0,409.25358,298.74305,297425.0,22.0,0.0,2.0,22.0,23.0,17.0,17.0,4.0,8.0,1.0,0.0,0.0,0.0,61.0,183.0,6.0,8.0,13.0,36.0,39.0,113.0,25.0,0,0.0,0.0,0.0,25.0,435.78362,0.0,0.0,0.0,0.0,0.0,0.0,0.0,0.0,1.0,0.0,0.0,0.0,245498,325.61317,25,0,0,0,0,293.6969909667969,286844,388.86199951171875,14,0
108411025,Psikoloji,ORTA DOĞU TEKNİK ÜNİVERSİTESİ,4,EŞİT AĞIRLIK,"18, 19, 21, 22, 23, 24, 64, 229",6494.0,Mühendislik Fakültesi,(İngilizce) (%50 İndirimli),ANKARA,DEVLET,0,75.0,0.0,0.0,0.0,0.0,358.83413,258.63859,775685.0,75.0,61.0,47.0,14.0,13.0,36.0,27.0,26.0,27.0,5.0,1.0,5.0,5.0,297.0,446.0,51.0,83.0,97.0,183.0,204.0,334.0,60.0,0,0.0,0.0,0.0,60.0,356.1168,0.0,0.0,0.0,0.0,0.0,0.0,0.0,0.0,6.0,0.0,0.0,0.0,523586,285.59973,60,0,0,0,0,245.12899780273438,894627,353.6619873046875,60,0
108411079,Siyaset Bilimi ve Uluslararası İlişkiler,ORTA DOĞU TEKNİK ÜNİVERSİTESİ,4,EŞİT AĞIRLIK,"18, 19, 21, 22, 23, 24, 64, 229",6497.0,Mühendislik Fakültesi,(İngilizce) (%50 İndirimli),ANKARA,DEVLET,0,10.0,0.0,0.0,0.0,0.0,313.59517,259.02311,771232.0,10.0,4.0,3.0,6.0,7.0,5.0,5.0,4.0,5.0,1.0,0.0,0.0,0.0,64.0,110.0,4.0,12.0,17.0,36.0,42.0,78.0,10.0,0,0.0,0.0,0.0,10.0,342.15564,0.0,0.0,0.0,0.0,0.0,0.0,0.0,0.0,0.0,0.0,0.0,0.0,601928,276.72184,10,0,0,0,0,199.6739959716797,1514565,284.1719970703125,10,0
108411097,İngilizce Öğretmenliği,ORTA DOĞU TEKNİK ÜNİVERSİTESİ,4,DİL,"1, 18, 19, 21, 22, 23, 24, 64, 150, 160, 229",6479.0,Mühendislik Fakültesi,(İngilizce) (%50 İndirimli),ANKARA,DEVLET,0,35.0,0.0,0.0,0.0,0.0,416.23594,284.77095,69139.0,35.0,19.0,22.0,16.0,13.0,18.0,21.0,11.0,11.0,2.0,2.0,1.0,1.0,165.0,164.0,21.0,23.0,63.0,70.0,125.0,125.0,35.0,0,0.0,0.0,0.0,35.0,421.96874,0.0,0.0,0.0,0.0,0.0,0.0,0.0,0.0,7.0,0.0,0.0,0.0,67191,314.026,35,0,0,0,0,230.14599609375,118048,392.9779968261719,34,0
108411113,Havacılık ve Uzay Mühendisliği,ORTA DOĞU TEKNİK ÜNİVERSİTESİ,4,SAYISAL,"18, 19, 21, 22, 23, 24, 64, 144, 229",6473.0,Mühendislik Fakültesi,(İngilizce) (Burslu),ANKARA,DEVLET,0,8.0,0.0,0.0,0.0,0.0,478.47115,458.14201,49541.0,8.0,4.0,4.0,4.0,5.0,5.0,6.0,3.0,2.0,0.0,1.0,0.0,0.0,99.0,141.0,10.0,28.0,28.0,45.0,64.0,104.0,9.0,0,0.0,0.0,0.0,9.0,481.14254,0.0,0.0,0.0,0.0,0.0,0.0,0.0,0.0,0.0,0.0,0.0,0.0,42331,467.91525,10,0,0,0,0,442.12701416015625,44439,483.2969970703125,10,0
108411122,Havacılık ve Uzay Mühendisliği,ORTA DOĞU TEKNİK ÜNİVERSİTESİ,4,SAYISAL,"18, 19, 21, 22, 23, 24, 64, 144, 229",6474.0,Mühendislik Fakültesi,(İngilizce) (%50 İndirimli),ANKARA,DEVLET,0,40.0,0.0,0.0,0.0,0.0,449.77749,299.90707,293804.0,28.0,6.0,16.0,22.0,19.0,11.0,17.0,15.0,18.0,1.0,0.0,1.0,0.0,70.0,201.0,8.0,25.0,21.0,63.0,47.0,149.0,35.0,0,0.0,0.0,0.0,35.0,446.43178,0.0,0.0,0.0,0.0,0.0,0.0,0.0,0.0,1.0,0.0,0.0,0.0,195389,346.77704,35,0,0,0,0,296.97198486328125,275364,417.79400634765625,34,0
108411149,Matematik Öğretmenliği,ORTA DOĞU TEKNİK ÜNİVERSİTESİ,4,SAYISAL,"1, 22, 23, 24, 150, 151",6412.0,Eğitim Fakültesi,(İngilizce),ANKARA,DEVLET,0,20.0,1.0,468.89945,468.89945,1.0,520.07293,469.93246,39723.0,20.0,10.0,12.0,11.0,9.0,9.0,9.0,10.0,12.0,1.0,0.0,1.0,0.0,565.0,333.0,64.0,33.0,162.0,90.0,305.0,177.0,20.0,0,0.0,0.0,1.0,20.0,490.04928,1.0,435.40687,0.0,0.0,0.0,0.0,0.0,0.0,0.0,0.0,0.0,0.0,41876,468.44471,20,1,0,0,0,437.13299560546875,48400,476.23699951171875,20,1
108411201,Fizik Öğretmenliği,ORTA DOĞU TEKNİK ÜNİVERSİTESİ,4,SAYISAL,"1, 5, 22, 23, 24, 150",6403.0,Eğitim Fakültesi,(İngilizce)KKTC Uyruklu,ANKARA,DEVLET,0,,,,,,,,,,,,,,,,,,,,,,,,,,,,,,,,,,,,,,,,,,,,,,,,,0,0.0,1,0,0,0,0,333.82501220703125,177633,333.82501220703125,1,0
108411219,Felsefe,ORTA DOĞU TEKNİK ÜNİVERSİTESİ,4,EŞİT AĞIRLIK,"5, 22, 23, 24",6419.0,Fen-Edebiyat Fakültesi,(İngilizce) (KKTC Uyruklu),ANKARA,DEVLET,0,1.0,0.0,0.0,0.0,0.0,353.26208,353.26208,166363.0,1.0,0.0,0.0,1.0,2.0,1.0,2.0,0.0,0.0,0.0,0.0,0.0,0.0,10.0,6.0,5.0,2.0,5.0,3.0,9.0,5.0,2.0,0,0.0,0.0,0.0,2.0,360.10158,0.0,0.0,0.0,0.0,0.0,0.0,0.0,0.0,0.0,0.0,0.0,0.0,243664,329.18399,1,0,0,0,0,297.8890075683594,364069,297.8890075683594,1,0
108470058,Endüstriyel Tasarım,ORTA DOĞU TEKNİK ÜNİVERSİTESİ,4,SAYISAL,"22, 23, 24",6440.0,Mimarlık Fakültesi,(İngilizce),ANKARA,DEVLET,0,70.0,2.0,467.90225,463.27011,2.0,515.4704,469.7349,39894.0,70.0,49.0,31.0,23.0,10.0,53.0,28.0,15.0,12.0,4.0,1.0,0.0,0.0,1392.0,1101.0,418.0,340.0,721.0,594.0,1136.0,876.0,40.0,0,1.0,0.0,1.0,40.0,538.83997,1.0,479.30477,0.0,0.0,0.0,0.0,0.0,0.0,0.0,0.0,1.0,0.0,29663,483.86398,40,1,0,0,0,465.95001220703125,27749,532.14697265625,40,1
108470060,Gıda Mühendisliği,ORTA DOĞU TEKNİK ÜNİVERSİTESİ,4,SAYISAL,"5, 22, 23, 24, 144",6450.0,Mühendislik Fakültesi,(İngilizce) (KKTC Uyruklu),ANKARA,DEVLET,0,1.0,0.0,0.0,0.0,0.0,408.95261,408.95261,96290.0,1.0,0.0,1.0,1.0,0.0,1.0,1.0,0.0,0.0,0.0,0.0,0.0,0.0,13.0,5.0,0.0,0.0,4.0,3.0,10.0,5.0,2.0,0,0.0,0.0,0.0,1.0,338.74437,0.0,0.0,0.0,0.0,0.0,0.0,0.0,0.0,2.0,0.0,0.0,0.0,0,0.0,1,0,0,0,0,0.0,0,0.0,0,0
108470061,Bilgisayar Mühendisliği,ORTA DOĞU TEKNİK ÜNİVERSİTESİ,4,SAYISAL,"18, 19, 22, 23, 24, 64, 144, 229",6463.0,Mühendislik Fakültesi,(İngilizce) (Ücretli),ANKARA,DEVLET,0,10.0,0.0,0.0,0.0,0.0,389.94116,374.37042,138053.0,10.0,2.0,8.0,8.0,32.0,6.0,17.0,4.0,23.0,0.0,0.0,0.0,0.0,170.0,230.0,20.0,47.0,100.0,164.0,130.0,206.0,40.0,0,0.0,0.0,0.0,40.0,439.89593,0.0,0.0,0.0,0.0,0.0,0.0,0.0,0.0,0.0,0.0,0.0,0.0,121456,391.56375,55,0,0,0,0,291.0790100097656,296375,398.718994140625,33,0
108470062,Elektrik-Elektronik Mühendisliği,ORTA DOĞU TEKNİK ÜNİVERSİTESİ,4,SAYISAL,"18, 19, 22, 23, 24, 64, 144, 229",6466.0,Mühendislik Fakültesi,(İngilizce) (Ücretli),ANKARA,DEVLET,0,5.0,0.0,0.0,0.0,0.0,338.21516,323.01524,231272.0,5.0,0.0,3.0,5.0,12.0,5.0,7.0,0.0,8.0,0.0,0.0,0.0,0.0,34.0,96.0,0.0,6.0,14.0,45.0,18.0,67.0,15.0,0,0.0,0.0,0.0,15.0,433.09704,0.0,0.0,0.0,0.0,0.0,0.0,0.0,0.0,0.0,0.0,0.0,0.0,231263,331.11309,21,0,0,0,0,291.0299987792969,296583,351.7869873046875,10,0
108470063,Havacılık ve Uzay Mühendisliği,ORTA DOĞU TEKNİK ÜNİVERSİTESİ,4,SAYISAL,"18, 19, 22, 23, 24, 64, 144, 229",6472.0,Mühendislik Fakültesi,(İngilizce) (Ücretli),ANKARA,DEVLET,0,5.0,0.0,0.0,0.0,0.0,387.06175,306.05356,275481.0,4.0,2.0,8.0,2.0,7.0,2.0,7.0,2.0,8.0,0.0,0.0,0.0,0.0,32.0,52.0,1.0,0.0,13.0,30.0,22.0,38.0,15.0,0,0.0,0.0,0.0,15.0,377.8944,0.0,0.0,0.0,0.0,0.0,0.0,0.0,0.0,0.0,0.0,0.0,0.0,259469,320.59775,20,0,0,0,0,291.1199951171875,296222,333.7349853515625,11,0
108470064,İngilizce Öğretmenliği,ORTA DOĞU TEKNİK ÜNİVERSİTESİ,4,DİL,"1, 18, 19, 22, 23, 24, 64, 150, 160, 229",6477.0,Mühendislik Fakültesi,(İngilizce) (Ücretli),ANKARA,DEVLET,0,5.0,0.0,0.0,0.0,0.0,433.78906,278.86191,71700.0,5.0,1.0,4.0,4.0,6.0,4.0,5.0,0.0,5.0,0.0,0.0,0.0,0.0,48.0,52.0,4.0,3.0,33.0,30.0,40.0,41.0,10.0,0,0.0,0.0,0.0,10.0,447.22697,0.0,0.0,0.0,0.0,0.0,0.0,0.0,0.0,5.0,0.0,0.0,0.0,88942,273.64897,15,0,0,0,0,177.8719940185547,149633,381.6600036621094,15,0
108470067,Makine Mühendisliği,ORTA DOĞU TEKNİK ÜNİVERSİTESİ,4,SAYISAL,"18, 19, 22, 23, 24, 64, 144, 229",6487.0,Mühendislik Fakültesi,(İngilizce) (Ücretli),ANKARA,DEVLET,0,5.0,0.0,0.0,0.0,0.0,305.15768,305.15768,278192.0,1.0,0.0,0.0,1.0,11.0,0.0,10.0,1.0,1.0,0.0,0.0,0.0,0.0,11.0,59.0,0.0,2.0,6.0,25.0,7.0,40.0,11.0,0,0.0,0.0,0.0,11.0,348.87686,0.0,0.0,0.0,0.0,0.0,0.0,0.0,0.0,0.0,0.0,0.0,0.0,280513,313.57908,15,0,0,0,0,291.5880126953125,294402,297.41900634765625,2,0
108470068,Psikoloji,ORTA DOĞU TEKNİK ÜNİVERSİTESİ,4,EŞİT AĞIRLIK,"18, 19, 22, 23, 24, 64, 229",6490.0,Mühendislik Fakültesi,(İngilizce) (Ücretli),ANKARA,DEVLET,0,7.0,0.0,0.0,0.0,0.0,289.43999,255.4961,811497.0,7.0,7.0,19.0,0.0,11.0,4.0,10.0,2.0,17.0,0.0,1.0,1.0,2.0,109.0,183.0,7.0,18.0,49.0,94.0,74.0,128.0,30.0,0,0.0,0.0,0.0,30.0,281.50636,0.0,0.0,0.0,0.0,0.0,0.0,0.0,0.0,5.0,0.0,0.0,0.0,735326,263.30206,30,0,0,0,0,200.1649932861328,1508977,316.135009765625,24,0
108470070,Endüstri Mühendisliği,ORTA DOĞU TEKNİK ÜNİVERSİTESİ,4,SAYISAL,"18, 19, 22, 23, 24, 64, 144, 229",6469.0,Mühendislik Fakültesi,(İngilizce) (Ücretli),ANKARA,DEVLET,0,4.0,0.0,0.0,0.0,0.0,352.08553,312.85639,256544.0,4.0,2.0,5.0,2.0,10.0,3.0,6.0,1.0,9.0,0.0,0.0,0.0,0.0,54.0,97.0,0.0,4.0,15.0,50.0,29.0,72.0,15.0,0,0.0,0.0,0.0,15.0,359.26385,0.0,0.0,0.0,0.0,0.0,0.0,0.0,0.0,0.0,0.0,0.0,0.0,212374,338.93954,20,0,0,0,0,296.9289855957031,275509,330.5870056152344,12,0
108470071,Endüstri Mühendisliği,ORTA DOĞU TEKNİK ÜNİVERSİTESİ,4,SAYISAL,"18, 19, 21, 22, 23, 24, 64, 144, 229",6470.0,Mühendislik Fakültesi,(İngilizce) (Burslu),ANKARA,DEVLET,0,7.0,0.0,0.0,0.0,0.0,521.60899,450.69802,55967.0,7.0,2.0,6.0,5.0,2.0,3.0,2.0,4.0,6.0,0.0,0.0,0.0,0.0,148.0,166.0,15.0,18.0,37.0,46.0,104.0,103.0,8.0,0,0.0,0.0,0.0,8.0,538.83877,0.0,0.0,0.0,0.0,0.0,0.0,0.0,0.0,0.0,0.0,0.0,0.0,52349,456.43289,9,0,0,0,0,424.6940002441406,58945,443.16400146484375,9,0
108470072,Endüstri Mühendisliği,ORTA DOĞU TEKNİK ÜNİVERSİTESİ,4,SAYISAL,"18, 19, 21, 22, 23, 24, 64, 144, 229",6471.0,Mühendislik Fakültesi,(İngilizce) (%50 İndirimli),ANKARA,DEVLET,0,33.0,0.0,0.0,0.0,0.0,430.58533,310.73187,262381.0,33.0,19.0,17.0,14.0,9.0,22.0,13.0,10.0,13.0,1.0,0.0,0.0,0.0,122.0,337.0,4.0,26.0,18.0,66.0,75.0,219.0,26.0,0,0.0,0.0,0.0,26.0,425.56443,0.0,0.0,0.0,0.0,0.0,0.0,0.0,0.0,0.0,0.0,0.0,0.0,186155,351.28468,26,0,0,0,0,307.1969909667969,242821,389.47198486328125,26,0
108470073,Yazılım Mühendisliği,ORTA DOĞU TEKNİK ÜNİVERSİTESİ,4,SAYISAL,"18, 19, 22, 23, 24, 64, 144, 229",6498.0,Mühendislik Fakültesi,(İngilizce) (Ücretli),ANKARA,DEVLET,0,5.0,0.0,0.0,0.0,0.0,390.89661,356.58636,164691.0,5.0,0.0,6.0,5.0,14.0,1.0,10.0,4.0,10.0,0.0,0.0,0.0,0.0,100.0,178.0,8.0,14.0,57.0,112.0,72.0,154.0,20.0,0,0.0,0.0,0.0,20.0,396.65595,0.0,0.0,0.0,0.0,0.0,0.0,0.0,0.0,0.0,0.0,0.0,0.0,139033,378.96683,27,0,0,0,0,324.6940002441406,197418,334.4519958496094,2,0
108470074,Yazılım Mühendisliği,ORTA DOĞU TEKNİK ÜNİVERSİTESİ,4,SAYISAL,"18, 19, 21, 22, 23, 24, 64, 144, 229",6499.0,Mühendislik Fakültesi,(İngilizce) (Burslu),ANKARA,DEVLET,0,8.0,0.0,0.0,0.0,0.0,484.27495,470.36212,39361.0,8.0,1.0,1.0,7.0,8.0,3.0,8.0,5.0,1.0,0.0,0.0,0.0,0.0,266.0,199.0,30.0,34.0,92.0,66.0,183.0,139.0,9.0,0,0.0,0.0,0.0,9.0,487.6342,0.0,0.0,0.0,0.0,0.0,0.0,0.0,0.0,0.0,0.0,0.0,0.0,31636,481.23462,11,0,0,0,0,400.34100341796875,82286,435.1730041503906,11,0
108470075,Yazılım Mühendisliği,ORTA DOĞU TEKNİK ÜNİVERSİTESİ,4,SAYISAL,"18, 19, 21, 22, 23, 24, 64, 144, 229",6500.0,Mühendislik Fakültesi,(İngilizce) (%50 İndirimli),ANKARA,DEVLET,0,40.0,0.0,0.0,0.0,0.0,461.24976,356.91074,164139.0,40.0,16.0,12.0,24.0,18.0,14.0,13.0,26.0,17.0,0.0,0.0,0.0,0.0,338.0,484.0,25.0,44.0,85.0,148.0,224.0,353.0,30.0,0,0.0,0.0,0.0,30.0,478.15531,0.0,0.0,0.0,0.0,0.0,0.0,0.0,0.0,1.0,0.0,0.0,0.0,126405,387.88514,30,0,0,0,0,313.3810119628906,225531,413.2770080566406,18,0
108470082,Kimya Öğretmenliği,ORTA DOĞU TEKNİK ÜNİVERSİTESİ,4,SAYISAL,"1, 5, 22, 23, 24, 150",6411.0,Eğitim Fakültesi,(İngilizce) (KKTC Uyruklu),ANKARA,DEVLET,0,1.0,0.0,0.0,0.0,0.0,388.90076,388.90076,119066.0,1.0,1.0,1.0,0.0,0.0,1.0,1.0,0.0,0.0,0.0,0.0,0.0,0.0,12.0,5.0,2.0,0.0,6.0,4.0,11.0,5.0,1.0,0,0.0,0.0,0.0,1.0,401.97679,0.0,0.0,0.0,0.0,0.0,0.0,0.0,0.0,1.0,0.0,0.0,0.0,108227,401.97679,1,0,0,0,0,374.91400146484375,111605,374.91400146484375,1,0
108470089,Biyoloji,ORTA DOĞU TEKNİK ÜNİVERSİTESİ,4,SAYISAL,"5, 22, 23, 24",6417.0,Fen-Edebiyat Fakültesi,(İngilizce) (KKTC Uyruklu),ANKARA,DEVLET,0,,,,,,,,,,,0.0,,2.0,,2.0,,0.0,,0.0,,0.0,,20.0,,4.0,,6.0,,15.0,2.0,0,0.0,0.0,0.0,2.0,387.70865,0.0,0.0,0.0,0.0,0.0,0.0,0.0,0.0,0.0,0.0,0.0,0.0,162063,364.44192,2,0,0,0,0,340.6960144042969,164374,376.78900146484375,2,0
108470096,İnşaat Mühendisliği,ORTA DOĞU TEKNİK ÜNİVERSİTESİ,4,SAYISAL,"18, 19, 22, 23, 24, 64, 144, 229",6480.0,Mühendislik Fakültesi,(İngilizce) (Ücretli),ANKARA,DEVLET,0,,,,,,,,,,,0.0,,2.0,,1.0,,0.0,,1.0,,0.0,,12.0,,0.0,,2.0,,5.0,8.0,0,0.0,0.0,0.0,2.0,366.86266,0.0,0.0,0.0,0.0,0.0,0.0,0.0,0.0,7.0,0.0,0.0,0.0,0,0.0,8,0,0,0,0,0.0,0,0.0,0,0
108470103,İşletme,ORTA DOĞU TEKNİK ÜNİVERSİTESİ,4,EŞİT AĞIRLIK,"18, 19, 22, 23, 24, 64, 229",6483.0,Mühendislik Fakültesi,(İngilizce) (Ücretli),ANKARA,DEVLET,0,,,,,,,,,,,2.0,,3.0,,2.0,,2.0,,0.0,,1.0,,75.0,,11.0,,37.0,,48.0,5.0,0,0.0,0.0,0.0,5.0,296.95839,0.0,0.0,0.0,0.0,0.0,0.0,0.0,0.0,1.0,0.0,0.0,0.0,568811,280.39805,5,0,0,0,0,265.3169860839844,650755,290.83099365234375,5,0
108470110,Siyaset Bilimi ve Uluslararası İlişkiler,ORTA DOĞU TEKNİK ÜNİVERSİTESİ,4,EŞİT AĞIRLIK,"18, 19, 22, 23, 24, 64, 229",6495.0,Mühendislik Fakültesi,(İngilizce) (Ücretli),ANKARA,DEVLET,0,,,,,,,,,,,1.0,,4.0,,3.0,,0.0,,1.0,,0.0,,49.0,,3.0,,25.0,,39.0,5.0,0,0.0,0.0,0.0,5.0,313.1554,0.0,0.0,0.0,0.0,0.0,0.0,0.0,0.0,1.0,0.0,0.0,0.0,773204,259.8089,5,0,0,0,0,222.56399536132812,1210282,290.635009765625,5,0
108470117,Makine Mühendisliği,ORTA DOĞU TEKNİK ÜNİVERSİTESİ,4,SAYISAL,"5, 22, 23, 24, 144",6457.0,Mühendislik Fakültesi,(İngilizce)KKTC Uyruklu,ANKARA,DEVLET,0,,,,,,,,,,,,,,,,,,,,,,,,,,,,,,,,,,,,,,,,,,,,,,,,,0,0.0,1,0,0,0,0,393.55499267578125,89540,393.55499267578125,1,0
108470124,Beden Eğitimi ve Spor Öğretmenliği,ORTA DOĞU TEKNİK ÜNİVERSİTESİ,4,EŞİT AĞIRLIK,"22, 23, 24, 150, 151",6399.0,Eğitim Fakültesi,(İngilizce),ANKARA,DEVLET,0,,,,,,,,,,,,,,,,,,,,,,,,,,,,,,,,,,,,,,,,,,,,,,,,,0,0.0,25,1,0,0,0,356.07501220703125,110246,424.3789978027344,26,0
108470131,Matematik Öğretmenliği,ORTA DOĞU TEKNİK ÜNİVERSİTESİ,4,SAYISAL,"1, 5, 22, 23, 24, 150",6413.0,Eğitim Fakültesi,(İngilizce)KKTC Uyruklu,ANKARA,DEVLET,0,,,,,,,,,,,,,,,,,,,,,,,,,,,,,,,,,,,,,,,,,,,,,,,,,0,0.0,1,0,0,0,0,328.8240051269531,188278,328.8240051269531,1,0
108470138,Elektrik-Elektronik Mühendisliği,ORTA DOĞU TEKNİK ÜNİVERSİTESİ,4,SAYISAL,"5, 22, 23, 24, 144",6447.0,Mühendislik Fakültesi,(İngilizce)KKTC Uyruklu,ANKARA,DEVLET,0,,,,,,,,,,,,,,,,,,,,,,,,,,,,,,,,,,,,,,,,,,,,,,,,,0,0.0,1,0,0,0,0,503.5870056152344,9190,503.5870056152344,1,0
110010014,Tıp,ANKARA YILDIRIM BEYAZIT ÜNİVERSİTESİ,6,SAYISAL,"22, 23, 24, 155",970.0,Tıp Fakültesi,(İngilizce),ANKARA,DEVLET,0,120.0,3.0,510.73075,508.50392,3.0,522.95912,511.05854,10993.0,120.0,72.0,86.0,51.0,48.0,77.0,91.0,43.0,42.0,1.0,0.0,0.0,1.0,1701.0,1923.0,87.0,100.0,305.0,383.0,1170.0,1335.0,130.0,0,0.0,0.0,4.0,130.0,523.38449,4.0,510.42426,0.0,0.0,0.0,0.0,0.0,0.0,0.0,0.0,0.0,0.0,10277,514.86976,130,4,0,0,0,502.10101318359375,9721,513.8670043945312,130,4
110010023,Hukuk,ANKARA YILDIRIM BEYAZIT ÜNİVERSİTESİ,4,EŞİT AĞIRLIK,"22, 24, 34, 162",909.0,Hukuk Fakültesi,,ANKARA,DEVLET,0,230.0,6.0,429.99965,423.48368,6.0,466.12026,435.58315,14264.0,230.0,148.0,160.0,88.0,97.0,103.0,1.0,124.0,97.0,6.0,6.0,2.0,3.0,4584.0,4072.0,235.0,222.0,1089.0,1050.0,3771.0,3594.0,250.0,0,0.0,0.0,7.0,250.0,463.73474,7.0,429.9013,0.0,0.0,0.0,0.0,0.0,0.0,0.0,0.0,0.0,0.0,9239,438.49993,250,7,0,0,0,425.697998046875,13384,449.7749938964844,250,7
110010032,Bilgisayar Mühendisliği,ANKARA YILDIRIM BEYAZIT ÜNİVERSİTESİ,4,SAYISAL,"22, 23, 24, 144",937.0,Mühendislik ve Doğa Bilimleri Fakültesi,(İngilizce),ANKARA,DEVLET,0,80.0,2.0,480.77785,466.27339,2.0,507.99419,485.52722,27534.0,80.0,13.0,23.0,69.0,59.0,38.0,46.0,44.0,35.0,0.0,1.0,0.0,0.0,4271.0,2400.0,178.0,135.0,915.0,528.0,2892.0,1667.0,80.0,0,0.0,0.0,2.0,80.0,513.75613,2.0,470.38265,0.0,0.0,0.0,0.0,0.0,0.0,0.0,0.0,0.0,0.0,21602,495.41394,85,3,0,0,0,461.3299865722656,30797,496.20599365234375,85,3
110010059,Makine Mühendisliği,ANKARA YILDIRIM BEYAZIT ÜNİVERSİTESİ,4,SAYISAL,"22, 23, 24, 144",942.0,Mühendislik ve Doğa Bilimleri Fakültesi,(İngilizce),ANKARA,DEVLET,0,80.0,2.0,408.4098,405.86091,2.0,457.99172,436.3727,68907.0,80.0,25.0,24.0,57.0,58.0,28.0,44.0,53.0,36.0,1.0,2.0,0.0,0.0,1424.0,1524.0,63.0,74.0,235.0,246.0,771.0,808.0,80.0,0,0.0,0.0,2.0,80.0,467.65155,2.0,427.51424,0.0,0.0,0.0,0.0,0.0,0.0,2.0,0.0,0.0,0.0,58525,449.65435,85,3,0,0,0,423.2349853515625,60185,445.52099609375,85,3
110010077,İktisat,ANKARA YILDIRIM BEYAZIT ÜNİVERSİTESİ,4,EŞİT AĞIRLIK,"22, 23, 24",960.0,Siyasal Bilgiler Fakültesi,(İngilizce),ANKARA,DEVLET,0,60.0,2.0,0.0,0.0,0.0,367.05277,334.85373,229701.0,62.0,28.0,35.0,34.0,27.0,16.0,14.0,42.0,41.0,2.0,4.0,2.0,3.0,1355.0,1165.0,41.0,66.0,176.0,183.0,738.0,724.0,60.0,0,2.0,0.0,2.0,61.0,376.16241,1.0,299.54154,0.0,0.0,0.0,0.0,0.0,0.0,0.0,0.0,2.0,0.0,198716,339.69488,60,2,0,2,0,336.4330139160156,167919,376.3529968261719,60,2
110010086,Uluslararası İlişkiler,ANKARA YILDIRIM BEYAZIT ÜNİVERSİTESİ,4,EŞİT AĞIRLIK,"22, 23, 24",963.0,Siyasal Bilgiler Fakültesi,(İngilizce),ANKARA,DEVLET,0,60.0,2.0,306.88808,294.02916,2.0,376.23637,348.3774,181591.0,60.0,39.0,46.0,23.0,16.0,21.0,23.0,32.0,36.0,4.0,1.0,5.0,2.0,1683.0,1382.0,61.0,68.0,257.0,240.0,961.0,865.0,60.0,0,2.0,0.0,2.0,60.0,382.56285,2.0,203.62221,0.0,0.0,0.0,0.0,0.0,0.0,0.0,0.0,2.0,0.0,157609,351.12235,70,2,0,2,0,342.73199462890625,147384,362.760986328125,70,2
110010095,Maliye,ANKARA YILDIRIM BEYAZIT ÜNİVERSİTESİ,4,EŞİT AĞIRLIK,"22, 23, 24",961.0,Siyasal Bilgiler Fakültesi,(İngilizce),ANKARA,DEVLET,0,60.0,2.0,0.0,0.0,0.0,356.84805,324.49552,274012.0,62.0,37.0,38.0,25.0,24.0,21.0,1.0,34.0,41.0,4.0,1.0,2.0,6.0,1170.0,878.0,63.0,53.0,213.0,171.0,678.0,523.0,60.0,0,2.0,0.0,2.0,61.0,361.06352,1.0,224.73076,0.0,0.0,0.0,0.0,0.0,0.0,2.0,0.0,2.0,0.0,254629,326.87435,70,2,0,2,0,322.8659973144531,222178,357.97900390625,72,0
110010102,Siyaset Bilimi ve Kamu Yönetimi,ANKARA YILDIRIM BEYAZIT ÜNİVERSİTESİ,4,EŞİT AĞIRLIK,"22, 23, 24",962.0,Siyasal Bilgiler Fakültesi,(İngilizce),ANKARA,DEVLET,0,60.0,2.0,349.8067,326.05865,2.0,382.0544,350.95298,173430.0,60.0,31.0,28.0,31.0,35.0,21.0,21.0,31.0,35.0,3.0,1.0,7.0,4.0,1389.0,1135.0,91.0,72.0,308.0,269.0,901.0,783.0,60.0,0,2.0,0.0,2.0,60.0,385.28531,2.0,311.78174,0.0,0.0,1.0,223.06638,0.0,0.0,1.0,0.0,1.0,0.0,151435,353.05573,70,2,0,2,0,339.0690002441406,159004,365.5260009765625,70,2
110010111,Hemşirelik,ANKARA YILDIRIM BEYAZIT ÜNİVERSİTESİ,4,SAYISAL,,953.0,Sağlık Bilimleri Fakültesi,,ANKARA,DEVLET,0,160.0,4.0,376.91122,368.12556,4.0,406.04218,380.16141,130108.0,160.0,137.0,134.0,27.0,34.0,48.0,58.0,111.0,106.0,3.0,2.0,0.0,2.0,4922.0,4759.0,314.0,304.0,1240.0,1204.0,3494.0,3432.0,160.0,0,4.0,0.0,4.0,160.0,432.99917,4.0,366.70732,0.0,0.0,4.0,177.8478,0.0,0.0,1.0,0.0,0.0,0.0,133246,383.03406,160,4,0,4,0,365.8739929199219,123692,397.3550109863281,160,4
110010129,Felsefe,ANKARA YILDIRIM BEYAZIT ÜNİVERSİTESİ,4,EŞİT AĞIRLIK,,920.0,İnsan ve Toplum Bilimleri Fakültesi,,ANKARA,DEVLET,0,70.0,2.0,0.0,0.0,0.0,329.11861,275.15431,605872.0,72.0,47.0,48.0,25.0,26.0,15.0,13.0,30.0,29.0,10.0,8.0,16.0,22.0,1297.0,882.0,85.0,52.0,269.0,163.0,709.0,523.0,70.0,0,2.0,0.0,2.0,72.0,319.95389,0.0,0.0,0.0,0.0,2.0,232.60067,0.0,0.0,9.0,0.0,0.0,0.0,609251,275.94239,50,2,0,2,0,274.1669921875,560480,320.48199462890625,52,0
110010138,Sosyoloji,ANKARA YILDIRIM BEYAZIT ÜNİVERSİTESİ,4,EŞİT AĞIRLIK,,923.0,İnsan ve Toplum Bilimleri Fakültesi,,ANKARA,DEVLET,0,60.0,2.0,0.0,0.0,0.0,340.44021,309.80207,349500.0,62.0,47.0,55.0,15.0,9.0,17.0,7.0,34.0,41.0,4.0,6.0,4.0,10.0,1587.0,934.0,49.0,44.0,233.0,163.0,888.0,555.0,60.0,0,2.0,0.0,2.0,62.0,336.2152,0.0,0.0,0.0,0.0,2.0,234.5732,0.0,0.0,3.0,0.0,1.0,0.0,357584,308.19979,40,1,0,1,0,302.62298583984375,332530,321.5870056152344,41,0
110010147,Tarih,ANKARA YILDIRIM BEYAZIT ÜNİVERSİTESİ,4,SÖZEL,"22, 24, 34",925.0,İnsan ve Toplum Bilimleri Fakültesi,,ANKARA,DEVLET,0,80.0,2.0,0.0,0.0,0.0,375.87583,338.66697,148393.0,82.0,33.0,34.0,49.0,50.0,30.0,24.0,30.0,34.0,14.0,6.0,8.0,18.0,1245.0,1036.0,69.0,53.0,239.0,231.0,733.0,683.0,80.0,0,2.0,0.0,2.0,82.0,404.26936,0.0,0.0,0.0,0.0,2.0,176.85731,0.0,0.0,8.0,0.0,1.0,0.0,134989,342.21893,30,1,0,1,0,371.64898681640625,79739,422.7030029296875,31,0
110010156,Türk Dili ve Edebiyatı,ANKARA YILDIRIM BEYAZIT ÜNİVERSİTESİ,4,SÖZEL,,926.0,İnsan ve Toplum Bilimleri Fakültesi,,ANKARA,DEVLET,0,80.0,2.0,0.0,0.0,0.0,373.2904,345.97775,123138.0,82.0,67.0,71.0,15.0,13.0,30.0,25.0,35.0,43.0,6.0,7.0,8.0,5.0,1848.0,1435.0,89.0,79.0,338.0,320.0,1112.0,920.0,80.0,0,2.0,0.0,2.0,81.0,373.24222,1.0,292.8314,0.0,0.0,2.0,263.01817,0.0,0.0,7.0,0.0,0.0,0.0,114836,348.412,30,1,0,1,0,373.1210021972656,76531,412.47601318359375,30,1
110010174,Tıp,ANKARA YILDIRIM BEYAZIT ÜNİVERSİTESİ,6,SAYISAL,155,968.0,Tıp Fakültesi,,ANKARA,DEVLET,0,180.0,5.0,514.97592,512.15337,5.0,524.71856,515.36476,8780.0,180.0,111.0,109.0,74.0,86.0,95.0,139.0,89.0,54.0,1.0,1.0,0.0,0.0,3288.0,3893.0,287.0,347.0,908.0,1119.0,2637.0,3155.0,190.0,0,0.0,0.0,5.0,190.0,530.73457,5.0,517.9726,0.0,0.0,0.0,0.0,0.0,0.0,0.0,0.0,0.0,0.0,8012,519.80926,195,5,0,0,0,508.19500732421875,7574,521.698974609375,195,5
110010183,İşletme,ANKARA YILDIRIM BEYAZIT ÜNİVERSİTESİ,4,EŞİT AĞIRLIK,"22, 23, 24",929.0,İşletme Fakültesi,(İngilizce),ANKARA,DEVLET,0,60.0,2.0,0.0,0.0,0.0,379.16108,342.79512,200207.0,62.0,34.0,40.0,28.0,22.0,11.0,19.0,46.0,39.0,1.0,3.0,4.0,1.0,1704.0,1452.0,77.0,91.0,250.0,262.0,949.0,885.0,60.0,0,2.0,0.0,2.0,60.0,393.15586,2.0,281.22617,0.0,0.0,0.0,0.0,0.0,0.0,2.0,0.0,2.0,0.0,168086,347.99142,70,2,0,2,0,341.01300048828125,152769,398.1820068359375,70,2
110010192,Uluslararası Ticaret ve İşletmecilik,ANKARA YILDIRIM BEYAZIT ÜNİVERSİTESİ,4,EŞİT AĞIRLIK,"22, 23, 24",930.0,İşletme Fakültesi,(İngilizce),ANKARA,DEVLET,0,60.0,2.0,0.0,0.0,0.0,400.37109,332.87336,237680.0,62.0,34.0,34.0,28.0,29.0,30.0,1.0,27.0,40.0,2.0,4.0,2.0,2.0,1412.0,1102.0,102.0,63.0,287.0,216.0,848.0,690.0,60.0,0,2.0,0.0,2.0,61.0,361.55821,1.0,320.02887,0.0,0.0,1.0,235.83273,0.0,0.0,2.0,0.0,1.0,0.0,210216,336.82548,70,2,0,2,0,330.4440002441406,190078,358.4280090332031,70,2
110010217,Yönetim Bilişim Sistemleri,ANKARA YILDIRIM BEYAZIT ÜNİVERSİTESİ,4,EŞİT AĞIRLIK,"22, 23, 24",931.0,İşletme Fakültesi,(İngilizce),ANKARA,DEVLET,0,60.0,2.0,334.05846,314.34968,2.0,419.39232,381.07694,94995.0,60.0,28.0,34.0,34.0,28.0,17.0,1.0,38.0,30.0,3.0,2.0,4.0,1.0,2362.0,1913.0,273.0,208.0,839.0,655.0,1721.0,1400.0,60.0,0,2.0,0.0,2.0,60.0,415.61372,2.0,379.25536,0.0,0.0,0.0,0.0,0.0,0.0,1.0,0.0,2.0,0.0,61633,390.21112,70,2,0,2,0,381.4460144042969,59411,413.2560119628906,70,2
110010226,Bilgi ve Belge Yönetimi,ANKARA YILDIRIM BEYAZIT ÜNİVERSİTESİ,4,EŞİT AĞIRLIK,,916.0,İnsan ve Toplum Bilimleri Fakültesi,,ANKARA,DEVLET,0,60.0,2.0,251.83456,251.83456,1.0,305.37231,288.59432,491619.0,61.0,43.0,47.0,19.0,17.0,20.0,9.0,38.0,36.0,0.0,4.0,3.0,14.0,1187.0,766.0,62.0,47.0,256.0,176.0,705.0,473.0,60.0,0,2.0,0.0,2.0,62.0,321.85328,0.0,0.0,0.0,0.0,2.0,192.57502,0.0,0.0,6.0,0.0,0.0,0.0,461710,293.28845,65,2,0,2,0,293.4570007324219,395906,314.0880126953125,66,1
110010244,Psikoloji,ANKARA YILDIRIM BEYAZIT ÜNİVERSİTESİ,4,EŞİT AĞIRLIK,"22, 23, 24",922.0,İnsan ve Toplum Bilimleri Fakültesi,(İngilizce),ANKARA,DEVLET,0,100.0,3.0,398.45037,370.58918,3.0,434.48236,400.63166,56473.0,100.0,89.0,85.0,14.0,21.0,40.0,55.0,56.0,41.0,5.0,2.0,1.0,6.0,2664.0,2250.0,260.0,125.0,752.0,541.0,1813.0,1498.0,100.0,0,3.0,0.0,3.0,100.0,438.83155,3.0,381.61938,0.0,0.0,3.0,261.49734,0.0,0.0,3.0,0.0,0.0,0.0,48139,398.07929,90,3,0,3,0,384.64599609375,54460,408.59600830078125,90,3
110010253,Elektrik-Elektronik Mühendisliği,ANKARA YILDIRIM BEYAZIT ÜNİVERSİTESİ,4,SAYISAL,"22, 23, 24, 144",938.0,Mühendislik ve Doğa Bilimleri Fakültesi,(İngilizce),ANKARA,DEVLET,0,80.0,2.0,459.2958,450.5193,2.0,479.4808,460.57603,47520.0,80.0,23.0,20.0,59.0,62.0,35.0,40.0,45.0,40.0,1.0,2.0,0.0,0.0,2019.0,1884.0,62.0,88.0,263.0,318.0,1065.0,1041.0,80.0,0,0.0,0.0,2.0,80.0,495.30641,2.0,456.06882,0.0,0.0,0.0,0.0,0.0,0.0,0.0,0.0,0.0,0.0,40031,470.66081,80,2,0,0,0,441.3500061035156,45027,477.677001953125,80,2
110010271,Tıp,ANKARA YILDIRIM BEYAZIT ÜNİVERSİTESİ,6,SAYISAL,"5, 155",969.0,Tıp Fakültesi,(KKTC Uyruklu),ANKARA,DEVLET,0,1.0,0.0,0.0,0.0,0.0,483.46325,483.46325,29100.0,1.0,1.0,1.0,0.0,0.0,1.0,1.0,0.0,0.0,0.0,0.0,0.0,0.0,11.0,8.0,0.0,0.0,1.0,1.0,8.0,7.0,1.0,0,0.0,0.0,0.0,1.0,483.56931,0.0,0.0,0.0,0.0,0.0,0.0,0.0,0.0,0.0,0.0,0.0,0.0,29854,483.56931,1,0,0,0,0,0.0,0,0.0,0,0
110010289,Diş Hekimliği,ANKARA YILDIRIM BEYAZIT ÜNİVERSİTESİ,5,SAYISAL,147,905.0,Diş Hekimliği Fakültesi,,ANKARA,DEVLET,0,100.0,3.0,481.45285,477.26721,3.0,496.27685,482.68925,29661.0,100.0,72.0,70.0,31.0,33.0,44.0,47.0,57.0,54.0,2.0,2.0,0.0,0.0,2681.0,3268.0,94.0,129.0,378.0,429.0,1489.0,1530.0,100.0,0,0.0,0.0,3.0,100.0,489.24211,3.0,473.91792,0.0,0.0,0.0,0.0,0.0,0.0,0.0,0.0,0.0,0.0,30537,482.67576,100,3,0,0,0,461.8089904785156,30470,470.8190002441406,100,3
110010298,Fizyoterapi ve Rehabilitasyon,ANKARA YILDIRIM BEYAZIT ÜNİVERSİTESİ,4,SAYISAL,,952.0,Sağlık Bilimleri Fakültesi,,ANKARA,DEVLET,0,80.0,2.0,335.26336,322.99584,2.0,399.22188,346.26727,182651.0,80.0,64.0,58.0,18.0,26.0,31.0,1.0,47.0,50.0,1.0,1.0,1.0,5.0,2504.0,1466.0,150.0,81.0,527.0,317.0,1532.0,885.0,80.0,0,2.0,0.0,2.0,80.0,374.78944,2.0,292.81569,0.0,0.0,2.0,170.23969,0.0,0.0,1.0,0.0,0.0,0.0,205770,341.87147,85,3,0,3,0,312.92401123046875,226707,342.8039855957031,85,3
110010305,Sosyal Hizmet,ANKARA YILDIRIM BEYAZIT ÜNİVERSİTESİ,4,EŞİT AĞIRLIK,,958.0,Sağlık Bilimleri Fakültesi,,ANKARA,DEVLET,0,70.0,2.0,230.94744,226.64715,2.0,342.86239,319.29954,298953.0,70.0,68.0,64.0,4.0,10.0,20.0,17.0,41.0,44.0,1.0,4.0,9.0,8.0,1995.0,1309.0,96.0,63.0,339.0,229.0,1136.0,807.0,70.0,0,2.0,0.0,2.0,70.0,342.94242,2.0,224.08205,0.0,0.0,2.0,201.55266,0.0,0.0,3.0,0.0,0.0,0.0,284385,320.94317,75,2,0,2,0,311.1719970703125,281094,363.4989929199219,75,2
110010314,İnşaat Mühendisliği,ANKARA YILDIRIM BEYAZIT ÜNİVERSİTESİ,4,SAYISAL,"22, 23, 24, 144",941.0,Mühendislik ve Doğa Bilimleri Fakültesi,(İngilizce),ANKARA,DEVLET,0,70.0,2.0,0.0,0.0,0.0,383.058,342.76842,189214.0,72.0,14.0,17.0,58.0,55.0,21.0,24.0,49.0,42.0,0.0,3.0,2.0,2.0,904.0,1112.0,26.0,23.0,116.0,147.0,467.0,640.0,70.0,0,0.0,0.0,2.0,72.0,413.56237,0.0,0.0,0.0,0.0,0.0,0.0,0.0,0.0,0.0,0.0,0.0,0.0,165628,362.37992,60,2,0,0,0,345.13299560546875,156397,373.52899169921875,62,0
110010341,Odyoloji,ANKARA YILDIRIM BEYAZIT ÜNİVERSİTESİ,4,SAYISAL,,954.0,Sağlık Bilimleri Fakültesi,,ANKARA,DEVLET,0,70.0,2.0,275.42276,270.71975,2.0,338.71779,314.19542,253002.0,70.0,62.0,53.0,10.0,21.0,26.0,24.0,42.0,41.0,0.0,3.0,1.0,5.0,5198.0,1314.0,358.0,83.0,1134.0,273.0,2949.0,728.0,70.0,0,2.0,0.0,2.0,70.0,346.08234,2.0,253.62721,0.0,0.0,2.0,183.69851,0.0,0.0,4.0,0.0,0.0,0.0,263626,319.16129,50,2,0,2,0,298.64300537109375,269613,347.1830139160156,50,2
110010368,Beslenme ve Diyetetik,ANKARA YILDIRIM BEYAZIT ÜNİVERSİTESİ,4,SAYISAL,,949.0,Sağlık Bilimleri Fakültesi,,ANKARA,DEVLET,0,75.0,2.0,338.29893,323.06381,2.0,388.72904,363.75504,153428.0,75.0,70.0,71.0,7.0,8.0,27.0,26.0,45.0,44.0,2.0,4.0,2.0,4.0,1922.0,1498.0,131.0,88.0,408.0,344.0,1255.0,1015.0,75.0,0,2.0,0.0,2.0,75.0,389.57722,2.0,317.54068,0.0,0.0,2.0,196.28141,0.0,0.0,1.0,0.0,0.0,0.0,171278,359.144,30,1,0,1,0,337.20599365234375,171088,365.9119873046875,30,1
110010377,Metalurji ve Malzeme Mühendisliği,ANKARA YILDIRIM BEYAZIT ÜNİVERSİTESİ,4,SAYISAL,"22, 23, 24, 144",945.0,Mühendislik ve Doğa Bilimleri Fakültesi,(İngilizce),ANKARA,DEVLET,0,60.0,2.0,0.0,0.0,0.0,435.3793,359.36787,160129.0,62.0,32.0,33.0,30.0,29.0,16.0,23.0,43.0,38.0,2.0,0.0,1.0,0.0,983.0,1054.0,15.0,37.0,123.0,183.0,524.0,602.0,60.0,0,0.0,0.0,2.0,61.0,420.25382,1.0,359.43784,0.0,0.0,0.0,0.0,0.0,0.0,0.0,0.0,0.0,0.0,137394,380.08595,65,2,0,0,0,357.79901123046875,135509,407.8219909667969,66,1
110010386,Endüstri Mühendisliği,ANKARA YILDIRIM BEYAZIT ÜNİVERSİTESİ,4,SAYISAL,"22, 23, 24, 144",939.0,Mühendislik ve Doğa Bilimleri Fakültesi,(İngilizce),ANKARA,DEVLET,0,80.0,2.0,431.32117,420.31881,2.0,475.82519,447.26619,59022.0,80.0,50.0,49.0,32.0,33.0,27.0,37.0,55.0,44.0,0.0,1.0,0.0,0.0,2119.0,2025.0,62.0,93.0,278.0,337.0,1076.0,1073.0,80.0,0,0.0,0.0,2.0,80.0,475.38076,2.0,433.35466,0.0,0.0,0.0,0.0,0.0,0.0,0.0,0.0,0.0,0.0,50915,458.13024,85,3,0,0,0,426.78399658203125,57091,450.8710021972656,85,3
110050013,Tıbbi Görüntüleme Teknikleri,ANKARA YILDIRIM BEYAZIT ÜNİVERSİTESİ,2,TYT,,15718.0,Sağlık Hizmetleri Meslek Yüksekokulu,,ANKARA,DEVLET,1,65.0,2.0,273.27701,240.78355,2.0,397.19992,338.08468,468899.0,65.0,41.0,48.0,26.0,21.0,17.0,1.0,36.0,42.0,10.0,5.0,3.0,2.0,4747.0,3419.0,197.0,143.0,714.0,529.0,2528.0,1875.0,65.0,0,2.0,0.0,2.0,65.0,388.00801,2.0,288.08613,0.0,0.0,2.0,259.4794,0.0,0.0,3.0,0.0,0.0,0.0,465687,344.02254,65,2,0,2,0,350.35198974609375,409940,389.7869873046875,65,2
110050022,Elektronörofizyoloji,ANKARA YILDIRIM BEYAZIT ÜNİVERSİTESİ,2,TYT,,15713.0,Sağlık Hizmetleri Meslek Yüksekokulu,,ANKARA,DEVLET,1,60.0,2.0,0.0,0.0,0.0,356.01666,315.58504,645573.0,62.0,43.0,49.0,19.0,15.0,18.0,14.0,28.0,39.0,6.0,1.0,9.0,10.0,2076.0,1067.0,87.0,38.0,335.0,174.0,1002.0,544.0,60.0,0,2.0,0.0,2.0,62.0,333.58057,0.0,0.0,0.0,0.0,2.0,209.43755,0.0,0.0,3.0,0.0,0.0,0.0,699230,316.6355,60,2,0,2,0,321.8110046386719,636290,349.0150146484375,62,0
110050031,Çocuk Koruma ve Bakım Hizmetleri,ANKARA YILDIRIM BEYAZIT ÜNİVERSİTESİ,2,TYT,,15711.0,Sağlık Hizmetleri Meslek Yüksekokulu,,ANKARA,DEVLET,1,60.0,2.0,230.12235,230.12235,1.0,342.7814,291.04447,898388.0,61.0,56.0,61.0,6.0,3.0,15.0,22.0,31.0,22.0,7.0,7.0,9.0,11.0,1450.0,915.0,113.0,79.0,324.0,214.0,821.0,517.0,60.0,0,2.0,0.0,2.0,62.0,353.57605,0.0,0.0,0.0,0.0,2.0,232.76281,0.0,0.0,7.0,0.0,0.0,0.0,970796,292.87093,60,2,0,2,0,299.1600036621094,893397,321.1210021972656,62,0
110050049,Çocuk Koruma ve Bakım Hizmetleri,ANKARA YILDIRIM BEYAZIT ÜNİVERSİTESİ,2,TYT,5,15712.0,Sağlık Hizmetleri Meslek Yüksekokulu,(KKTC Uyruklu),ANKARA,DEVLET,1,,,,,,,,,,,,,,,,,,,,,,,,,,,,,,,,,,,,,,,,,,,,,,,,,0,0.0,1,0,0,0,0,0.0,0,0.0,0,0
110050058,Ağız ve Diş Sağlığı,ANKARA YILDIRIM BEYAZIT ÜNİVERSİTESİ,2,TYT,,15709.0,Sağlık Hizmetleri Meslek Yüksekokulu,,ANKARA,DEVLET,1,65.0,2.0,0.0,0.0,0.0,491.53395,330.32366,522543.0,67.0,47.0,54.0,20.0,15.0,16.0,21.0,42.0,40.0,2.0,1.0,6.0,5.0,6095.0,3482.0,351.0,216.0,1080.0,658.0,3356.0,1997.0,65.0,0,2.0,0.0,2.0,65.0,363.47784,2.0,255.77975,0.0,0.0,2.0,229.83373,0.0,0.0,3.0,0.0,0.0,0.0,521286,336.57779,65,2,0,2,0,346.1780090332031,437048,371.8680114746094,65,2
110050067,Tıbbi Laboratuvar Teknikleri,ANKARA YILDIRIM BEYAZIT ÜNİVERSİTESİ,2,TYT,,15719.0,Sağlık Hizmetleri Meslek Yüksekokulu,,ANKARA,DEVLET,1,65.0,2.0,313.99847,279.45642,2.0,345.83941,326.89463,549882.0,65.0,49.0,58.0,18.0,11.0,20.0,20.0,39.0,43.0,5.0,1.0,3.0,4.0,4356.0,3397.0,130.0,114.0,548.0,444.0,2111.0,1676.0,65.0,0,2.0,0.0,2.0,67.0,360.30523,0.0,0.0,0.0,0.0,2.0,224.89167,0.0,0.0,4.0,0.0,1.0,0.0,549777,333.07335,65,2,0,2,0,340.67999267578125,475587,373.1289978027344,65,2
110050085,Optisyenlik,ANKARA YILDIRIM BEYAZIT ÜNİVERSİTESİ,2,TYT,,15717.0,Sağlık Hizmetleri Meslek Yüksekokulu,,ANKARA,DEVLET,1,65.0,2.0,0.0,0.0,0.0,422.39349,323.79433,574746.0,67.0,39.0,35.0,28.0,34.0,6.0,5.0,19.0,22.0,17.0,10.0,24.0,30.0,2864.0,1493.0,256.0,159.0,627.0,369.0,1621.0,897.0,65.0,0,2.0,0.0,2.0,66.0,380.31671,1.0,264.84509,0.0,0.0,2.0,241.24344,0.0,0.0,6.0,0.0,0.0,0.0,568576,330.81386,65,2,0,2,0,335.6669921875,513664,429.697998046875,66,1
110090026,İşletme Yönetimi,ANKARA YILDIRIM BEYAZIT ÜNİVERSİTESİ,2,TYT,,15727.0,Şereflikoçhisar Berat Cömertoğlu Meslek Yüksekokulu,,ANKARA,DEVLET,1,58.0,2.0,0.0,0.0,0.0,291.84715,258.21628,1369054.0,60.0,31.0,42.0,29.0,22.0,24.0,16.0,28.0,34.0,4.0,8.0,3.0,4.0,1034.0,1011.0,71.0,75.0,198.0,208.0,528.0,547.0,60.0,0,2.0,0.0,2.0,62.0,324.21136,0.0,0.0,0.0,0.0,2.0,189.3597,0.0,0.0,18.0,0.0,0.0,0.0,1376687,264.43322,70,2,0,2,0,275.072998046875,1238567,324.90301513671875,72,0
110090027,Yerel Yönetimler,ANKARA YILDIRIM BEYAZIT ÜNİVERSİTESİ,2,TYT,,15728.0,Şereflikoçhisar Berat Cömertoğlu Meslek Yüksekokulu,,ANKARA,DEVLET,1,80.0,2.0,0.0,0.0,0.0,303.5297,244.68021,1613054.0,82.0,38.0,47.0,44.0,37.0,36.0,20.0,29.0,42.0,6.0,8.0,7.0,10.0,984.0,1173.0,87.0,97.0,221.0,247.0,527.0,602.0,80.0,0,2.0,0.0,2.0,82.0,293.25444,0.0,0.0,0.0,0.0,2.0,233.55681,0.0,0.0,18.0,0.0,0.0,0.0,1636314,248.7373,80,2,0,2,0,262.49798583984375,1440320,350.1809997558594,82,0
110090031,Engelli Bakımı ve Rehabilitasyon,ANKARA YILDIRIM BEYAZIT ÜNİVERSİTESİ,2,TYT,,15714.0,Sağlık Hizmetleri Meslek Yüksekokulu,,ANKARA,DEVLET,1,65.0,2.0,0.0,0.0,0.0,361.84314,277.88426,1066398.0,67.0,53.0,58.0,14.0,11.0,9.0,17.0,41.0,32.0,11.0,11.0,5.0,8.0,946.0,954.0,50.0,72.0,154.0,188.0,477.0,475.0,65.0,0,2.0,0.0,2.0,67.0,312.21344,0.0,0.0,0.0,0.0,2.0,200.22433,0.0,0.0,6.0,0.0,0.0,0.0,1135723,280.61441,65,2,0,2,0,290.90399169921875,1004488,367.4330139160156,67,0
110090032,Mimarlık,ANKARA YILDIRIM BEYAZIT ÜNİVERSİTESİ,4,SAYISAL,"22, 23, 24, 143",935.0,Mimarlık ve Güzel Sanatlar Fakültesi,(İngilizce),ANKARA,DEVLET,0,80.0,2.0,368.22284,362.49151,2.0,423.41882,394.97026,111814.0,80.0,59.0,61.0,23.0,21.0,31.0,35.0,49.0,44.0,2.0,0.0,0.0,3.0,1135.0,1082.0,76.0,74.0,271.0,259.0,697.0,691.0,80.0,0,0.0,0.0,2.0,80.0,438.85881,2.0,368.51187,0.0,0.0,0.0,0.0,0.0,0.0,0.0,0.0,0.0,0.0,111040,399.69942,50,2,0,0,0,373.385009765625,113590,395.7070007324219,50,2
110090033,Yaşlı Bakımı,ANKARA YILDIRIM BEYAZIT ÜNİVERSİTESİ,2,TYT,,15721.0,Sağlık Hizmetleri Meslek Yüksekokulu,,ANKARA,DEVLET,1,65.0,2.0,0.0,0.0,0.0,376.6189,276.16063,1094596.0,67.0,43.0,54.0,24.0,15.0,16.0,12.0,29.0,40.0,12.0,8.0,9.0,8.0,1683.0,1609.0,105.0,64.0,311.0,268.0,849.0,797.0,65.0,0,2.0,0.0,2.0,67.0,406.23548,0.0,0.0,0.0,0.0,2.0,238.3669,0.0,0.0,9.0,0.0,0.0,0.0,1060090,286.09792,65,2,0,2,0,300.0450134277344,882042,327.15301513671875,66,1
110090035,Enerji Sistemleri Mühendisliği,ANKARA YILDIRIM BEYAZIT ÜNİVERSİTESİ,4,SAYISAL,"22, 23, 24, 144",940.0,Mühendislik ve Doğa Bilimleri Fakültesi,(İngilizce),ANKARA,DEVLET,0,40.0,1.0,0.0,0.0,0.0,433.11191,354.18005,168754.0,41.0,17.0,18.0,24.0,23.0,18.0,15.0,20.0,24.0,2.0,2.0,1.0,0.0,840.0,1154.0,14.0,37.0,109.0,211.0,414.0,657.0,40.0,0,0.0,0.0,1.0,40.0,417.31831,1.0,323.45753,0.0,0.0,0.0,0.0,0.0,0.0,1.0,0.0,0.0,0.0,133406,382.93144,45,2,0,0,0,361.1239929199219,130559,389.0799865722656,46,1
110090036,Matematik,ANKARA YILDIRIM BEYAZIT ÜNİVERSİTESİ,4,SAYISAL,"22, 23, 24",943.0,Mühendislik ve Doğa Bilimleri Fakültesi,(İngilizce),ANKARA,DEVLET,0,50.0,2.0,276.04301,258.08715,2.0,409.96343,343.1429,188519.0,50.0,35.0,29.0,17.0,23.0,14.0,15.0,36.0,34.0,1.0,2.0,1.0,1.0,1273.0,1149.0,75.0,39.0,269.0,168.0,753.0,686.0,50.0,0,2.0,0.0,2.0,52.0,417.00983,0.0,0.0,0.0,0.0,0.0,0.0,0.0,0.0,0.0,0.0,2.0,0.0,152760,370.03835,50,2,0,2,0,343.62298583984375,159046,401.2879943847656,50,2
110090037,Sağlık Yönetimi,ANKARA YILDIRIM BEYAZIT ÜNİVERSİTESİ,4,EŞİT AĞIRLIK,,955.0,Sağlık Bilimleri Fakültesi,,ANKARA,DEVLET,0,70.0,2.0,269.40637,263.55097,2.0,330.5555,304.23323,382701.0,70.0,56.0,57.0,16.0,17.0,30.0,17.0,39.0,40.0,1.0,6.0,1.0,9.0,2855.0,1422.0,158.0,76.0,603.0,304.0,1702.0,881.0,70.0,0,2.0,0.0,2.0,72.0,321.32131,0.0,0.0,0.0,0.0,2.0,197.44221,0.0,0.0,3.0,0.0,0.0,0.0,373335,305.75967,75,2,0,2,0,303.4800109863281,327084,324.4469909667969,75,2
110090073,Çocuk Gelişimi,ANKARA YILDIRIM BEYAZIT ÜNİVERSİTESİ,4,EŞİT AĞIRLIK,,950.0,Sağlık Bilimleri Fakültesi,,ANKARA,DEVLET,0,60.0,2.0,299.19069,296.0105,2.0,354.881,342.93653,199750.0,60.0,56.0,60.0,6.0,4.0,24.0,19.0,33.0,42.0,2.0,2.0,3.0,1.0,3122.0,1892.0,186.0,133.0,990.0,554.0,2037.0,1207.0,60.0,0,2.0,0.0,2.0,60.0,359.37571,2.0,282.97379,0.0,0.0,2.0,222.6467,0.0,0.0,1.0,0.0,0.0,0.0,178730,344.93828,40,1,0,1,0,338.2900085449219,161547,359.8789978027344,40,1
110090074,Dil ve Konuşma Terapisi,ANKARA YILDIRIM BEYAZIT ÜNİVERSİTESİ,4,SAYISAL,,951.0,Sağlık Bilimleri Fakültesi,,ANKARA,DEVLET,0,60.0,2.0,409.09146,404.74958,2.0,451.62226,432.81843,72159.0,60.0,54.0,52.0,8.0,12.0,12.0,20.0,48.0,42.0,1.0,0.0,1.0,1.0,1025.0,1039.0,61.0,69.0,354.0,351.0,718.0,679.0,60.0,0,2.0,0.0,2.0,60.0,458.87987,2.0,415.71405,0.0,0.0,2.0,181.01286,0.0,0.0,0.0,0.0,0.0,0.0,77512,429.69776,65,2,0,2,0,409.6499938964844,72791,427.0320129394531,65,2
110090077,Görsel İletişim Tasarımı,ANKARA YILDIRIM BEYAZIT ÜNİVERSİTESİ,4,SÖZEL,,934.0,Mimarlık ve Güzel Sanatlar Fakültesi,,ANKARA,DEVLET,0,60.0,2.0,309.34799,300.84414,2.0,395.27986,351.59476,106234.0,60.0,39.0,49.0,23.0,15.0,15.0,20.0,33.0,24.0,8.0,8.0,6.0,11.0,1235.0,1068.0,87.0,102.0,354.0,354.0,884.0,805.0,60.0,0,2.0,0.0,2.0,62.0,394.11093,0.0,0.0,0.0,0.0,2.0,244.84845,0.0,0.0,5.0,0.0,0.0,0.0,92535,356.28376,65,2,0,2,0,365.9150085449219,93333,419.0740051269531,66,1
110090078,Havacılık ve Uzay Mühendisliği,ANKARA YILDIRIM BEYAZIT ÜNİVERSİTESİ,4,SAYISAL,"22, 23, 24, 144",907.0,Havacılık ve Uzay Bilimleri Fakültesi,(İngilizce),ANKARA,DEVLET,0,60.0,2.0,461.39382,453.58463,2.0,494.67354,468.86538,40619.0,60.0,23.0,22.0,39.0,40.0,28.0,1.0,33.0,29.0,1.0,0.0,0.0,0.0,884.0,1139.0,88.0,129.0,263.0,354.0,607.0,749.0,60.0,0,0.0,0.0,2.0,60.0,499.82523,2.0,445.82629,0.0,0.0,0.0,0.0,0.0,0.0,0.0,0.0,0.0,0.0,33678,478.64198,65,2,0,0,0,454.5119934082031,35366,493.95098876953125,65,2
110090091,Finans ve Bankacılık,ANKARA YILDIRIM BEYAZIT ÜNİVERSİTESİ,4,EŞİT AĞIRLIK,"22, 23, 24",928.0,İşletme Fakültesi,(İngilizce),ANKARA,DEVLET,0,60.0,2.0,0.0,0.0,0.0,361.72035,316.17679,314745.0,62.0,45.0,42.0,17.0,20.0,16.0,13.0,38.0,31.0,2.0,5.0,6.0,13.0,1261.0,928.0,106.0,98.0,268.0,251.0,703.0,593.0,60.0,0,2.0,0.0,2.0,62.0,342.69461,0.0,0.0,0.0,0.0,0.0,0.0,0.0,0.0,6.0,0.0,2.0,0.0,288073,320.23694,70,2,0,2,0,314.33599853515625,263790,335.01800537109375,72,0
110090092,Finans ve Bankacılık,ANKARA YILDIRIM BEYAZIT ÜNİVERSİTESİ,4,EŞİT AĞIRLIK,,965.0,Şereflikoçhisar Uygulamalı Bilimler Fakültesi,,ANKARA,DEVLET,0,70.0,2.0,0.0,0.0,0.0,321.94453,280.33217,559380.0,72.0,53.0,57.0,19.0,25.0,26.0,22.0,42.0,52.0,1.0,5.0,3.0,2.0,1648.0,963.0,117.0,72.0,352.0,243.0,884.0,581.0,80.0,0,2.0,0.0,2.0,82.0,341.62012,0.0,0.0,0.0,0.0,0.0,0.0,0.0,0.0,6.0,0.0,2.0,0.0,593687,277.62859,85,3,0,3,0,280.0159912109375,505788,323.34100341796875,88,0
110090093,Arapça Mütercim ve Tercümanlık,ANKARA YILDIRIM BEYAZIT ÜNİVERSİTESİ,4,DİL,"22, 24",914.0,İnsan ve Toplum Bilimleri Fakültesi,,ANKARA,DEVLET,0,60.0,2.0,0.0,0.0,0.0,426.99713,323.42288,52874.0,62.0,41.0,42.0,21.0,22.0,26.0,20.0,17.0,22.0,5.0,7.0,12.0,15.0,687.0,619.0,66.0,51.0,218.0,211.0,515.0,445.0,60.0,0,2.0,0.0,2.0,62.0,454.53229,0.0,0.0,0.0,0.0,2.0,309.87595,0.0,0.0,7.0,0.0,0.0,0.0,60826,326.91039,65,2,0,2,0,310.8240051269531,67048,398.9739990234375,67,0
110090094,İngilizce Mütercim ve Tercümanlık,ANKARA YILDIRIM BEYAZIT ÜNİVERSİTESİ,4,DİL,"22, 23, 24",921.0,İnsan ve Toplum Bilimleri Fakültesi,,ANKARA,DEVLET,0,60.0,2.0,311.78229,307.80755,2.0,463.00792,429.14076,14604.0,60.0,33.0,34.0,29.0,29.0,39.0,33.0,15.0,18.0,4.0,6.0,4.0,6.0,1488.0,1332.0,176.0,146.0,416.0,396.0,1056.0,963.0,60.0,0,2.0,0.0,2.0,60.0,465.30578,2.0,376.77762,0.0,0.0,1.0,162.95857,0.0,0.0,4.0,0.0,1.0,0.0,14407,437.54748,60,2,0,2,0,435.35400390625,12342,464.0849914550781,60,2
110090095,Uluslararası Ticaret ve Lojistik,ANKARA YILDIRIM BEYAZIT ÜNİVERSİTESİ,4,EŞİT AĞIRLIK,,966.0,Şereflikoçhisar Uygulamalı Bilimler Fakültesi,,ANKARA,DEVLET,0,70.0,2.0,218.12353,218.12353,1.0,330.13544,288.87378,489541.0,71.0,46.0,49.0,26.0,34.0,34.0,32.0,36.0,45.0,1.0,1.0,0.0,2.0,1923.0,1189.0,127.0,85.0,356.0,240.0,1037.0,726.0,80.0,0,2.0,0.0,2.0,80.0,373.99772,2.0,231.33572,0.0,0.0,1.0,206.02249,0.0,0.0,5.0,0.0,1.0,0.0,493825,289.21798,85,3,0,3,0,289.1839904785156,428716,329.6780090332031,86,2
110090116,Yazılım Mühendisliği,ANKARA YILDIRIM BEYAZIT ÜNİVERSİTESİ,4,SAYISAL,"22, 23, 24, 144",946.0,Mühendislik ve Doğa Bilimleri Fakültesi,(İngilizce),ANKARA,DEVLET,0,40.0,1.0,459.49271,459.49271,1.0,489.75136,476.60645,34400.0,40.0,15.0,14.0,26.0,27.0,17.0,20.0,22.0,21.0,0.0,0.0,1.0,0.0,4307.0,2133.0,444.0,154.0,1157.0,530.0,2877.0,1412.0,40.0,0,0.0,0.0,1.0,40.0,506.91146,1.0,460.27757,0.0,0.0,0.0,0.0,0.0,0.0,0.0,0.0,0.0,0.0,27795,486.36591,65,2,0,0,0,448.7130126953125,39557,478.447998046875,65,2
110090119,Bilgisayar Programcılığı,ANKARA YILDIRIM BEYAZIT ÜNİVERSİTESİ,2,TYT,,15730.0,Teknik Bilimler Meslek Yüksekokulu,,ANKARA,DEVLET,1,65.0,2.0,292.1653,284.84724,2.0,389.234,346.53514,415156.0,65.0,14.0,23.0,53.0,46.0,20.0,17.0,38.0,33.0,4.0,4.0,5.0,15.0,4244.0,2840.0,304.0,228.0,1102.0,784.0,2809.0,1920.0,65.0,0,2.0,0.0,2.0,65.0,412.57644,2.0,322.16431,0.0,0.0,2.0,205.72996,0.0,0.0,2.0,0.0,0.0,0.0,383997,356.52834,65,2,0,2,0,351.1709899902344,404756,399.5360107421875,65,2
110090120,Çok Boyutlu Modelleme ve Animasyon,ANKARA YILDIRIM BEYAZIT ÜNİVERSİTESİ,2,TYT,,15732.0,Teknik Bilimler Meslek Yüksekokulu,,ANKARA,DEVLET,1,50.0,2.0,222.35483,222.35483,1.0,361.52106,310.1666,695986.0,51.0,28.0,30.0,24.0,22.0,8.0,5.0,19.0,20.0,9.0,10.0,15.0,14.0,1194.0,728.0,113.0,72.0,284.0,184.0,704.0,460.0,50.0,0,2.0,0.0,2.0,52.0,478.65662,0.0,0.0,0.0,0.0,0.0,0.0,0.0,0.0,4.0,0.0,2.0,0.0,728384,313.81851,50,2,0,2,0,318.0,674813,371.8160095214844,52,0
110090122,Grafik Tasarımı,ANKARA YILDIRIM BEYAZIT ÜNİVERSİTESİ,2,TYT,,15733.0,Teknik Bilimler Meslek Yüksekokulu,,ANKARA,DEVLET,1,65.0,2.0,294.92369,294.92369,1.0,377.98563,321.17265,593582.0,66.0,42.0,53.0,25.0,16.0,15.0,18.0,35.0,23.0,9.0,12.0,6.0,14.0,2687.0,1748.0,248.0,185.0,687.0,490.0,1670.0,1132.0,65.0,0,2.0,0.0,2.0,66.0,394.91099,1.0,283.55503,0.0,0.0,2.0,240.78523,0.0,0.0,12.0,0.0,1.0,0.0,617239,325.22683,65,2,0,2,0,325.9200134277344,597123,392.5820007324219,66,1
110090125,Halkla İlişkiler ve Tanıtım,ANKARA YILDIRIM BEYAZIT ÜNİVERSİTESİ,2,TYT,,15723.0,Sosyal Bilimler Meslek Yüksekokulu,,ANKARA,DEVLET,1,60.0,2.0,0.0,0.0,0.0,338.80342,286.77333,954175.0,62.0,44.0,44.0,18.0,20.0,21.0,13.0,23.0,29.0,8.0,8.0,7.0,13.0,2323.0,1257.0,141.0,84.0,426.0,249.0,1243.0,747.0,60.0,0,2.0,0.0,2.0,62.0,344.14325,0.0,0.0,0.0,0.0,2.0,226.2758,0.0,0.0,14.0,0.0,0.0,0.0,961764,293.57408,60,2,0,2,0,302.7149963378906,848451,365.5559997558594,61,1
110090127,Sivil Havacılık Kabin Hizmetleri,ANKARA YILDIRIM BEYAZIT ÜNİVERSİTESİ,2,TYT,10,15724.0,Sosyal Bilimler Meslek Yüksekokulu,,ANKARA,DEVLET,1,65.0,2.0,0.0,0.0,0.0,394.23392,326.56559,552551.0,67.0,34.0,52.0,33.0,17.0,23.0,22.0,27.0,30.0,6.0,5.0,11.0,8.0,3454.0,2601.0,364.0,332.0,1040.0,896.0,2198.0,1807.0,65.0,0,2.0,0.0,2.0,65.0,382.23832,2.0,247.36161,0.0,0.0,2.0,179.02583,0.0,0.0,17.0,0.0,2.0,0.0,517069,337.12324,65,2,0,2,0,339.48699951171875,484407,453.1759948730469,65,2
110090128,Sivil Savunma ve İtfaiyecilik,ANKARA YILDIRIM BEYAZIT ÜNİVERSİTESİ,2,TYT,9,15725.0,Sosyal Bilimler Meslek Yüksekokulu,,ANKARA,DEVLET,1,45.0,2.0,288.07652,272.03542,2.0,375.36093,318.30539,621052.0,45.0,7.0,5.0,40.0,42.0,9.0,19.0,28.0,16.0,9.0,9.0,1.0,2.0,2751.0,1707.0,319.0,196.0,817.0,501.0,1700.0,1089.0,45.0,0,2.0,0.0,2.0,46.0,355.51804,1.0,281.55948,0.0,0.0,0.0,0.0,0.0,0.0,7.0,0.0,2.0,0.0,680912,318.47543,45,2,0,2,0,323.2250061035156,622562,370.385986328125,47,0
110090129,Uçak Teknolojisi,ANKARA YILDIRIM BEYAZIT ÜNİVERSİTESİ,2,TYT,10,15734.0,Teknik Bilimler Meslek Yüksekokulu,,ANKARA,DEVLET,1,65.0,2.0,344.45988,304.94752,2.0,406.29086,354.02696,372413.0,65.0,7.0,20.0,60.0,49.0,17.0,17.0,38.0,40.0,7.0,9.0,4.0,3.0,4493.0,2925.0,419.0,247.0,1659.0,1109.0,3319.0,2197.0,65.0,0,2.0,0.0,2.0,65.0,446.1263,2.0,333.83892,0.0,0.0,2.0,184.38604,0.0,0.0,9.0,0.0,1.0,0.0,356175,361.36447,65,2,0,2,0,365.1940002441406,327111,412.8949890136719,65,2
110090144,Tıp,ANKARA YILDIRIM BEYAZIT ÜNİVERSİTESİ,6,SAYISAL,"5, 22, 23, 24, 155",971.0,Tıp Fakültesi,(İngilizce) (KKTC Uyruklu),ANKARA,DEVLET,0,1.0,0.0,0.0,0.0,0.0,460.16371,460.16371,47841.0,1.0,0.0,1.0,1.0,0.0,1.0,1.0,0.0,0.0,0.0,0.0,0.0,0.0,11.0,8.0,0.0,0.0,0.0,0.0,9.0,8.0,1.0,0,0.0,0.0,0.0,1.0,490.1915,0.0,0.0,0.0,0.0,0.0,0.0,0.0,0.0,1.0,0.0,0.0,0.0,25094,490.1915,1,0,0,0,0,446.6050109863281,41080,446.6050109863281,1,0
110090151,Atçılık ve Antrenörlüğü,ANKARA YILDIRIM BEYAZIT ÜNİVERSİTESİ,2,TYT,,15710.0,Sağlık Hizmetleri Meslek Yüksekokulu,,ANKARA,DEVLET,1,30.0,1.0,0.0,0.0,0.0,449.95712,302.21065,776997.0,31.0,17.0,18.0,14.0,14.0,0.0,0.0,2.0,0.0,6.0,9.0,22.0,21.0,743.0,451.0,93.0,78.0,230.0,164.0,495.0,301.0,30.0,0,1.0,0.0,1.0,31.0,402.81538,0.0,0.0,0.0,0.0,1.0,254.95565,0.0,0.0,4.0,0.0,1.0,0.0,834598,304.10206,45,2,0,2,0,292.3139953613281,984874,426.8800048828125,47,0
110090158,Gıda Teknolojisi,ANKARA YILDIRIM BEYAZIT ÜNİVERSİTESİ,2,TYT,,15715.0,Sağlık Hizmetleri Meslek Yüksekokulu,,ANKARA,DEVLET,1,50.0,2.0,0.0,0.0,0.0,407.97056,289.21008,923422.0,52.0,38.0,39.0,14.0,15.0,17.0,9.0,24.0,22.0,1.0,10.0,8.0,12.0,1662.0,1037.0,100.0,57.0,304.0,206.0,888.0,579.0,50.0,0,2.0,0.0,2.0,52.0,329.04001,0.0,0.0,0.0,0.0,2.0,255.03639,0.0,0.0,8.0,0.0,0.0,0.0,970130,292.9211,50,2,0,2,0,300.98699951171875,870126,339.8429870605469,52,0
110090165,Laborant ve Veteriner Sağlık,ANKARA YILDIRIM BEYAZIT ÜNİVERSİTESİ,2,TYT,,15716.0,Sağlık Hizmetleri Meslek Yüksekokulu,,ANKARA,DEVLET,1,50.0,2.0,325.66129,267.27274,2.0,416.29548,333.58142,500270.0,50.0,30.0,41.0,22.0,13.0,18.0,11.0,24.0,30.0,4.0,7.0,4.0,3.0,3396.0,1441.0,450.0,213.0,925.0,434.0,2002.0,885.0,50.0,0,2.0,0.0,2.0,52.0,436.98527,0.0,0.0,0.0,0.0,2.0,224.55748,0.0,0.0,2.0,0.0,0.0,0.0,531479,335.28841,50,2,0,2,0,335.54400634765625,514637,418.1789855957031,50,2
110090172,Biyomedikal Cihaz Teknolojisi,ANKARA YILDIRIM BEYAZIT ÜNİVERSİTESİ,2,TYT,,15731.0,Teknik Bilimler Meslek Yüksekokulu,,ANKARA,DEVLET,1,65.0,2.0,0.0,0.0,0.0,345.36838,298.56283,816322.0,67.0,33.0,29.0,34.0,40.0,21.0,16.0,34.0,27.0,5.0,13.0,7.0,9.0,2043.0,1584.0,97.0,86.0,388.0,309.0,1090.0,862.0,65.0,0,2.0,0.0,2.0,67.0,351.68761,0.0,0.0,0.0,0.0,2.0,199.6132,0.0,0.0,9.0,0.0,0.0,0.0,826938,304.77962,65,2,0,2,0,312.5249938964844,733399,365.7950134277344,67,0
110090179,Matematik,ANKARA YILDIRIM BEYAZIT ÜNİVERSİTESİ,4,SAYISAL,"5, 22, 23, 24",944.0,Mühendislik ve Doğa Bilimleri Fakültesi,(İngilizce) (KKTC Uyruklu),ANKARA,DEVLET,0,,,,,,,,,,,1.0,,0.0,,0.0,,0.0,,1.0,,0.0,,14.0,,1.0,,3.0,,9.0,1.0,0,0.0,0.0,0.0,1.0,269.83001,0.0,0.0,0.0,0.0,0.0,0.0,0.0,0.0,0.0,0.0,0.0,0.0,470718,269.83001,1,0,0,0,0,286.1059875488281,316033,286.1059875488281,1,0
110090186,Yazılım Mühendisliği,ANKARA YILDIRIM BEYAZIT ÜNİVERSİTESİ,4,SAYISAL,"5, 22, 23, 24, 144",947.0,Mühendislik ve Doğa Bilimleri Fakültesi,(İngilizce) (KKTC Uyruklu),ANKARA,DEVLET,0,,,,,,,,,,,0.0,,1.0,,1.0,,0.0,,0.0,,0.0,,15.0,,1.0,,5.0,,12.0,1.0,0,0.0,0.0,0.0,1.0,399.84686,0.0,0.0,0.0,0.0,0.0,0.0,0.0,0.0,0.0,0.0,0.0,0.0,110869,399.84686,1,0,0,0,0,298.2139892578125,271104,298.2139892578125,1,0
110090193,Tıbbi ve Aromatik Bitkiler,ANKARA YILDIRIM BEYAZIT ÜNİVERSİTESİ,2,TYT,,15720.0,Sağlık Hizmetleri Meslek Yüksekokulu,,ANKARA,DEVLET,1,,,,,,,,,,,,,,,,,,,,,,,,,,,,,,,,,,,,,,,,,,,,,,,,,0,0.0,30,1,0,1,0,291.9159851074219,990426,363.73199462890625,31,0
110090200,İlahiyat,ANKARA YILDIRIM BEYAZIT ÜNİVERSİTESİ,4,SÖZEL,"1, 22, 24, 152",911.0,İlahiyat Fakültesi,,ANKARA,DEVLET,0,,,,,,,,,,,,,,,,,,,,,,,,,,,,,,,,,,,,,,,,,,,,,,,,,0,0.0,100,3,0,3,0,342.81298828125,165706,401.87298583984375,100,3
110090207,İlahiyat,ANKARA YILDIRIM BEYAZIT ÜNİVERSİTESİ,4,SÖZEL,"1, 22, 24, 152, 153",912.0,İlahiyat Fakültesi,(M.T.O.K.),ANKARA,DEVLET,0,,,,,,,,,,,,,,,,,,,,,,,,,,,,,,,,,,,,,,,,,,,,,,,,,0,0.0,10,0,0,1,0,331.9010009765625,211111,375.94500732421875,10,0
110090214,Arapça Mütercim ve Tercümanlık,ANKARA YILDIRIM BEYAZIT ÜNİVERSİTESİ,4,DİL,"5, 22, 24",915.0,İnsan ve Toplum Bilimleri Fakültesi,(KKTC UYRUKLU),ANKARA,DEVLET,0,,,,,,,,,,,,,,,,,,,,,,,,,,,,,,,,,,,,,,,,,,,,,,,,,0,0.0,1,0,0,0,0,0.0,0,0.0,0,0
110090221,Fars Dili ve Edebiyatı,ANKARA YILDIRIM BEYAZIT ÜNİVERSİTESİ,4,DİL,,917.0,İnsan ve Toplum Bilimleri Fakültesi,,ANKARA,DEVLET,0,,,,,,,,,,,,,,,,,,,,,,,,,,,,,,,,,,,,,,,,,,,,,,,,,0,0.0,30,1,0,1,0,250.427001953125,103523,373.4939880371094,31,0
110090228,Sosyoloji,ANKARA YILDIRIM BEYAZIT ÜNİVERSİTESİ,4,EŞİT AĞIRLIK,"22, 23, 24",924.0,İnsan ve Toplum Bilimleri Fakültesi,(İngilizce),ANKARA,DEVLET,0,,,,,,,,,,,,,,,,,,,,,,,,,,,,,,,,,,,,,,,,,,,,,,,,,0,0.0,30,1,0,1,0,304.69500732421875,319503,327.6289978027344,31,0
110090235,Endüstriyel Tasarım,ANKARA YILDIRIM BEYAZIT ÜNİVERSİTESİ,4,SAYISAL,,933.0,Mimarlık ve Güzel Sanatlar Fakültesi,,ANKARA,DEVLET,0,,,,,,,,,,,,,,,,,,,,,,,,,,,,,,,,,,,,,,,,,,,,,,,,,0,0.0,20,1,0,1,0,338.8089904785156,168058,403.7170104980469,20,1
110910014,İngiliz Dili ve Edebiyatı,ANKARA SOSYAL BİLİMLER ÜNİVERSİTESİ,4,DİL,"22, 23, 24",702.0,Yabancı Diller Fakültesi,(İngilizce),ANKARA,DEVLET,0,60.0,2.0,0.0,0.0,0.0,441.74951,419.84711,17265.0,62.0,42.0,31.0,20.0,32.0,28.0,25.0,26.0,25.0,3.0,4.0,3.0,8.0,1679.0,1491.0,94.0,96.0,421.0,391.0,1131.0,1065.0,60.0,0,2.0,0.0,2.0,60.0,462.01394,2.0,321.37265,0.0,0.0,1.0,191.93426,0.0,0.0,0.0,0.0,1.0,0.0,16363,431.47121,60,2,0,2,0,431.739013671875,13396,451.9830017089844,60,2
110910023,Uluslararası İlişkiler,ANKARA SOSYAL BİLİMLER ÜNİVERSİTESİ,4,EŞİT AĞIRLIK,"22, 23, 24",692.0,Siyasal Bilgiler Fakültesi,(İngilizce),ANKARA,DEVLET,0,60.0,2.0,367.22816,367.22816,1.0,406.46702,367.88056,125947.0,61.0,39.0,41.0,23.0,21.0,18.0,25.0,34.0,28.0,3.0,3.0,7.0,4.0,1425.0,1235.0,111.0,103.0,335.0,362.0,891.0,889.0,60.0,0,2.0,0.0,2.0,60.0,401.72992,2.0,333.68062,0.0,0.0,0.0,0.0,0.0,0.0,3.0,0.0,2.0,0.0,96131,373.62412,65,2,0,2,0,366.4830017089844,86583,400.5889892578125,65,2
110910086,Ekonomi,ANKARA SOSYAL BİLİMLER ÜNİVERSİTESİ,4,EŞİT AĞIRLIK,"22, 23, 24",686.0,Siyasal Bilgiler Fakültesi,(İngilizce),ANKARA,DEVLET,0,60.0,2.0,0.0,0.0,0.0,369.49139,336.84234,221932.0,62.0,24.0,37.0,38.0,25.0,21.0,15.0,28.0,32.0,5.0,4.0,8.0,10.0,807.0,913.0,52.0,62.0,166.0,222.0,506.0,561.0,60.0,0,2.0,0.0,2.0,61.0,404.86603,1.0,287.21051,0.0,0.0,0.0,0.0,0.0,0.0,4.0,0.0,2.0,0.0,184105,343.45458,70,2,0,2,0,338.2090148925781,161837,373.0400085449219,72,0
110910095,İşletme,ANKARA SOSYAL BİLİMLER ÜNİVERSİTESİ,4,EŞİT AĞIRLIK,"22, 23, 24",690.0,Siyasal Bilgiler Fakültesi,(İngilizce),ANKARA,DEVLET,0,60.0,2.0,324.5747,324.5747,1.0,386.82087,348.44907,181356.0,61.0,27.0,40.0,35.0,22.0,12.0,18.0,42.0,37.0,4.0,1.0,4.0,4.0,1494.0,1402.0,37.0,47.0,177.0,250.0,841.0,886.0,60.0,0,2.0,0.0,2.0,62.0,384.41613,0.0,0.0,0.0,0.0,0.0,0.0,0.0,0.0,0.0,0.0,2.0,0.0,147684,354.25294,75,2,0,2,0,348.8059997558594,129466,374.4989929199219,75,2
110910096,Hukuk,ANKARA SOSYAL BİLİMLER ÜNİVERSİTESİ,4,EŞİT AĞIRLIK,"22, 24, 34, 162",681.0,Hukuk Fakültesi,,ANKARA,DEVLET,0,160.0,4.0,420.18705,415.87784,4.0,450.48865,431.16372,16942.0,160.0,106.0,71.0,58.0,32.0,72.0,1.0,79.0,42.0,11.0,1.0,1.0,2.0,4416.0,3862.0,235.0,186.0,926.0,822.0,3369.0,3211.0,100.0,0,0.0,0.0,3.0,100.0,451.25797,3.0,425.84432,0.0,0.0,0.0,0.0,0.0,0.0,0.0,0.0,0.0,0.0,10317,435.47497,100,3,0,0,0,421.3949890136719,15894,442.2690124511719,100,3
110910097,Ekonomi,ANKARA SOSYAL BİLİMLER ÜNİVERSİTESİ,4,EŞİT AĞIRLIK,"5, 22, 23, 24",689.0,Siyasal Bilgiler Fakültesi,(İngilizce) (KKTC Uyruklu),ANKARA,DEVLET,0,2.0,0.0,0.0,0.0,0.0,251.23682,249.16616,888061.0,2.0,1.0,1.0,1.0,0.0,2.0,0.0,0.0,0.0,0.0,0.0,0.0,0.0,9.0,7.0,2.0,0.0,3.0,0.0,5.0,4.0,2.0,0,0.0,0.0,0.0,1.0,186.20313,0.0,0.0,0.0,0.0,0.0,0.0,0.0,0.0,1.0,0.0,0.0,0.0,0,0.0,1,0,0,0,0,303.75799560546875,325326,303.75799560546875,1,0
110910098,Siyaset Bilimi ve Kamu Yönetimi,ANKARA SOSYAL BİLİMLER ÜNİVERSİTESİ,4,EŞİT AĞIRLIK,"22, 23, 24",691.0,Siyasal Bilgiler Fakültesi,(İngilizce),ANKARA,DEVLET,0,60.0,2.0,355.83534,350.80177,2.0,398.2099,364.05931,135905.0,60.0,32.0,38.0,30.0,24.0,23.0,31.0,35.0,27.0,2.0,1.0,2.0,2.0,1317.0,1178.0,88.0,91.0,360.0,348.0,896.0,849.0,60.0,0,2.0,0.0,2.0,60.0,391.21545,2.0,316.23007,0.0,0.0,0.0,0.0,0.0,0.0,2.0,0.0,2.0,0.0,106365,369.29617,70,2,0,2,0,354.14300537109375,115205,382.4429931640625,70,2
110910100,Sosyoloji,ANKARA SOSYAL BİLİMLER ÜNİVERSİTESİ,4,EŞİT AĞIRLIK,"22, 23, 24",696.0,Sosyal ve Beşeri Bilimler Fakültesi,(İngilizce),ANKARA,DEVLET,0,50.0,2.0,0.0,0.0,0.0,370.0323,329.59208,251340.0,52.0,37.0,49.0,15.0,5.0,9.0,4.0,23.0,21.0,6.0,4.0,14.0,24.0,912.0,659.0,52.0,47.0,181.0,169.0,560.0,450.0,50.0,0,2.0,0.0,2.0,51.0,376.43243,1.0,311.05717,0.0,0.0,2.0,230.64371,0.0,0.0,1.0,0.0,1.0,0.0,225298,333.25213,40,1,0,1,0,324.64898681640625,214180,347.77099609375,41,0
110910102,Tarih,ANKARA SOSYAL BİLİMLER ÜNİVERSİTESİ,4,SÖZEL,"22, 23, 24",698.0,Sosyal ve Beşeri Bilimler Fakültesi,(İngilizce),ANKARA,DEVLET,0,60.0,2.0,0.0,0.0,0.0,439.98323,383.1941,41422.0,62.0,24.0,25.0,38.0,37.0,18.0,17.0,14.0,18.0,9.0,9.0,20.0,17.0,672.0,636.0,60.0,65.0,185.0,212.0,481.0,490.0,60.0,0,2.0,0.0,2.0,62.0,446.56676,0.0,0.0,0.0,0.0,0.0,0.0,0.0,0.0,2.0,0.0,2.0,0.0,32708,388.69114,30,1,0,1,0,418.5459899902344,15065,457.02801513671875,31,0
110910103,Psikoloji,ANKARA SOSYAL BİLİMLER ÜNİVERSİTESİ,4,EŞİT AĞIRLIK,"22, 23, 24",695.0,Sosyal ve Beşeri Bilimler Fakültesi,(İngilizce),ANKARA,DEVLET,0,80.0,2.0,385.57357,382.70547,2.0,435.53681,404.60944,49721.0,80.0,73.0,67.0,9.0,17.0,34.0,39.0,42.0,41.0,2.0,1.0,2.0,2.0,2647.0,2187.0,170.0,220.0,721.0,661.0,1820.0,1561.0,80.0,0,2.0,0.0,2.0,80.0,453.00075,2.0,389.6782,0.0,0.0,2.0,277.96968,0.0,0.0,0.0,0.0,0.0,0.0,31354,409.9915,60,2,0,2,0,400.927001953125,33414,443.2820129394531,60,2
110910133,Sosyoloji,ANKARA SOSYAL BİLİMLER ÜNİVERSİTESİ,4,EŞİT AĞIRLIK,"5, 22, 23, 24",697.0,Sosyal ve Beşeri Bilimler Fakültesi,(İngilizce) (KKTC Uyruklu),ANKARA,DEVLET,0,1.0,0.0,0.0,0.0,0.0,261.98054,261.98054,738459.0,1.0,0.0,2.0,1.0,0.0,0.0,2.0,0.0,0.0,1.0,0.0,0.0,0.0,7.0,4.0,0.0,1.0,0.0,2.0,3.0,4.0,2.0,0,0.0,0.0,0.0,2.0,260.32828,0.0,0.0,0.0,0.0,0.0,0.0,0.0,0.0,0.0,0.0,0.0,0.0,1106248,232.81001,1,0,0,0,0,239.19000244140625,974840,239.19000244140625,1,0
110910140,Tarih,ANKARA SOSYAL BİLİMLER ÜNİVERSİTESİ,4,SÖZEL,"5, 22, 23, 24",699.0,Sosyal ve Beşeri Bilimler Fakültesi,(İngilizce) (KKTC Uyruklu),ANKARA,DEVLET,0,1.0,0.0,0.0,0.0,0.0,331.72763,331.72763,175619.0,1.0,1.0,0.0,0.0,1.0,1.0,1.0,0.0,0.0,0.0,0.0,0.0,0.0,8.0,5.0,0.0,0.0,3.0,1.0,6.0,3.0,1.0,0,0.0,0.0,0.0,1.0,354.56468,0.0,0.0,0.0,0.0,0.0,0.0,0.0,0.0,1.0,0.0,0.0,0.0,97118,354.56468,1,0,0,0,0,255.01499938964844,806700,255.01499938964844,1,0
110910147,Rusça Mütercim ve Tercümanlık,ANKARA SOSYAL BİLİMLER ÜNİVERSİTESİ,4,DİL,"22, 24, 94",704.0,Yabancı Diller Fakültesi,,ANKARA,DEVLET,0,40.0,1.0,0.0,0.0,0.0,435.24467,362.87459,37351.0,41.0,18.0,28.0,23.0,14.0,13.0,17.0,13.0,19.0,7.0,2.0,7.0,4.0,989.0,903.0,130.0,86.0,329.0,243.0,709.0,611.0,40.0,0,1.0,0.0,1.0,41.0,447.25365,0.0,0.0,0.0,0.0,1.0,345.30563,0.0,0.0,3.0,0.0,0.0,0.0,27954,400.87357,40,1,0,1,0,403.6130065917969,23086,505.2139892578125,41,0
110910154,İngilizce Öğretmenliği,ANKARA SOSYAL BİLİMLER ÜNİVERSİTESİ,4,DİL,"1, 18, 19, 20, 22, 24, 34, 64, 150",716.0,Yabancı Diller Fakültesi,(Ücretli),ANKARA,DEVLET,0,5.0,0.0,0.0,0.0,0.0,226.54491,219.82716,100935.0,5.0,3.0,8.0,2.0,2.0,1.0,6.0,3.0,3.0,1.0,0.0,0.0,0.0,41.0,78.0,2.0,4.0,8.0,22.0,33.0,62.0,10.0,0,0.0,0.0,0.0,10.0,275.13485,0.0,0.0,0.0,0.0,0.0,0.0,0.0,0.0,1.0,0.0,0.0,0.0,98731,257.69992,10,0,0,0,0,240.10499572753906,110783,259.5979919433594,10,0
110910161,İngilizce Öğretmenliği,ANKARA SOSYAL BİLİMLER ÜNİVERSİTESİ,4,DİL,"1, 18, 19, 20, 21, 22, 24, 34, 64, 150",718.0,Yabancı Diller Fakültesi,(%50 İndirimli),ANKARA,DEVLET,0,30.0,0.0,0.0,0.0,0.0,339.40403,238.74664,91044.0,30.0,24.0,24.0,6.0,11.0,12.0,7.0,15.0,20.0,2.0,2.0,0.0,4.0,122.0,202.0,24.0,34.0,52.0,95.0,103.0,159.0,35.0,0,0.0,0.0,0.0,35.0,338.06702,0.0,0.0,0.0,0.0,0.0,0.0,0.0,0.0,5.0,0.0,0.0,0.0,87922,275.42093,41,0,0,0,0,258.1889953613281,98280,339.1820068359375,41,0
110910168,İngilizce Öğretmenliği,ANKARA SOSYAL BİLİMLER ÜNİVERSİTESİ,4,DİL,"1, 18, 19, 20, 21, 22, 24, 34, 64, 150",717.0,Yabancı Diller Fakültesi,(Burslu),ANKARA,DEVLET,0,10.0,0.0,0.0,0.0,0.0,421.52465,364.22017,36828.0,10.0,5.0,6.0,5.0,4.0,2.0,4.0,6.0,4.0,0.0,0.0,2.0,1.0,118.0,96.0,10.0,6.0,26.0,18.0,60.0,56.0,10.0,0,0.0,0.0,0.0,10.0,406.30016,0.0,0.0,0.0,0.0,0.0,0.0,0.0,0.0,3.0,0.0,0.0,0.0,52335,344.99424,9,0,0,0,0,358.8399963378906,42709,398.302001953125,9,0
110910175,Özel Eğitim Öğretmenliği,ANKARA SOSYAL BİLİMLER ÜNİVERSİTESİ,4,SÖZEL,"1, 18, 19, 20, 64, 150",719.0,Yabancı Diller Fakültesi,(Ücretli),ANKARA,DEVLET,0,10.0,0.0,0.0,0.0,0.0,357.76892,346.5205,121417.0,10.0,2.0,3.0,8.0,12.0,1.0,1.0,2.0,7.0,1.0,0.0,6.0,7.0,130.0,211.0,22.0,57.0,70.0,131.0,107.0,183.0,15.0,0,0.0,0.0,0.0,15.0,374.49798,0.0,0.0,0.0,0.0,0.0,0.0,0.0,0.0,3.0,0.0,0.0,0.0,83377,359.91078,7,0,0,0,0,380.7439880371094,61226,392.1419982910156,7,0
110910182,Özel Eğitim Öğretmenliği,ANKARA SOSYAL BİLİMLER ÜNİVERSİTESİ,4,SÖZEL,"1, 18, 19, 20, 21, 64, 150",720.0,Yabancı Diller Fakültesi,(Burslu),ANKARA,DEVLET,0,10.0,0.0,0.0,0.0,0.0,405.18578,394.69845,27712.0,10.0,7.0,3.0,3.0,7.0,1.0,1.0,4.0,5.0,0.0,0.0,5.0,4.0,186.0,246.0,13.0,23.0,30.0,53.0,82.0,136.0,10.0,0,0.0,0.0,0.0,10.0,408.50424,0.0,0.0,0.0,0.0,0.0,0.0,0.0,0.0,2.0,0.0,0.0,0.0,22610,398.51318,6,0,0,0,0,417.3699951171875,15884,423.1659851074219,6,0
110910189,Özel Eğitim Öğretmenliği,ANKARA SOSYAL BİLİMLER ÜNİVERSİTESİ,4,SÖZEL,"1, 18, 19, 20, 21, 64, 150",721.0,Yabancı Diller Fakültesi,(%50 İndirimli),ANKARA,DEVLET,0,30.0,0.0,0.0,0.0,0.0,387.98395,357.16927,91163.0,30.0,9.0,13.0,21.0,22.0,3.0,2.0,19.0,27.0,4.0,2.0,4.0,3.0,284.0,297.0,97.0,88.0,171.0,168.0,244.0,246.0,35.0,0,0.0,0.0,0.0,35.0,396.94022,0.0,0.0,0.0,0.0,0.0,0.0,0.0,0.0,1.0,0.0,0.0,0.0,64932,368.27877,27,0,0,0,0,394.1449890136719,39352,415.093994140625,27,0
110910217,Psikoloji,ANKARA SOSYAL BİLİMLER ÜNİVERSİTESİ,4,EŞİT AĞIRLIK,"18, 19, 20, 64",722.0,Yabancı Diller Fakültesi,(Ücretli),ANKARA,DEVLET,0,7.0,0.0,0.0,0.0,0.0,246.08458,227.31721,1183117.0,7.0,6.0,4.0,1.0,3.0,0.0,1.0,2.0,3.0,1.0,1.0,3.0,1.0,70.0,212.0,0.0,9.0,7.0,56.0,32.0,135.0,7.0,0,0.0,0.0,0.0,7.0,255.36465,0.0,0.0,0.0,0.0,0.0,0.0,0.0,0.0,2.0,0.0,0.0,0.0,907760,248.17307,7,0,0,0,0,221.1529998779297,1230483,274.6679992675781,7,0
110910224,Psikoloji,ANKARA SOSYAL BİLİMLER ÜNİVERSİTESİ,4,EŞİT AĞIRLIK,"18, 19, 20, 21, 64",723.0,Yabancı Diller Fakültesi,(Burslu),ANKARA,DEVLET,0,10.0,0.0,0.0,0.0,0.0,349.47748,317.64426,307237.0,10.0,9.0,5.0,1.0,5.0,2.0,0.0,3.0,4.0,2.0,2.0,3.0,4.0,149.0,300.0,12.0,34.0,29.0,82.0,79.0,180.0,10.0,0,0.0,0.0,0.0,10.0,339.83832,0.0,0.0,0.0,0.0,0.0,0.0,0.0,0.0,5.0,0.0,0.0,0.0,236082,330.80861,12,0,0,0,0,323.0719909667969,221230,346.5530090332031,12,0
110910231,Psikoloji,ANKARA SOSYAL BİLİMLER ÜNİVERSİTESİ,4,EŞİT AĞIRLIK,"18, 19, 20, 21, 64",724.0,Yabancı Diller Fakültesi,(%50 İndirimli),ANKARA,DEVLET,0,40.0,0.0,0.0,0.0,0.0,303.04517,224.1865,1228277.0,40.0,26.0,26.0,14.0,14.0,7.0,11.0,18.0,16.0,6.0,3.0,6.0,9.0,148.0,575.0,17.0,112.0,35.0,248.0,80.0,436.0,40.0,0,0.0,0.0,0.0,40.0,315.83049,0.0,0.0,0.0,0.0,0.0,0.0,0.0,0.0,7.0,0.0,0.0,0.0,822100,255.45203,60,0,0,0,0,226.1020050048828,1159960,304.3290100097656,60,0
110910238,Hukuk,ANKARA SOSYAL BİLİMLER ÜNİVERSİTESİ,4,EŞİT AĞIRLIK,"18, 19, 20, 64, 162",707.0,Yabancı Diller Fakültesi,(Ücretli),ANKARA,DEVLET,0,10.0,0.0,0.0,0.0,0.0,0.0,0.0,0.0,0.0,0.0,0.0,0.0,1.0,0.0,0.0,0.0,1.0,0.0,0.0,0.0,0.0,13.0,19.0,0.0,0.0,1.0,1.0,1.0,6.0,5.0,0,0.0,0.0,0.0,1.0,364.63476,0.0,0.0,0.0,0.0,0.0,0.0,0.0,0.0,4.0,0.0,0.0,0.0,0,0.0,1,0,0,0,0,352.1619873046875,120414,352.1619873046875,1,0
110910245,Hukuk,ANKARA SOSYAL BİLİMLER ÜNİVERSİTESİ,4,EŞİT AĞIRLIK,"18, 19, 20, 21, 64, 162",708.0,Yabancı Diller Fakültesi,(Burslu),ANKARA,DEVLET,0,10.0,0.0,0.0,0.0,0.0,400.47898,392.0368,72321.0,10.0,7.0,8.0,3.0,2.0,2.0,6.0,7.0,4.0,0.0,0.0,1.0,0.0,130.0,237.0,1.0,5.0,6.0,23.0,29.0,78.0,10.0,0,0.0,0.0,0.0,10.0,399.58429,0.0,0.0,0.0,0.0,0.0,0.0,0.0,0.0,0.0,0.0,0.0,0.0,54213,394.40556,10,0,0,0,0,373.85699462890625,72317,387.1820068359375,10,0
110910252,Hukuk,ANKARA SOSYAL BİLİMLER ÜNİVERSİTESİ,4,EŞİT AĞIRLIK,"18, 19, 20, 21, 64, 162",709.0,Yabancı Diller Fakültesi,(%50 İndirimli),ANKARA,DEVLET,0,30.0,0.0,0.0,0.0,0.0,390.36057,369.6809,121495.0,13.0,7.0,6.0,6.0,15.0,3.0,5.0,8.0,12.0,1.0,2.0,1.0,2.0,88.0,93.0,3.0,1.0,10.0,11.0,34.0,38.0,25.0,0,0.0,0.0,0.0,21.0,388.53695,0.0,0.0,0.0,0.0,0.0,0.0,0.0,0.0,6.0,0.0,0.0,0.0,0,0.0,25,0,0,0,0,353.0199890136719,118091,374.60198974609375,25,0
110910259,İlahiyat,ANKARA SOSYAL BİLİMLER ÜNİVERSİTESİ,4,SÖZEL,"1, 18, 19, 20, 21, 22, 24, 64, 152",713.0,Yabancı Diller Fakültesi,(Burslu),ANKARA,DEVLET,0,40.0,0.0,0.0,0.0,0.0,291.75166,190.62928,1410292.0,23.0,12.0,14.0,11.0,16.0,9.0,5.0,12.0,15.0,1.0,3.0,0.0,5.0,49.0,70.0,6.0,8.0,11.0,14.0,20.0,34.0,30.0,0,0.0,0.0,0.0,30.0,299.40574,0.0,0.0,0.0,0.0,0.0,0.0,0.0,0.0,18.0,0.0,0.0,0.0,1447757,187.65498,30,0,0,0,0,227.31900024414062,1095213,376.1029968261719,30,0
110910266,Uluslararası Girişimcilik,ANKARA SOSYAL BİLİMLER ÜNİVERSİTESİ,4,EŞİT AĞIRLIK,"18, 19, 20, 22, 23, 24, 64",725.0,Yabancı Diller Fakültesi,(İngilizce) (Ücretli),ANKARA,DEVLET,0,10.0,0.0,0.0,0.0,0.0,228.21575,228.21575,1170445.0,1.0,1.0,0.0,0.0,2.0,0.0,0.0,0.0,2.0,0.0,0.0,1.0,0.0,2.0,5.0,0.0,0.0,0.0,0.0,1.0,3.0,5.0,0,0.0,0.0,0.0,2.0,198.4132,0.0,0.0,0.0,0.0,0.0,0.0,0.0,0.0,4.0,0.0,0.0,0.0,0,0.0,5,0,0,0,0,179.7259979248047,1673658,253.48399353027344,3,0
110910273,Uluslararası Girişimcilik,ANKARA SOSYAL BİLİMLER ÜNİVERSİTESİ,4,EŞİT AĞIRLIK,"18, 19, 20, 21, 22, 23, 24, 64",726.0,Yabancı Diller Fakültesi,(İngilizce) (Burslu),ANKARA,DEVLET,0,10.0,0.0,0.0,0.0,0.0,327.88511,218.29464,1312821.0,4.0,0.0,2.0,4.0,8.0,2.0,4.0,1.0,3.0,0.0,1.0,1.0,2.0,13.0,44.0,2.0,4.0,6.0,11.0,8.0,27.0,10.0,0,0.0,0.0,0.0,10.0,274.07506,0.0,0.0,0.0,0.0,0.0,0.0,0.0,0.0,5.0,0.0,0.0,0.0,1430441,209.93717,10,0,0,0,0,215.32000732421875,1312705,259.6669921875,10,0
110910280,Uluslararası Girişimcilik,ANKARA SOSYAL BİLİMLER ÜNİVERSİTESİ,4,EŞİT AĞIRLIK,"18, 19, 20, 21, 22, 23, 24, 64",727.0,Yabancı Diller Fakültesi,(İngilizce) (%50 İndirimli),ANKARA,DEVLET,0,30.0,0.0,0.0,0.0,0.0,202.31843,202.31843,1528704.0,1.0,0.0,0.0,1.0,2.0,1.0,0.0,0.0,1.0,0.0,1.0,0.0,0.0,4.0,7.0,0.0,0.0,0.0,0.0,1.0,4.0,20.0,0,0.0,0.0,0.0,2.0,186.79928,0.0,0.0,0.0,0.0,0.0,0.0,0.0,0.0,20.0,0.0,0.0,0.0,0,0.0,20,0,0,0,0,187.03399658203125,1633055,203.04400634765625,2,0
110910287,Uluslararası Ticaret ve Lojistik,ANKARA SOSYAL BİLİMLER ÜNİVERSİTESİ,4,EŞİT AĞIRLIK,"18, 19, 20, 22, 23, 24, 64",728.0,Yabancı Diller Fakültesi,(İngilizce) (Ücretli),ANKARA,DEVLET,0,8.0,0.0,0.0,0.0,0.0,194.85549,194.85549,1613647.0,1.0,0.0,0.0,1.0,0.0,0.0,0.0,1.0,0.0,0.0,0.0,0.0,0.0,4.0,15.0,0.0,0.0,0.0,2.0,2.0,8.0,8.0,0,0.0,0.0,0.0,0.0,0.0,0.0,0.0,0.0,0.0,0.0,0.0,0.0,0.0,8.0,0.0,0.0,0.0,0,0.0,5,0,0,0,0,213.98399353027344,1331128,242.89999389648438,2,0
110910294,Uluslararası Ticaret ve Lojistik,ANKARA SOSYAL BİLİMLER ÜNİVERSİTESİ,4,EŞİT AĞIRLIK,"18, 19, 20, 21, 22, 23, 24, 64",729.0,Yabancı Diller Fakültesi,(İngilizce) (Burslu),ANKARA,DEVLET,0,8.0,0.0,0.0,0.0,0.0,334.24055,216.72915,1335167.0,8.0,4.0,3.0,4.0,7.0,2.0,6.0,3.0,3.0,1.0,0.0,2.0,0.0,18.0,149.0,2.0,22.0,5.0,41.0,10.0,92.0,10.0,0,0.0,0.0,0.0,10.0,260.17264,0.0,0.0,0.0,0.0,0.0,0.0,0.0,0.0,2.0,0.0,0.0,0.0,1104111,232.96085,10,0,0,0,0,240.25999450683594,960242,265.22198486328125,10,0
110910301,Uluslararası Ticaret ve Lojistik,ANKARA SOSYAL BİLİMLER ÜNİVERSİTESİ,4,EŞİT AĞIRLIK,"18, 19, 20, 21, 22, 23, 24, 64",730.0,Yabancı Diller Fakültesi,(İngilizce) (%50 İndirimli),ANKARA,DEVLET,0,24.0,0.0,0.0,0.0,0.0,264.19286,179.66154,1733881.0,5.0,0.0,3.0,5.0,9.0,4.0,4.0,1.0,7.0,0.0,0.0,0.0,0.0,9.0,35.0,0.0,1.0,0.0,9.0,2.0,21.0,25.0,0,0.0,0.0,0.0,12.0,231.36782,0.0,0.0,0.0,0.0,0.0,0.0,0.0,0.0,19.0,0.0,0.0,0.0,0,0.0,25,0,0,0,0,187.4010009765625,1630405,246.7169952392578,11,0
110910308,İktisat,ANKARA SOSYAL BİLİMLER ÜNİVERSİTESİ,4,EŞİT AĞIRLIK,"18, 19, 20, 21, 22, 23, 24, 64",711.0,Yabancı Diller Fakültesi,(İngilizce) (Burslu),ANKARA,DEVLET,0,,,,,,,,,,,4.0,,5.0,,3.0,,3.0,,2.0,,1.0,,26.0,,0.0,,2.0,,11.0,10.0,0,0.0,0.0,0.0,9.0,236.45549,0.0,0.0,0.0,0.0,0.0,0.0,0.0,0.0,6.0,0.0,0.0,0.0,0,0.0,10,0,0,0,0,203.56399536132812,1468567,282.989990234375,10,0
110910315,İktisat,ANKARA SOSYAL BİLİMLER ÜNİVERSİTESİ,4,EŞİT AĞIRLIK,"18, 19, 20, 22, 23, 24, 64",710.0,Yabancı Diller Fakültesi,(İngilizce) (Ücretli),ANKARA,DEVLET,0,,,,,,,,,,,1.0,,0.0,,0.0,,1.0,,0.0,,0.0,,6.0,,1.0,,1.0,,2.0,10.0,0,0.0,0.0,0.0,1.0,178.66006,0.0,0.0,0.0,0.0,0.0,0.0,0.0,0.0,10.0,0.0,0.0,0.0,0,0.0,10,0,0,0,0,290.10400390625,421528,290.10400390625,1,0
110910322,İlahiyat,ANKARA SOSYAL BİLİMLER ÜNİVERSİTESİ,4,SÖZEL,"1, 22, 24, 152",683.0,İlahiyat Fakültesi,,ANKARA,DEVLET,0,,,,,,,,,,,57.0,,27.0,,1.0,,18.0,,5.0,,18.0,,3098.0,,627.0,,1338.0,,2275.0,80.0,0,2.0,0.0,2.0,80.0,490.05589,2.0,311.21591,0.0,0.0,2.0,326.19941,0.0,0.0,1.0,0.0,0.0,0.0,126545,344.74268,50,2,0,2,0,375.70001220703125,71111,502.9809875488281,50,2
110910329,İlahiyat,ANKARA SOSYAL BİLİMLER ÜNİVERSİTESİ,4,SÖZEL,"1, 22, 24, 152, 153",684.0,İlahiyat Fakültesi,(M.T.O.K.),ANKARA,DEVLET,0,,,,,,,,,,,6.0,,5.0,,8.0,,0.0,,2.0,,1.0,,501.0,,56.0,,170.0,,366.0,10.0,0,0.0,0.0,0.0,10.0,370.50865,0.0,0.0,0.0,0.0,1.0,321.1854,0.0,0.0,1.0,0.0,0.0,0.0,203852,325.17925,10,0,0,1,0,359.052001953125,111692,405.0249938964844,10,0
110910336,Türk Dili ve Edebiyatı,ANKARA SOSYAL BİLİMLER ÜNİVERSİTESİ,4,SÖZEL,"22, 24, 34",700.0,Sosyal ve Beşeri Bilimler Fakültesi,,ANKARA,DEVLET,0,,,,,,,,,,,50.0,,14.0,,20.0,,28.0,,6.0,,9.0,,3163.0,,565.0,,1185.0,,2242.0,60.0,0,2.0,0.0,2.0,60.0,392.9141,2.0,298.91608,0.0,0.0,2.0,269.49232,0.0,0.0,1.0,0.0,0.0,0.0,100510,353.31263,30,1,0,1,0,380.63800048828125,61445,423.135009765625,31,0
110910343,İktisat,ANKARA SOSYAL BİLİMLER ÜNİVERSİTESİ,4,EŞİT AĞIRLIK,"18, 19, 20, 21, 22, 23, 24, 64",712.0,Yabancı Diller Fakültesi,(İngilizce) (%50 İndirimli),ANKARA,DEVLET,0,,,,,,,,,,,0.0,,1.0,,1.0,,0.0,,0.0,,0.0,,11.0,,0.0,,1.0,,4.0,20.0,0,0.0,0.0,0.0,1.0,201.72621,0.0,0.0,0.0,0.0,0.0,0.0,0.0,0.0,20.0,0.0,0.0,0.0,0,0.0,20,0,0,0,0,212.55799865722656,1350929,237.21400451660156,3,0
110910350,Yönetim Bilişim Sistemleri,ANKARA SOSYAL BİLİMLER ÜNİVERSİTESİ,4,EŞİT AĞIRLIK,"18, 19, 20, 21, 22, 23, 24, 64",732.0,Yabancı Diller Fakültesi,(İngilizce) (Burslu),ANKARA,DEVLET,0,,,,,,,,,,,,,,,,,,,,,,,,,,,,,,,,,,,,,,,,,,,,,,,,,0,0.0,10,0,0,0,0,274.87298583984375,553635,351.6679992675781,10,0
110910357,Yönetim Bilişim Sistemleri,ANKARA SOSYAL BİLİMLER ÜNİVERSİTESİ,4,EŞİT AĞIRLIK,"18, 19, 20, 22, 23, 24, 64",731.0,Yabancı Diller Fakültesi,(İngilizce) (Ücretli),ANKARA,DEVLET,0,,,,,,,,,,,,,,,,,,,,,,,,,,,,,,,,,,,,,,,,,,,,,,,,,0,0.0,10,0,0,0,0,189.8209991455078,1611890,201.1739959716797,2,0
110910364,Yönetim Bilişim Sistemleri,ANKARA SOSYAL BİLİMLER ÜNİVERSİTESİ,4,EŞİT AĞIRLIK,"18, 19, 20, 21, 22, 23, 24, 64",735.0,Yabancı Diller Fakültesi,(İngilizce) (%50 İndirimli),ANKARA,DEVLET,0,,,,,,,,,,,,,,,,,,,,,,,,,,,,,,,,,,,,,,,,,,,,,,,,,0,0.0,30,0,0,0,0,193.50900268554688,1579039,265.0369873046875,6,0
110910371,Felsefe,ANKARA SOSYAL BİLİMLER ÜNİVERSİTESİ,4,EŞİT AĞIRLIK,"22, 24, 34",694.0,Sosyal ve Beşeri Bilimler Fakültesi,,ANKARA,DEVLET,0,,,,,,,,,,,,,,,,,,,,,,,,,,,,,,,,,,,,,,,,,,,,,,,,,0,0.0,30,1,0,1,0,288.89300537109375,431026,329.156005859375,31,0
110910378,Japonca Mütercim ve Tercümanlık,ANKARA SOSYAL BİLİMLER ÜNİVERSİTESİ,4,DİL,"22, 24, 174",703.0,Yabancı Diller Fakültesi,,ANKARA,DEVLET,0,,,,,,,,,,,,,,,,,,,,,,,,,,,,,,,,,,,,,,,,,,,,,,,,,0,0.0,45,2,0,2,0,421.0429992675781,16789,478.3110046386719,46,1
110910385,Rusça Mütercim ve Tercümanlık,ANKARA SOSYAL BİLİMLER ÜNİVERSİTESİ,4,DİL,"5, 22, 24, 94",705.0,Yabancı Diller Fakültesi,(KKTC UYRUKLU),ANKARA,DEVLET,0,,,,,,,,,,,,,,,,,,,,,,,,,,,,,,,,,,,,,,,,,,,,,,,,,0,0.0,1,0,0,0,0,0.0,0,0.0,0,0
111710087,Çağdaş Türk Lehçeleri ve Edebiyatları,ANKARA HACI BAYRAM VELİ ÜNİVERSİTESİ,4,SÖZEL,,603.0,Edebiyat Fakültesi,,ANKARA,DEVLET,0,60.0,2.0,0.0,0.0,0.0,333.87229,304.85814,320788.0,62.0,40.0,39.0,22.0,25.0,23.0,17.0,27.0,23.0,2.0,9.0,8.0,9.0,857.0,707.0,85.0,44.0,224.0,171.0,562.0,482.0,60.0,0,2.0,0.0,2.0,62.0,342.18813,0.0,0.0,0.0,0.0,2.0,294.86626,0.0,0.0,2.0,0.0,0.0,0.0,227501,320.29783,65,2,0,2,0,331.6319885253906,212356,364.5159912109375,67,0
111710096,Felsefe,ANKARA HACI BAYRAM VELİ ÜNİVERSİTESİ,4,EŞİT AĞIRLIK,,607.0,Edebiyat Fakültesi,,ANKARA,DEVLET,0,60.0,2.0,0.0,0.0,0.0,351.33294,286.87612,505025.0,62.0,33.0,42.0,29.0,22.0,4.0,10.0,30.0,29.0,7.0,9.0,18.0,13.0,1328.0,842.0,68.0,46.0,223.0,165.0,701.0,503.0,60.0,0,2.0,0.0,2.0,62.0,324.8929,0.0,0.0,0.0,0.0,2.0,241.25897,0.0,0.0,5.0,0.0,0.0,0.0,489556,289.73939,40,1,0,1,0,289.47198486328125,426406,327.9580078125,41,0
111710148,Rus Dili ve Edebiyatı,ANKARA HACI BAYRAM VELİ ÜNİVERSİTESİ,4,DİL,"22, 24, 159",612.0,Edebiyat Fakültesi,,ANKARA,DEVLET,0,50.0,2.0,0.0,0.0,0.0,390.37409,360.07916,38398.0,52.0,35.0,33.0,17.0,21.0,22.0,11.0,16.0,30.0,3.0,4.0,7.0,8.0,672.0,807.0,26.0,32.0,126.0,174.0,390.0,542.0,50.0,0,2.0,0.0,2.0,52.0,438.22789,0.0,0.0,0.0,0.0,2.0,141.634,0.0,0.0,3.0,0.0,0.0,0.0,34607,385.15168,55,2,0,2,0,384.79998779296875,30808,413.7380065917969,57,0
111710157,Sanat Tarihi,ANKARA HACI BAYRAM VELİ ÜNİVERSİTESİ,4,SÖZEL,,613.0,Edebiyat Fakültesi,,ANKARA,DEVLET,0,60.0,2.0,0.0,0.0,0.0,394.95283,315.37199,255985.0,62.0,27.0,33.0,35.0,31.0,8.0,4.0,22.0,8.0,13.0,16.0,18.0,36.0,960.0,729.0,43.0,38.0,174.0,161.0,562.0,460.0,60.0,0,2.0,0.0,2.0,62.0,370.97372,0.0,0.0,0.0,0.0,2.0,299.51058,0.0,0.0,9.0,0.0,0.0,0.0,212752,323.26279,30,1,0,1,0,355.96600341796875,120892,390.60101318359375,31,0
111710166,Tarih,ANKARA HACI BAYRAM VELİ ÜNİVERSİTESİ,4,SÖZEL,,615.0,Edebiyat Fakültesi,,ANKARA,DEVLET,0,80.0,2.0,0.0,0.0,0.0,399.51875,356.63178,92516.0,82.0,29.0,23.0,53.0,61.0,23.0,21.0,30.0,26.0,11.0,14.0,16.0,20.0,1564.0,1376.0,135.0,128.0,360.0,371.0,1015.0,973.0,80.0,0,2.0,0.0,2.0,82.0,414.14944,0.0,0.0,0.0,0.0,2.0,276.74885,0.0,0.0,9.0,0.0,0.0,0.0,78137,362.11891,30,1,0,1,0,399.49798583984375,32536,444.0710144042969,31,0
111710175,Türk Dili ve Edebiyatı,ANKARA HACI BAYRAM VELİ ÜNİVERSİTESİ,4,SÖZEL,,616.0,Edebiyat Fakültesi,,ANKARA,DEVLET,0,80.0,2.0,321.56946,293.74,2.0,404.96433,356.9188,91815.0,80.0,68.0,72.0,14.0,12.0,28.0,29.0,41.0,46.0,7.0,3.0,5.0,4.0,2219.0,1592.0,153.0,139.0,558.0,444.0,1400.0,1117.0,80.0,0,2.0,0.0,2.0,80.0,394.35833,2.0,243.63879,0.0,0.0,2.0,267.7835,0.0,0.0,0.0,0.0,0.0,0.0,84859,359.29006,30,1,0,1,0,390.4679870605469,44669,424.5509948730469,31,0
111710184,Türk Halkbilimi,ANKARA HACI BAYRAM VELİ ÜNİVERSİTESİ,4,SÖZEL,,617.0,Edebiyat Fakültesi,,ANKARA,DEVLET,0,60.0,2.0,0.0,0.0,0.0,366.24923,299.96324,354203.0,62.0,31.0,35.0,31.0,29.0,18.0,9.0,15.0,22.0,16.0,10.0,9.0,19.0,780.0,683.0,42.0,49.0,171.0,152.0,494.0,434.0,60.0,0,2.0,0.0,2.0,62.0,423.7313,0.0,0.0,0.0,0.0,2.0,294.01079,0.0,0.0,6.0,0.0,0.0,0.0,256692,314.80403,65,2,0,2,0,324.74798583984375,245119,364.3190002441406,67,0
111710412,Hukuk,ANKARA HACI BAYRAM VELİ ÜNİVERSİTESİ,4,EŞİT AĞIRLIK,162,627.0,Hukuk Fakültesi,,ANKARA,DEVLET,0,420.0,11.0,440.43007,430.23686,11.0,466.66173,442.30434,11196.0,420.0,259.0,205.0,172.0,103.0,166.0,159.0,209.0,130.0,31.0,12.0,24.0,7.0,5090.0,4804.0,414.0,482.0,2044.0,2317.0,4562.0,4459.0,300.0,0,0.0,0.0,8.0,300.0,468.74194,8.0,444.32557,0.0,0.0,0.0,0.0,0.0,0.0,1.0,0.0,0.0,0.0,6380,450.06356,300,8,0,0,0,434.17498779296875,9139,454.7250061035156,300,8
111710421,Çalışma Ekonomisi ve Endüstri İlişkileri,ANKARA HACI BAYRAM VELİ ÜNİVERSİTESİ,4,EŞİT AĞIRLIK,,629.0,İktisadi ve İdari Bilimler Fakültesi,,ANKARA,DEVLET,0,90.0,3.0,253.06926,253.06926,1.0,332.07486,301.71801,398568.0,92.0,59.0,51.0,34.0,44.0,29.0,26.0,56.0,53.0,5.0,9.0,3.0,6.0,1206.0,935.0,58.0,64.0,226.0,184.0,721.0,602.0,90.0,0,3.0,0.0,3.0,91.0,346.71177,2.0,220.51448,0.0,0.0,2.0,172.5098,0.0,0.0,0.0,0.0,2.0,0.0,343457,310.45571,95,3,0,3,0,310.5929870605469,284374,325.8810119628906,97,1
111710439,Ekonometri,ANKARA HACI BAYRAM VELİ ÜNİVERSİTESİ,4,EŞİT AĞIRLIK,,630.0,İktisadi ve İdari Bilimler Fakültesi,,ANKARA,DEVLET,0,80.0,2.0,286.95401,286.95401,1.0,362.25309,290.01781,480587.0,81.0,37.0,39.0,45.0,44.0,22.0,19.0,40.0,44.0,12.0,9.0,6.0,10.0,1051.0,814.0,51.0,57.0,164.0,180.0,561.0,488.0,80.0,0,2.0,0.0,2.0,82.0,344.52814,0.0,0.0,0.0,0.0,1.0,184.47994,0.0,0.0,4.0,0.0,1.0,0.0,418565,299.14691,85,3,0,3,0,297.2669982910156,368409,326.9639892578125,88,0
111710448,İktisat,ANKARA HACI BAYRAM VELİ ÜNİVERSİTESİ,4,EŞİT AĞIRLIK,,631.0,İktisadi ve İdari Bilimler Fakültesi,,ANKARA,DEVLET,0,140.0,4.0,0.0,0.0,0.0,373.61531,321.219,289370.0,144.0,72.0,73.0,72.0,73.0,44.0,43.0,86.0,76.0,7.0,13.0,6.0,12.0,2311.0,1818.0,136.0,141.0,466.0,432.0,1415.0,1153.0,140.0,0,4.0,0.0,4.0,143.0,377.52632,1.0,269.74505,0.0,0.0,2.0,178.11601,0.0,0.0,2.0,0.0,2.0,0.0,246546,328.54923,140,4,0,4,0,325.9360046386719,208618,372.7120056152344,142,2
111710457,İşletme,ANKARA HACI BAYRAM VELİ ÜNİVERSİTESİ,4,EŞİT AĞIRLIK,,632.0,İktisadi ve İdari Bilimler Fakültesi,,ANKARA,DEVLET,0,140.0,4.0,213.01681,213.01681,1.0,361.09135,320.83209,291238.0,143.0,70.0,80.0,74.0,66.0,41.0,45.0,86.0,71.0,6.0,16.0,8.0,13.0,2839.0,2072.0,182.0,110.0,576.0,452.0,1716.0,1303.0,140.0,0,4.0,0.0,4.0,144.0,372.36029,0.0,0.0,0.0,0.0,2.0,189.05681,0.0,0.0,5.0,0.0,2.0,0.0,255330,326.72532,145,4,0,4,0,324.88800048828125,213158,390.78399658203125,145,4
111710475,Maliye,ANKARA HACI BAYRAM VELİ ÜNİVERSİTESİ,4,EŞİT AĞIRLIK,,634.0,İktisadi ve İdari Bilimler Fakültesi,,ANKARA,DEVLET,0,110.0,3.0,0.0,0.0,0.0,356.65154,327.85958,258798.0,113.0,55.0,65.0,58.0,48.0,35.0,33.0,70.0,68.0,3.0,7.0,3.0,5.0,1871.0,1580.0,119.0,124.0,448.0,414.0,1154.0,1048.0,110.0,0,3.0,0.0,3.0,113.0,360.84088,0.0,0.0,0.0,0.0,0.0,0.0,0.0,0.0,1.0,0.0,3.0,0.0,232205,331.67531,120,3,0,3,0,328.5530090332031,197593,378.9010009765625,120,3
111710484,Uluslararası İlişkiler,ANKARA HACI BAYRAM VELİ ÜNİVERSİTESİ,4,EŞİT AĞIRLIK,,638.0,İktisadi ve İdari Bilimler Fakültesi,,ANKARA,DEVLET,0,90.0,3.0,279.2875,279.2875,1.0,372.33767,336.16525,224581.0,92.0,59.0,60.0,34.0,36.0,24.0,30.0,54.0,48.0,10.0,8.0,4.0,8.0,2022.0,1692.0,125.0,115.0,421.0,394.0,1229.0,1126.0,90.0,0,3.0,0.0,3.0,91.0,378.64823,2.0,261.97136,0.0,0.0,3.0,196.39747,0.0,0.0,3.0,0.0,0.0,0.0,189170,342.1145,95,3,0,3,0,337.6759948730469,163585,360.94500732421875,95,3
111710493,Gazetecilik,ANKARA HACI BAYRAM VELİ ÜNİVERSİTESİ,4,SÖZEL,,648.0,İletişim Fakültesi,,ANKARA,DEVLET,0,80.0,2.0,0.0,0.0,0.0,387.21691,345.46204,124776.0,82.0,48.0,49.0,34.0,35.0,17.0,14.0,32.0,19.0,8.0,18.0,22.0,32.0,1378.0,1030.0,95.0,81.0,311.0,292.0,868.0,721.0,80.0,0,2.0,0.0,2.0,82.0,400.6307,0.0,0.0,0.0,0.0,2.0,268.32803,0.0,0.0,6.0,0.0,0.0,0.0,128500,344.14451,85,3,0,3,0,355.489013671875,122441,395.1180114746094,88,0
111710509,Halkla İlişkiler ve Tanıtım,ANKARA HACI BAYRAM VELİ ÜNİVERSİTESİ,4,SÖZEL,,650.0,İletişim Fakültesi,,ANKARA,DEVLET,0,80.0,2.0,319.88401,319.88401,1.0,386.17446,346.42967,121700.0,81.0,53.0,59.0,29.0,25.0,23.0,18.0,44.0,38.0,6.0,14.0,8.0,11.0,1197.0,893.0,70.0,71.0,258.0,225.0,751.0,616.0,80.0,0,2.0,0.0,2.0,82.0,375.29722,0.0,0.0,0.0,0.0,2.0,261.75699,0.0,0.0,7.0,0.0,0.0,0.0,132611,342.90956,80,2,0,2,0,358.1960144042969,114156,422.12701416015625,81,1
111710518,"Radyo, Televizyon ve Sinema",ANKARA HACI BAYRAM VELİ ÜNİVERSİTESİ,4,SÖZEL,,651.0,İletişim Fakültesi,,ANKARA,DEVLET,0,80.0,2.0,0.0,0.0,0.0,429.66989,357.42896,90493.0,82.0,44.0,44.0,38.0,40.0,23.0,15.0,35.0,24.0,9.0,12.0,14.0,31.0,1701.0,1217.0,150.0,105.0,500.0,360.0,1155.0,843.0,80.0,0,2.0,0.0,2.0,82.0,391.98468,0.0,0.0,0.0,0.0,2.0,229.16424,0.0,0.0,3.0,0.0,0.0,0.0,85644,358.99212,85,3,0,3,0,369.781005859375,84089,409.0639953613281,86,2
111711437,Gastronomi ve Mutfak Sanatları,ANKARA HACI BAYRAM VELİ ÜNİVERSİTESİ,4,SÖZEL,,673.0,Turizm Fakültesi,,ANKARA,DEVLET,0,64.0,2.0,335.79138,321.41532,2.0,434.36249,387.25721,36135.0,64.0,43.0,35.0,23.0,33.0,19.0,14.0,24.0,31.0,2.0,6.0,21.0,17.0,2557.0,1765.0,431.0,321.0,906.0,671.0,1841.0,1324.0,64.0,0,2.0,0.0,2.0,64.0,423.46692,2.0,337.13428,0.0,0.0,2.0,351.02767,0.0,0.0,4.0,0.0,1.0,0.0,32521,388.83924,69,2,0,2,0,399.47601318359375,32564,430.47900390625,69,2
111711455,Rekreasyon Yönetimi,ANKARA HACI BAYRAM VELİ ÜNİVERSİTESİ,4,SÖZEL,,675.0,Turizm Fakültesi,,ANKARA,DEVLET,0,69.0,2.0,0.0,0.0,0.0,358.09135,301.05318,346444.0,71.0,32.0,35.0,39.0,38.0,23.0,13.0,22.0,26.0,12.0,15.0,12.0,18.0,719.0,809.0,59.0,87.0,192.0,228.0,448.0,532.0,69.0,0,2.0,0.0,2.0,71.0,357.98094,0.0,0.0,0.0,0.0,2.0,255.97073,0.0,0.0,7.0,0.0,0.0,0.0,320735,304.19747,74,2,0,2,0,314.1839904785156,302835,359.9309997558594,76,0
111711473,Turizm İşletmeciliği,ANKARA HACI BAYRAM VELİ ÜNİVERSİTESİ,4,EŞİT AĞIRLIK,,677.0,Turizm Fakültesi,,ANKARA,DEVLET,0,70.0,2.0,0.0,0.0,0.0,326.74093,274.29201,613881.0,72.0,33.0,36.0,39.0,38.0,21.0,21.0,31.0,37.0,9.0,7.0,8.0,5.0,1729.0,1116.0,127.0,76.0,363.0,240.0,993.0,679.0,70.0,0,2.0,0.0,2.0,72.0,334.61895,0.0,0.0,0.0,0.0,2.0,218.15381,0.0,0.0,8.0,0.0,1.0,0.0,616733,275.15103,70,2,0,2,0,277.5350036621094,528512,299.75799560546875,71,1
111711507,Biyoloji,ANKARA HACI BAYRAM VELİ ÜNİVERSİTESİ,4,SAYISAL,,653.0,Polatlı Fen-Edebiyat Fakültesi,,ANKARA,DEVLET,0,30.0,1.0,0.0,0.0,0.0,316.00264,284.83377,345124.0,31.0,24.0,28.0,7.0,3.0,11.0,12.0,18.0,17.0,0.0,0.0,1.0,2.0,811.0,618.0,31.0,26.0,118.0,89.0,401.0,325.0,30.0,0,1.0,0.0,1.0,30.0,334.87383,1.0,294.41391,0.0,0.0,0.0,0.0,0.0,0.0,5.0,0.0,1.0,0.0,332506,298.73784,30,1,0,1,0,277.31298828125,354707,302.93499755859375,31,0
111711525,Kimya,ANKARA HACI BAYRAM VELİ ÜNİVERSİTESİ,4,SAYISAL,,655.0,Polatlı Fen-Edebiyat Fakültesi,,ANKARA,DEVLET,0,30.0,1.0,0.0,0.0,0.0,318.47107,291.72322,320500.0,31.0,25.0,25.0,6.0,7.0,9.0,8.0,22.0,20.0,0.0,1.0,0.0,2.0,993.0,694.0,31.0,33.0,125.0,102.0,452.0,363.0,30.0,0,1.0,0.0,1.0,30.0,337.85849,1.0,241.72734,0.0,0.0,1.0,196.53042,0.0,0.0,2.0,0.0,0.0,0.0,313745,303.78798,30,1,0,1,0,283.53900146484375,326728,330.49200439453125,30,1
111711534,Matematik,ANKARA HACI BAYRAM VELİ ÜNİVERSİTESİ,4,SAYISAL,,656.0,Polatlı Fen-Edebiyat Fakültesi,,ANKARA,DEVLET,0,60.0,2.0,0.0,0.0,0.0,337.06143,297.1829,302369.0,62.0,43.0,43.0,19.0,19.0,13.0,14.0,47.0,46.0,2.0,0.0,0.0,2.0,1759.0,1543.0,97.0,125.0,296.0,312.0,945.0,883.0,60.0,0,2.0,0.0,2.0,61.0,368.89894,1.0,250.42887,0.0,0.0,0.0,0.0,0.0,0.0,0.0,0.0,2.0,0.0,275782,315.12539,40,1,0,1,0,293.1080017089844,288950,355.3919982910156,41,0
111711543,Tarih,ANKARA HACI BAYRAM VELİ ÜNİVERSİTESİ,4,SÖZEL,,657.0,Polatlı Fen-Edebiyat Fakültesi,,ANKARA,DEVLET,0,60.0,2.0,0.0,0.0,0.0,384.60676,318.21059,240195.0,62.0,32.0,28.0,30.0,35.0,21.0,20.0,32.0,22.0,3.0,10.0,5.0,8.0,741.0,668.0,45.0,41.0,150.0,151.0,421.0,407.0,60.0,0,2.0,0.0,2.0,62.0,385.12179,0.0,0.0,0.0,0.0,1.0,182.84216,0.0,0.0,7.0,0.0,1.0,0.0,221477,321.53517,30,1,0,1,0,342.989013671875,164989,379.07501220703125,31,0
111711552,Türk Dili ve Edebiyatı,ANKARA HACI BAYRAM VELİ ÜNİVERSİTESİ,4,SÖZEL,,658.0,Polatlı Fen-Edebiyat Fakültesi,,ANKARA,DEVLET,0,60.0,2.0,271.76367,271.76367,1.0,372.25493,328.23535,190846.0,61.0,46.0,53.0,16.0,11.0,19.0,18.0,37.0,36.0,2.0,4.0,4.0,4.0,934.0,819.0,69.0,47.0,208.0,191.0,541.0,506.0,60.0,0,2.0,0.0,2.0,62.0,373.23217,0.0,0.0,0.0,0.0,2.0,221.54329,0.0,0.0,2.0,0.0,0.0,0.0,177376,331.09677,30,1,0,1,0,350.2950134277344,138958,396.3160095214844,31,0
111711597,Sosyoloji,ANKARA HACI BAYRAM VELİ ÜNİVERSİTESİ,4,EŞİT AĞIRLIK,,614.0,Edebiyat Fakültesi,,ANKARA,DEVLET,0,60.0,2.0,234.9352,234.9352,1.0,347.10407,315.84866,316450.0,61.0,50.0,43.0,12.0,21.0,18.0,1.0,34.0,25.0,4.0,7.0,6.0,23.0,1708.0,1004.0,67.0,52.0,282.0,217.0,979.0,649.0,60.0,0,2.0,0.0,2.0,62.0,351.7181,0.0,0.0,0.0,0.0,2.0,235.4466,0.0,0.0,4.0,0.0,0.0,0.0,305887,316.92419,40,1,0,1,0,310.5539855957031,284599,335.5010070800781,41,0
111711613,Arkeoloji,ANKARA HACI BAYRAM VELİ ÜNİVERSİTESİ,4,EŞİT AĞIRLIK,,601.0,Edebiyat Fakültesi,,ANKARA,DEVLET,0,50.0,2.0,0.0,0.0,0.0,313.00222,271.24037,642807.0,52.0,27.0,27.0,25.0,27.0,5.0,1.0,16.0,19.0,15.0,4.0,15.0,25.0,1372.0,922.0,95.0,49.0,281.0,197.0,805.0,581.0,50.0,0,2.0,0.0,2.0,52.0,381.96577,0.0,0.0,0.0,0.0,2.0,243.3086,0.0,0.0,9.0,0.0,0.0,0.0,603899,276.51189,30,1,0,1,0,283.3110046386719,476804,330.9639892578125,31,0
111711631,Fransız Dili ve Edebiyatı,ANKARA HACI BAYRAM VELİ ÜNİVERSİTESİ,4,DİL,"22, 24, 167",608.0,Edebiyat Fakültesi,,ANKARA,DEVLET,0,60.0,2.0,0.0,0.0,0.0,463.03261,369.96423,34681.0,62.0,39.0,42.0,23.0,21.0,17.0,20.0,22.0,20.0,8.0,6.0,12.0,16.0,752.0,759.0,20.0,41.0,120.0,141.0,455.0,484.0,60.0,0,2.0,0.0,2.0,62.0,433.86901,0.0,0.0,0.0,0.0,1.0,295.14696,0.0,0.0,5.0,0.0,2.0,0.0,32878,389.13518,65,2,0,2,0,387.3580017089844,29798,440.2980041503906,66,1
111711667,Tapu Kadastro,ANKARA HACI BAYRAM VELİ ÜNİVERSİTESİ,4,EŞİT AĞIRLIK,1,671.0,Tapu Kadastro Yüksekokulu,,ANKARA,DEVLET,0,60.0,2.0,300.0973,202.12904,2.0,369.51607,323.81297,277140.0,60.0,39.0,45.0,23.0,19.0,17.0,15.0,39.0,42.0,2.0,3.0,4.0,4.0,1524.0,786.0,284.0,135.0,463.0,234.0,921.0,498.0,60.0,0,2.0,0.0,2.0,60.0,371.89251,2.0,224.48565,0.0,0.0,2.0,187.09143,0.0,0.0,2.0,0.0,0.0,0.0,287994,320.25093,65,2,0,2,0,304.27099609375,322061,346.35699462890625,67,0
111711755,Fotoğraf ve Video,ANKARA HACI BAYRAM VELİ ÜNİVERSİTESİ,4,SÖZEL,,622.0,Güzel Sanatlar Fakültesi,,ANKARA,DEVLET,0,50.0,2.0,0.0,0.0,0.0,383.51797,324.10345,210264.0,52.0,23.0,31.0,29.0,23.0,7.0,10.0,14.0,15.0,9.0,10.0,21.0,18.0,676.0,611.0,50.0,53.0,165.0,150.0,398.0,381.0,50.0,0,2.0,0.0,2.0,52.0,380.03083,0.0,0.0,0.0,0.0,2.0,235.51452,0.0,0.0,7.0,0.0,0.0,0.0,184553,329.4207,55,2,0,2,0,335.9259948730469,193604,386.22198486328125,57,0
111711764,Kültür Varlıklarını Koruma ve Onarım,ANKARA HACI BAYRAM VELİ ÜNİVERSİTESİ,4,EŞİT AĞIRLIK,,625.0,Güzel Sanatlar Fakültesi,,ANKARA,DEVLET,0,50.0,2.0,0.0,0.0,0.0,320.29378,258.15544,781066.0,52.0,30.0,34.0,22.0,20.0,10.0,5.0,19.0,13.0,4.0,10.0,17.0,25.0,640.0,706.0,31.0,51.0,131.0,174.0,368.0,418.0,50.0,0,2.0,0.0,2.0,52.0,330.05282,0.0,0.0,0.0,0.0,2.0,250.43141,0.0,0.0,3.0,0.0,1.0,0.0,713989,265.33369,55,2,0,2,0,264.4460144042969,660072,284.79400634765625,57,0
111711816,Gastronomi ve Mutfak Sanatları,ANKARA HACI BAYRAM VELİ ÜNİVERSİTESİ,4,SÖZEL,156,674.0,Turizm Fakültesi,(M.T.O.K.),ANKARA,DEVLET,0,16.0,1.0,323.65807,323.65807,1.0,386.26192,350.67934,108894.0,16.0,10.0,11.0,7.0,7.0,6.0,5.0,11.0,11.0,0.0,1.0,0.0,1.0,815.0,622.0,149.0,125.0,346.0,283.0,607.0,490.0,16.0,0,1.0,0.0,1.0,16.0,379.43963,1.0,342.17718,0.0,0.0,1.0,276.07008,0.0,0.0,0.0,0.0,0.0,0.0,130711,343.47965,21,1,0,1,0,355.96600341796875,120892,386.5589904785156,21,1
111711825,Rekreasyon Yönetimi,ANKARA HACI BAYRAM VELİ ÜNİVERSİTESİ,4,SÖZEL,156,676.0,Turizm Fakültesi,(M.T.O.K.),ANKARA,DEVLET,0,17.0,1.0,0.0,0.0,0.0,299.95204,175.40613,1473991.0,18.0,10.0,12.0,8.0,7.0,6.0,8.0,7.0,6.0,4.0,1.0,1.0,2.0,256.0,1265.0,22.0,160.0,72.0,384.0,146.0,784.0,17.0,0,1.0,0.0,1.0,18.0,290.27223,0.0,0.0,0.0,0.0,1.0,273.9649,0.0,0.0,2.0,0.0,1.0,0.0,1074105,226.82831,22,1,0,1,0,192.9010009765625,1355120,276.1180114746094,23,0
111711985,Görsel İletişim Tasarımı,ANKARA HACI BAYRAM VELİ ÜNİVERSİTESİ,4,SÖZEL,,624.0,Güzel Sanatlar Fakültesi,,ANKARA,DEVLET,0,60.0,2.0,287.78102,239.21418,2.0,416.67599,361.73623,80078.0,60.0,46.0,44.0,16.0,20.0,19.0,17.0,23.0,33.0,9.0,5.0,11.0,8.0,1266.0,1051.0,141.0,126.0,433.0,386.0,914.0,792.0,60.0,0,2.0,0.0,2.0,62.0,421.49395,0.0,0.0,0.0,0.0,2.0,298.85348,0.0,0.0,3.0,0.0,1.0,0.0,72318,364.76386,65,2,0,2,0,376.9949951171875,68558,426.90399169921875,66,1
111711994,Siyaset Bilimi ve Kamu Yönetimi,ANKARA HACI BAYRAM VELİ ÜNİVERSİTESİ,4,EŞİT AĞIRLIK,,637.0,İktisadi ve İdari Bilimler Fakültesi,,ANKARA,DEVLET,0,120.0,3.0,346.36194,301.63851,3.0,399.35607,347.73701,183550.0,120.0,58.0,49.0,65.0,77.0,43.0,53.0,57.0,44.0,14.0,14.0,9.0,15.0,2450.0,1819.0,269.0,180.0,690.0,576.0,1644.0,1310.0,120.0,0,3.0,0.0,3.0,120.0,405.83142,3.0,305.67421,0.0,0.0,3.0,202.78148,0.0,0.0,4.0,0.0,0.0,0.0,161843,349.83959,120,3,0,3,0,339.25299072265625,158361,375.5889892578125,120,3
111712056,Sağlık Yönetimi,ANKARA HACI BAYRAM VELİ ÜNİVERSİTESİ,4,EŞİT AĞIRLIK,,635.0,İktisadi ve İdari Bilimler Fakültesi,,ANKARA,DEVLET,0,100.0,3.0,277.78907,277.78907,1.0,330.16633,299.87146,410821.0,102.0,75.0,75.0,28.0,31.0,29.0,17.0,51.0,58.0,12.0,8.0,9.0,20.0,3152.0,1918.0,159.0,158.0,606.0,471.0,1882.0,1259.0,100.0,0,3.0,0.0,3.0,102.0,351.98097,1.0,270.8727,0.0,0.0,3.0,201.6105,0.0,0.0,6.0,0.0,0.0,0.0,401454,301.58853,80,2,0,2,0,301.4840087890625,339774,320.5320129394531,80,2
111712117,Uluslararası İlişkiler,ANKARA HACI BAYRAM VELİ ÜNİVERSİTESİ,4,EŞİT AĞIRLIK,"22, 23, 24",639.0,İktisadi ve İdari Bilimler Fakültesi,(İngilizce),ANKARA,DEVLET,0,60.0,2.0,354.90614,308.88667,2.0,380.54799,359.01759,149626.0,60.0,39.0,34.0,23.0,28.0,17.0,26.0,36.0,31.0,3.0,2.0,6.0,1.0,1671.0,1420.0,100.0,105.0,364.0,346.0,1082.0,989.0,60.0,0,2.0,0.0,2.0,60.0,389.81416,2.0,329.77516,0.0,0.0,0.0,0.0,0.0,0.0,1.0,0.0,2.0,0.0,122541,363.0126,65,2,0,2,0,354.71600341796875,113751,402.2929992675781,65,2
111712126,İşletme,ANKARA HACI BAYRAM VELİ ÜNİVERSİTESİ,4,EŞİT AĞIRLIK,"22, 23, 24",633.0,İktisadi ve İdari Bilimler Fakültesi,(İngilizce),ANKARA,DEVLET,0,60.0,2.0,0.0,0.0,0.0,387.23213,351.65054,171216.0,62.0,36.0,30.0,26.0,32.0,16.0,20.0,41.0,34.0,2.0,2.0,3.0,5.0,1567.0,1510.0,64.0,90.0,273.0,303.0,936.0,984.0,60.0,0,2.0,0.0,2.0,60.0,392.78977,2.0,292.4314,0.0,0.0,0.0,0.0,0.0,0.0,2.0,0.0,2.0,0.0,138392,357.35601,65,2,0,2,0,353.4360046386719,117033,377.8819885253906,65,2
111712198,Sağlık Yönetimi,ANKARA HACI BAYRAM VELİ ÜNİVERSİTESİ,4,EŞİT AĞIRLIK,5,636.0,İktisadi ve İdari Bilimler Fakültesi,(KKTC Uyruklu),ANKARA,DEVLET,0,2.0,0.0,0.0,0.0,0.0,275.44754,265.59461,700131.0,2.0,2.0,0.0,0.0,0.0,2.0,0.0,0.0,0.0,0.0,0.0,0.0,0.0,10.0,3.0,0.0,0.0,1.0,1.0,7.0,3.0,2.0,0,0.0,0.0,0.0,0.0,0.0,0.0,0.0,0.0,0.0,0.0,0.0,0.0,0.0,2.0,0.0,0.0,0.0,0,0.0,1,0,0,0,0,0.0,0,0.0,0,0
111712205,Gazetecilik,ANKARA HACI BAYRAM VELİ ÜNİVERSİTESİ,4,SÖZEL,5,649.0,İletişim Fakültesi,(KKTC Uyruklu),ANKARA,DEVLET,0,1.0,0.0,0.0,0.0,0.0,257.44518,257.44518,736190.0,1.0,0.0,0.0,1.0,0.0,1.0,0.0,0.0,0.0,0.0,0.0,0.0,0.0,2.0,5.0,0.0,0.0,0.0,0.0,2.0,1.0,1.0,0,0.0,0.0,0.0,0.0,0.0,0.0,0.0,0.0,0.0,0.0,0.0,0.0,0.0,1.0,0.0,0.0,0.0,0,0.0,1,0,0,0,0,0.0,0,0.0,0,0
111712214,El Sanatları,ANKARA HACI BAYRAM VELİ ÜNİVERSİTESİ,4,SÖZEL,156,661.0,Sanat ve Tasarım Fakültesi,(M.T.O.K.),ANKARA,DEVLET,0,20.0,1.0,0.0,0.0,0.0,278.94826,204.78647,1305730.0,21.0,21.0,22.0,0.0,0.0,0.0,2.0,17.0,12.0,1.0,3.0,2.0,4.0,189.0,642.0,20.0,83.0,64.0,209.0,137.0,406.0,20.0,0,1.0,0.0,1.0,21.0,268.84856,0.0,0.0,0.0,0.0,1.0,211.34489,0.0,0.0,1.0,0.0,0.0,0.0,1221799,213.11606,25,1,0,1,0,217.9080047607422,1182088,300.5169982910156,26,0
111712268,Moda Tasarımı,ANKARA HACI BAYRAM VELİ ÜNİVERSİTESİ,4,EŞİT AĞIRLIK,156,665.0,Sanat ve Tasarım Fakültesi,(M.T.O.K.),ANKARA,DEVLET,0,15.0,1.0,0.0,0.0,0.0,296.48901,262.53231,732501.0,16.0,15.0,17.0,1.0,0.0,4.0,7.0,11.0,9.0,1.0,0.0,0.0,1.0,414.0,320.0,56.0,37.0,175.0,121.0,302.0,244.0,15.0,0,1.0,0.0,1.0,15.0,300.43958,1.0,225.67688,0.0,0.0,1.0,224.76559,0.0,0.0,0.0,0.0,0.0,0.0,1019417,239.33727,20,1,0,1,0,250.1959991455078,828913,302.125,20,1
111712277,Tekstil Tasarımı,ANKARA HACI BAYRAM VELİ ÜNİVERSİTESİ,4,EŞİT AĞIRLIK,156,667.0,Sanat ve Tasarım Fakültesi,(M.T.O.K.),ANKARA,DEVLET,0,7.0,1.0,0.0,0.0,0.0,266.6735,237.88693,1034916.0,8.0,8.0,9.0,0.0,0.0,2.0,3.0,4.0,4.0,0.0,1.0,2.0,0.0,165.0,258.0,11.0,19.0,37.0,69.0,111.0,175.0,7.0,0,1.0,0.0,1.0,8.0,249.92855,0.0,0.0,0.0,0.0,1.0,218.75683,0.0,0.0,0.0,0.0,0.0,0.0,1248033,222.65547,12,1,0,1,0,225.5469970703125,1167782,269.5069885253906,13,0
111750923,Maliye,ANKARA HACI BAYRAM VELİ ÜNİVERSİTESİ,2,TYT,,15621.0,Polatlı Sosyal Bilimler Meslek Yüksekokulu,,ANKARA,DEVLET,1,60.0,2.0,242.60857,242.60857,1.0,360.33149,279.77389,1040889.0,61.0,31.0,44.0,31.0,20.0,21.0,16.0,32.0,29.0,5.0,5.0,3.0,8.0,1396.0,930.0,82.0,54.0,227.0,173.0,678.0,523.0,60.0,0,2.0,0.0,2.0,62.0,405.62206,0.0,0.0,0.0,0.0,2.0,193.78756,0.0,0.0,10.0,0.0,0.0,0.0,1164018,278.62245,60,2,0,2,0,291.7569885253906,992680,362.9530029296875,61,1
111750932,Muhasebe ve Vergi Uygulamaları,ANKARA HACI BAYRAM VELİ ÜNİVERSİTESİ,2,TYT,,15622.0,Polatlı Sosyal Bilimler Meslek Yüksekokulu,,ANKARA,DEVLET,1,70.0,2.0,0.0,0.0,0.0,309.503,269.14522,1196018.0,72.0,55.0,48.0,17.0,26.0,20.0,14.0,42.0,44.0,4.0,7.0,5.0,7.0,1538.0,1181.0,75.0,54.0,273.0,232.0,787.0,634.0,70.0,0,2.0,0.0,2.0,71.0,320.45366,1.0,200.63701,0.0,0.0,2.0,208.47849,0.0,0.0,17.0,0.0,0.0,0.0,1232601,273.87654,70,2,0,2,0,284.6969909667969,1093143,336.4989929199219,72,0
111750941,Radyo ve Televizyon Programcılığı,ANKARA HACI BAYRAM VELİ ÜNİVERSİTESİ,2,TYT,,15623.0,Polatlı Sosyal Bilimler Meslek Yüksekokulu,,ANKARA,DEVLET,1,70.0,2.0,216.51654,216.51654,1.0,352.32418,275.81032,1099511.0,71.0,41.0,42.0,31.0,32.0,31.0,15.0,28.0,25.0,6.0,16.0,6.0,16.0,1876.0,1178.0,105.0,91.0,383.0,271.0,1058.0,699.0,70.0,0,2.0,0.0,2.0,72.0,331.05324,0.0,0.0,0.0,0.0,2.0,242.93911,0.0,0.0,20.0,0.0,1.0,0.0,1150275,279.59384,70,2,0,2,0,287.7860107421875,1048473,339.1369934082031,72,0
111750977,Tapu ve Kadastro,ANKARA HACI BAYRAM VELİ ÜNİVERSİTESİ,2,TYT,,15625.0,Polatlı Sosyal Bilimler Meslek Yüksekokulu,,ANKARA,DEVLET,1,60.0,2.0,254.85675,254.85675,1.0,367.62872,302.70144,771855.0,61.0,31.0,33.0,31.0,31.0,26.0,27.0,27.0,23.0,2.0,6.0,6.0,5.0,1805.0,1110.0,153.0,133.0,378.0,295.0,934.0,658.0,60.0,0,2.0,0.0,2.0,62.0,377.41184,0.0,0.0,0.0,0.0,2.0,234.27958,0.0,0.0,5.0,0.0,1.0,0.0,790829,307.97775,60,2,0,2,0,308.97100830078125,773711,345.9739990234375,62,0
111750986,Giyim Üretim Teknolojisi,ANKARA HACI BAYRAM VELİ ÜNİVERSİTESİ,2,TYT,,15620.0,Polatlı Sosyal Bilimler Meslek Yüksekokulu,,ANKARA,DEVLET,1,50.0,2.0,0.0,0.0,0.0,301.27778,243.96792,1626977.0,52.0,37.0,34.0,15.0,20.0,6.0,5.0,21.0,23.0,11.0,10.0,10.0,15.0,591.0,801.0,42.0,69.0,112.0,161.0,307.0,412.0,50.0,0,2.0,0.0,2.0,52.0,342.04366,0.0,0.0,0.0,0.0,2.0,242.82623,0.0,0.0,17.0,0.0,0.0,0.0,1637309,248.67549,50,2,0,2,0,261.1570129394531,1462528,298.2850036621094,52,0
111750995,Çocuk Gelişimi,ANKARA HACI BAYRAM VELİ ÜNİVERSİTESİ,2,TYT,,15619.0,Polatlı Sosyal Bilimler Meslek Yüksekokulu,,ANKARA,DEVLET,1,70.0,2.0,282.35666,254.71009,2.0,366.75094,310.36812,694066.0,70.0,70.0,68.0,2.0,6.0,12.0,1.0,44.0,29.0,4.0,10.0,12.0,18.0,2791.0,1561.0,419.0,204.0,819.0,446.0,1718.0,970.0,70.0,0,2.0,0.0,2.0,70.0,381.23523,2.0,269.50553,0.0,0.0,2.0,241.01111,0.0,0.0,11.0,0.0,0.0,0.0,773318,309.56356,70,2,0,2,0,313.71099853515625,720527,369.2749938964844,70,2
111751066,Saç Bakımı ve Güzellik Hizmetleri,ANKARA HACI BAYRAM VELİ ÜNİVERSİTESİ,2,TYT,,15624.0,Polatlı Sosyal Bilimler Meslek Yüksekokulu,,ANKARA,DEVLET,1,60.0,2.0,237.94279,237.94279,1.0,337.19714,286.86346,953078.0,61.0,59.0,59.0,3.0,5.0,22.0,17.0,21.0,23.0,11.0,8.0,6.0,14.0,2364.0,1485.0,361.0,195.0,872.0,530.0,1706.0,1071.0,60.0,0,2.0,0.0,2.0,62.0,390.54606,0.0,0.0,0.0,0.0,2.0,269.52795,0.0,0.0,12.0,0.0,0.0,0.0,1009187,289.92354,60,2,0,2,0,291.9440002441406,990026,329.2460021972656,60,2
111790315,El Sanatları,ANKARA HACI BAYRAM VELİ ÜNİVERSİTESİ,4,SÖZEL,,660.0,Sanat ve Tasarım Fakültesi,,ANKARA,DEVLET,0,24.0,1.0,0.0,0.0,0.0,384.76235,313.6671,265804.0,25.0,20.0,22.0,5.0,4.0,2.0,1.0,7.0,3.0,3.0,3.0,11.0,18.0,369.0,464.0,52.0,73.0,136.0,168.0,250.0,310.0,24.0,0,1.0,0.0,1.0,25.0,382.55619,0.0,0.0,0.0,0.0,1.0,316.07701,0.0,0.0,3.0,0.0,0.0,0.0,230005,319.81526,24,1,0,1,0,329.1820068359375,223741,427.12701416015625,25,0
111790316,Kuyumculuk ve Mücevher Tasarımı,ANKARA HACI BAYRAM VELİ ÜNİVERSİTESİ,4,EŞİT AĞIRLIK,,663.0,Sanat ve Tasarım Fakültesi,,ANKARA,DEVLET,0,25.0,1.0,0.0,0.0,0.0,339.60802,273.83486,618158.0,26.0,14.0,19.0,12.0,8.0,4.0,5.0,10.0,5.0,6.0,4.0,6.0,11.0,546.0,422.0,46.0,31.0,110.0,97.0,297.0,251.0,25.0,0,1.0,0.0,1.0,26.0,311.13221,0.0,0.0,0.0,0.0,1.0,225.97625,0.0,0.0,5.0,0.0,0.0,0.0,592260,277.7799,25,1,0,1,0,287.31298828125,443714,318.6130065917969,25,1
111790317,Moda Tasarımı,ANKARA HACI BAYRAM VELİ ÜNİVERSİTESİ,4,EŞİT AĞIRLIK,,664.0,Sanat ve Tasarım Fakültesi,,ANKARA,DEVLET,0,30.0,1.0,0.0,0.0,0.0,388.75393,311.06675,342225.0,31.0,31.0,31.0,0.0,1.0,9.0,4.0,9.0,11.0,1.0,7.0,12.0,9.0,1185.0,789.0,145.0,114.0,428.0,306.0,801.0,553.0,30.0,0,1.0,0.0,1.0,30.0,352.76684,1.0,224.93759,0.0,0.0,1.0,256.53026,0.0,0.0,4.0,0.0,0.0,0.0,335587,311.78785,30,1,0,1,0,303.6820068359375,325795,360.7619934082031,30,1
111790318,Tekstil Tasarımı,ANKARA HACI BAYRAM VELİ ÜNİVERSİTESİ,4,EŞİT AĞIRLIK,,666.0,Sanat ve Tasarım Fakültesi,,ANKARA,DEVLET,0,24.0,1.0,0.0,0.0,0.0,310.13296,277.63482,583105.0,25.0,23.0,18.0,2.0,8.0,8.0,4.0,14.0,13.0,1.0,0.0,2.0,9.0,735.0,449.0,53.0,32.0,167.0,101.0,438.0,284.0,24.0,0,1.0,0.0,1.0,25.0,303.5543,0.0,0.0,0.0,0.0,1.0,224.79974,0.0,0.0,4.0,0.0,0.0,0.0,531456,284.66406,30,1,0,1,0,285.2250061035156,460852,328.2200012207031,30,1
111790324,Basım ve Yayım Teknolojileri,ANKARA HACI BAYRAM VELİ ÜNİVERSİTESİ,2,TYT,,15617.0,Polatlı Sosyal Bilimler Meslek Yüksekokulu,,ANKARA,DEVLET,1,60.0,2.0,0.0,0.0,0.0,313.50251,264.51695,1266796.0,62.0,43.0,46.0,19.0,18.0,15.0,15.0,34.0,30.0,5.0,10.0,5.0,6.0,1147.0,693.0,77.0,25.0,229.0,110.0,627.0,353.0,60.0,0,2.0,0.0,2.0,62.0,337.50639,0.0,0.0,0.0,0.0,2.0,224.92009,0.0,0.0,20.0,0.0,0.0,0.0,1367970,264.98824,60,2,0,2,0,273.7539978027344,1258955,321.6860046386719,62,0
111790325,Psikoloji,ANKARA HACI BAYRAM VELİ ÜNİVERSİTESİ,4,EŞİT AĞIRLIK,,611.0,Edebiyat Fakültesi,,ANKARA,DEVLET,0,70.0,2.0,377.77839,373.7628,2.0,435.41889,399.13444,59078.0,70.0,65.0,66.0,7.0,8.0,16.0,28.0,46.0,33.0,1.0,6.0,9.0,7.0,4193.0,3122.0,470.0,276.0,1311.0,883.0,2933.0,2158.0,70.0,0,2.0,0.0,2.0,70.0,435.57328,2.0,394.83391,0.0,0.0,2.0,282.95824,0.0,0.0,1.0,0.0,0.0,0.0,48180,398.05555,70,2,0,2,0,388.32501220703125,49112,414.90899658203125,70,2
111790327,Uluslararası Ticaret ve Finansman,ANKARA HACI BAYRAM VELİ ÜNİVERSİTESİ,4,EŞİT AĞIRLIK,,640.0,İktisadi ve İdari Bilimler Fakültesi,,ANKARA,DEVLET,0,80.0,2.0,0.0,0.0,0.0,347.14857,316.67429,312133.0,82.0,38.0,52.0,44.0,30.0,25.0,24.0,45.0,45.0,7.0,6.0,4.0,7.0,1848.0,1516.0,101.0,121.0,353.0,375.0,1097.0,1001.0,80.0,0,2.0,0.0,2.0,82.0,349.04578,0.0,0.0,0.0,0.0,0.0,0.0,0.0,0.0,3.0,0.0,2.0,0.0,272681,323.23788,85,3,0,3,0,321.6080017089844,227840,403.625,87,1
111790328,Fizik,ANKARA HACI BAYRAM VELİ ÜNİVERSİTESİ,4,SAYISAL,,654.0,Polatlı Fen-Edebiyat Fakültesi,,ANKARA,DEVLET,0,30.0,1.0,0.0,0.0,0.0,294.96977,267.90539,417634.0,31.0,18.0,16.0,13.0,15.0,9.0,6.0,17.0,23.0,3.0,1.0,1.0,1.0,771.0,605.0,47.0,39.0,117.0,105.0,351.0,305.0,30.0,0,1.0,0.0,1.0,31.0,326.10499,0.0,0.0,0.0,0.0,0.0,0.0,0.0,0.0,0.0,0.0,1.0,0.0,390898,284.98753,30,1,0,1,0,268.1579895019531,402834,292.40301513671875,31,0
111790330,Arapça Mütercim ve Tercümanlık,ANKARA HACI BAYRAM VELİ ÜNİVERSİTESİ,4,DİL,"14, 22, 24, 159",600.0,Edebiyat Fakültesi,(Arapça),ANKARA,DEVLET,0,60.0,2.0,0.0,0.0,0.0,412.86052,318.48135,54852.0,62.0,39.0,40.0,23.0,24.0,16.0,1.0,20.0,26.0,8.0,10.0,17.0,14.0,779.0,710.0,63.0,59.0,250.0,242.0,580.0,517.0,60.0,0,2.0,0.0,2.0,62.0,455.90196,0.0,0.0,0.0,0.0,2.0,238.31056,0.0,0.0,6.0,0.0,0.0,0.0,54960,339.36243,65,2,0,2,0,337.09100341796875,53417,434.7879943847656,67,0
111790331,İngiliz Dili ve Edebiyatı,ANKARA HACI BAYRAM VELİ ÜNİVERSİTESİ,4,DİL,"22, 23, 24, 160",610.0,Edebiyat Fakültesi,(İngilizce),ANKARA,DEVLET,0,70.0,2.0,0.0,0.0,0.0,433.45951,411.88183,19820.0,72.0,44.0,49.0,28.0,25.0,39.0,32.0,22.0,34.0,7.0,4.0,3.0,3.0,1923.0,1600.0,149.0,114.0,457.0,411.0,1300.0,1151.0,70.0,0,2.0,0.0,2.0,72.0,446.26631,0.0,0.0,0.0,0.0,2.0,224.61102,0.0,0.0,0.0,0.0,1.0,0.0,18802,424.48486,70,2,0,2,0,425.68798828125,15239,441.7720031738281,70,2
111790339,Emlak ve Emlak Yönetimi,ANKARA HACI BAYRAM VELİ ÜNİVERSİTESİ,4,EŞİT AĞIRLIK,1,670.0,Tapu Kadastro Yüksekokulu,,ANKARA,DEVLET,0,40.0,1.0,0.0,0.0,0.0,354.53469,266.63219,689169.0,41.0,19.0,19.0,22.0,23.0,10.0,9.0,12.0,18.0,11.0,6.0,6.0,9.0,543.0,458.0,51.0,37.0,117.0,104.0,321.0,271.0,40.0,0,1.0,0.0,1.0,41.0,298.78288,0.0,0.0,0.0,0.0,1.0,216.88394,0.0,0.0,2.0,0.0,1.0,0.0,631542,273.58182,50,2,0,2,0,271.9599914550781,582038,320.0090026855469,52,0
111790346,Yönetim Bilişim Sistemleri,ANKARA HACI BAYRAM VELİ ÜNİVERSİTESİ,4,EŞİT AĞIRLIK,,641.0,İktisadi ve İdari Bilimler Fakültesi,,ANKARA,DEVLET,0,40.0,1.0,317.83108,317.83108,1.0,402.03405,374.03672,110984.0,40.0,18.0,19.0,23.0,23.0,14.0,17.0,25.0,18.0,1.0,3.0,1.0,4.0,7001.0,2120.0,542.0,201.0,2924.0,705.0,5514.0,1587.0,40.0,0,1.0,0.0,1.0,40.0,411.58578,1.0,376.3607,0.0,0.0,1.0,291.59604,0.0,0.0,1.0,0.0,0.0,0.0,71004,385.27009,55,2,0,2,0,376.8760070800781,66872,408.8550109863281,55,2
111790353,El Sanatları,ANKARA HACI BAYRAM VELİ ÜNİVERSİTESİ,4,SÖZEL,5,662.0,Sanat ve Tasarım Fakültesi,(KKTC UYRUKLU),ANKARA,DEVLET,0,1.0,0.0,0.0,0.0,0.0,0.0,0.0,0.0,0.0,0.0,0.0,0.0,0.0,0.0,0.0,0.0,0.0,0.0,0.0,0.0,0.0,1.0,0.0,0.0,0.0,0.0,0.0,0.0,0.0,30.0,0,1.0,0.0,1.0,,,,,,,,,,,0.0,0.0,0.0,0.0,0,0.0,1,0,0,0,0,0.0,0,0.0,0,0
111790360,Çin Dili ve Edebiyatı,ANKARA HACI BAYRAM VELİ ÜNİVERSİTESİ,4,DİL,"22, 24",606.0,Edebiyat Fakültesi,,ANKARA,DEVLET,0,,,,,,,,,,,21.0,,11.0,,15.0,,10.0,,4.0,,1.0,,1049.0,,238.0,,451.0,,796.0,30.0,0,1.0,0.0,1.0,31.0,431.25795,0.0,0.0,0.0,0.0,1.0,391.09143,0.0,0.0,1.0,0.0,0.0,0.0,29286,397.66244,35,1,0,1,0,409.30499267578125,20916,435.0119934082031,36,0
111790381,Coğrafya,ANKARA HACI BAYRAM VELİ ÜNİVERSİTESİ,4,SÖZEL,,602.0,Edebiyat Fakültesi,,ANKARA,DEVLET,0,0.0,0.0,0.0,0.0,0.0,0.0,0.0,0.0,0.0,0.0,15.0,0.0,17.0,0.0,9.0,0.0,18.0,0.0,0.0,0.0,5.0,0.0,3140.0,0.0,599.0,0.0,1164.0,0.0,2175.0,30.0,0,1.0,0.0,1.0,30.0,395.7835,1.0,276.03854,0.0,0.0,1.0,292.29199,0.0,0.0,1.0,0.0,0.0,0.0,103167,352.34666,35,1,0,1,0,368.2959899902344,87596,384.4389953613281,36,0
111790388,Aşçılık,ANKARA HACI BAYRAM VELİ ÜNİVERSİTESİ,2,TYT,,15615.0,Mutfak Sanatları Meslek Yüksekokulu,,ANKARA,DEVLET,1,,,,,,,,,,,,,,,,,,,,,,,,,,,,,,,,,,,,,,,,,,,,,,,,,650791,321.59533,30,1,0,1,0,336.27801513671875,508881,442.03900146484375,30,1
111790395,Ceza İnfaz ve Güvenlik Hizmetleri,ANKARA HACI BAYRAM VELİ ÜNİVERSİTESİ,2,TYT,"17, 313",15618.0,Polatlı Sosyal Bilimler Meslek Yüksekokulu,,ANKARA,DEVLET,1,,,,,,,,,,,,,,,,,,,,,,,,,,,,,,,,,,,,,,,,,,,,,,,,,763195,310.5125,50,2,0,2,0,309.9700012207031,762058,370.2919921875,50,2
111790402,İlahiyat,ANKARA HACI BAYRAM VELİ ÜNİVERSİTESİ,4,SÖZEL,"1, 22, 24, 152",643.0,İlahiyat Fakültesi,,ANKARA,DEVLET,0,,,,,,,,,,,,,,,,,,,,,,,,,,,,,,,,,,,,,,,,,,,,,,,,,0,0.0,80,2,0,2,0,362.8479919433594,101368,447.44500732421875,80,2
111790409,İlahiyat,ANKARA HACI BAYRAM VELİ ÜNİVERSİTESİ,4,SÖZEL,"1, 22, 24, 152, 153",644.0,İlahiyat Fakültesi,(M.T.O.K.),ANKARA,DEVLET,0,,,,,,,,,,,,,,,,,,,,,,,,,,,,,,,,,,,,,,,,,,,,,,,,,0,0.0,8,0,0,1,0,351.7669982910156,134063,441.0530090332031,8,0
111790416,Tekstil Tasarımı,ANKARA HACI BAYRAM VELİ ÜNİVERSİTESİ,4,EŞİT AĞIRLIK,5,668.0,Sanat ve Tasarım Fakültesi,(KKTC UYRUKLU),ANKARA,DEVLET,0,,,,,,,,,,,,,,,,,,,,,,,,,,,,,,,,,,,,,,,,,,,,,,,,,0,0.0,1,0,0,0,0,0.0,0,0.0,0,0
111790423,Turizm Rehberliği,ANKARA HACI BAYRAM VELİ ÜNİVERSİTESİ,4,DİL,,678.0,Turizm Fakültesi,,ANKARA,DEVLET,0,,,,,,,,,,,,,,,,,,,,,,,,,,,,,,,,,,,,,,,,,,,,,,,,,0,0.0,65,2,0,2,0,348.47198486328125,47792,436.4800109863281,67,0
111790430,Fransızca Mütercim ve Tercümanlık,ANKARA HACI BAYRAM VELİ ÜNİVERSİTESİ,4,DİL,"22, 24, 171",609.0,Edebiyat Fakültesi,(Fransızca),ANKARA,DEVLET,0,,,,,,,,,,,,,,,,,,,,,,,,,,,,,,,,,,,,,,,,,,,,,,,,,0,0.0,30,1,0,1,0,392.2569885253906,27733,423.3940124511719,30,1
111790437,Finans ve Bankacılık,ANKARA HACI BAYRAM VELİ ÜNİVERSİTESİ,4,EŞİT AĞIRLIK,,619.0,Finansal Bilimler Fakültesi,,ANKARA,DEVLET,0,,,,,,,,,,,,,,,,,,,,,,,,,,,,,,,,,,,,,,,,,,,,,,,,,359181,307.94167,80,2,0,2,0,307.7040100097656,301339,339.1579895019531,81,1
111790444,Sigortacılık,ANKARA HACI BAYRAM VELİ ÜNİVERSİTESİ,4,EŞİT AĞIRLIK,,620.0,Finansal Bilimler Fakültesi,,ANKARA,DEVLET,0,,,,,,,,,,,,,,,,,,,,,,,,,,,,,,,,,,,,,,,,,,,,,,,,,509478,287.29654,80,2,0,2,0,287.8110046386719,439705,308.93798828125,81,1
111790451,Fotoğraf ve Video,ANKARA HACI BAYRAM VELİ ÜNİVERSİTESİ,4,SÖZEL,5,623.0,Güzel Sanatlar Fakültesi,(KKTC UYRUKLU),ANKARA,DEVLET,0,,,,,,,,,,,,,,,,,,,,,,,,,,,,,,,,,,,,,,,,,,,,,,,,,0,0.0,1,0,0,0,0,0.0,0,0.0,0,0
112810032,Geleneksel El Sanatları,ANKARA MÜZİK VE GÜZEL SANATLAR ÜNİVERSİTESİ,2,TYT,,15628.0,Müzik ve Güzel Sanatlar Meslek Yüksekokulu,,ANKARA,DEVLET,1,20.0,1.0,0.0,0.0,0.0,348.30313,294.45176,862396.0,21.0,20.0,18.0,1.0,4.0,0.0,1.0,4.0,1.0,5.0,4.0,12.0,15.0,995.0,605.0,168.0,129.0,341.0,244.0,637.0,430.0,20.0,0,1.0,0.0,1.0,21.0,373.84805,0.0,0.0,0.0,0.0,1.0,295.21638,0.0,0.0,2.0,0.0,0.0,0.0,711617,315.42943,30,1,0,1,0,319.0799865722656,663759,375.4800109863281,31,0
112810039,Radyo ve Televizyon Programcılığı,ANKARA MÜZİK VE GÜZEL SANATLAR ÜNİVERSİTESİ,2,TYT,,15629.0,Müzik ve Güzel Sanatlar Meslek Yüksekokulu,,ANKARA,DEVLET,1,30.0,1.0,216.71477,216.71477,1.0,405.02556,309.90945,698523.0,30.0,19.0,17.0,12.0,15.0,5.0,0.0,9.0,3.0,7.0,10.0,9.0,17.0,3283.0,1095.0,480.0,150.0,979.0,339.0,1963.0,722.0,30.0,0,1.0,0.0,1.0,31.0,384.5079,0.0,0.0,0.0,0.0,1.0,249.39213,0.0,0.0,5.0,0.0,0.0,0.0,536043,334.74742,50,2,0,2,0,325.239013671875,603348,384.7569885253906,52,0
200210025,İngiliz Dili ve Edebiyatı,ATILIM ÜNİVERSİTESİ,4,DİL,"21, 22, 23, 24, 64, 72, 160",8560.0,Fen-Edebiyat Fakültesi,(İngilizce) (Burslu),ANKARA,VAKIF,0,7.0,0.0,0.0,0.0,0.0,432.19535,418.8143,17620.0,7.0,3.0,5.0,4.0,2.0,5.0,4.0,2.0,3.0,0.0,0.0,0.0,0.0,220.0,225.0,9.0,8.0,34.0,25.0,121.0,117.0,6.0,1,0.0,1.0,0.0,6.0,441.43565,0.0,0.0,1.0,392.29605,0.0,0.0,0.0,0.0,0.0,1.0,0.0,0.0,17036,429.47796,6,0,1,0,1,424.5880126953125,15599,430.5950012207031,6,0
200210034,İngiliz Dili ve Edebiyatı,ATILIM ÜNİVERSİTESİ,4,DİL,"21, 22, 23, 24, 64, 72, 160",8563.0,Fen-Edebiyat Fakültesi,(İngilizce) (%50 İndirimli),ANKARA,VAKIF,0,42.0,0.0,0.0,0.0,0.0,387.76786,284.53516,69229.0,42.0,28.0,32.0,14.0,10.0,14.0,13.0,17.0,23.0,9.0,1.0,1.0,2.0,341.0,285.0,18.0,17.0,61.0,74.0,226.0,187.0,42.0,0,0.0,0.0,0.0,42.0,410.11681,0.0,0.0,0.0,0.0,0.0,0.0,0.0,0.0,7.0,0.0,0.0,0.0,84900,280.71386,42,0,0,0,0,170.86700439453125,151364,391.4150085449219,41,0
200210052,Matematik,ATILIM ÜNİVERSİTESİ,4,SAYISAL,"21, 22, 23, 24, 64, 72",8566.0,Fen-Edebiyat Fakültesi,(İngilizce) (Burslu),ANKARA,VAKIF,0,3.0,0.0,0.0,0.0,0.0,377.86478,368.77789,145938.0,3.0,1.0,2.0,2.0,2.0,1.0,0.0,1.0,2.0,1.0,0.0,0.0,1.0,110.0,129.0,9.0,9.0,23.0,26.0,63.0,85.0,3.0,1,0.0,0.0,0.0,3.0,401.14834,0.0,0.0,1.0,378.07566,0.0,0.0,0.0,0.0,1.0,0.0,0.0,0.0,124393,389.43606,3,0,0,0,1,362.1679992675781,129057,379.6499938964844,3,0
200210104,Psikoloji,ATILIM ÜNİVERSİTESİ,4,EŞİT AĞIRLIK,"22, 23, 24, 64, 72",8568.0,Fen-Edebiyat Fakültesi,(İngilizce) (Ücretli),ANKARA,VAKIF,0,56.0,0.0,0.0,0.0,0.0,328.74003,284.78832,521948.0,56.0,44.0,25.0,12.0,4.0,27.0,12.0,23.0,8.0,1.0,3.0,2.0,4.0,444.0,341.0,18.0,20.0,91.0,72.0,275.0,229.0,29.0,0,0.0,0.0,0.0,29.0,297.43972,0.0,0.0,0.0,0.0,0.0,0.0,0.0,0.0,6.0,0.0,0.0,0.0,660341,270.6088,29,0,0,0,0,267.1719970703125,631035,291.5950012207031,29,0
200210113,Psikoloji,ATILIM ÜNİVERSİTESİ,4,EŞİT AĞIRLIK,"21, 22, 23, 24, 64, 72",8569.0,Fen-Edebiyat Fakültesi,(İngilizce) (Burslu),ANKARA,VAKIF,0,12.0,0.0,0.0,0.0,0.0,438.76744,409.96661,41183.0,12.0,9.0,10.0,3.0,2.0,6.0,4.0,4.0,5.0,2.0,1.0,0.0,2.0,421.0,352.0,21.0,16.0,76.0,50.0,253.0,215.0,10.0,1,0.0,2.0,0.0,10.0,425.68975,0.0,0.0,1.0,407.06224,0.0,0.0,1.0,287.0,2.0,2.0,0.0,0.0,31849,409.62203,10,0,2,0,1,391.635009765625,44598,402.239990234375,10,0
200210131,Halkla İlişkiler ve Reklamcılık,ATILIM ÜNİVERSİTESİ,4,SÖZEL,"21, 22, 23, 24, 64, 72",8586.0,İşletme Fakültesi,(İngilizce) (Burslu),ANKARA,VAKIF,0,4.0,0.0,0.0,0.0,0.0,385.45834,379.95692,46110.0,4.0,2.0,1.0,2.0,2.0,1.0,0.0,1.0,3.0,0.0,0.0,1.0,0.0,136.0,123.0,9.0,7.0,29.0,24.0,74.0,82.0,3.0,1,0.0,1.0,0.0,3.0,419.45629,0.0,0.0,0.0,0.0,0.0,0.0,0.0,0.0,0.0,1.0,0.0,1.0,31515,389.70324,3,0,1,0,1,399.3890075683594,32671,413.7489929199219,3,0
200210149,Halkla İlişkiler ve Reklamcılık,ATILIM ÜNİVERSİTESİ,4,SÖZEL,"21, 22, 23, 24, 64, 72",8587.0,İşletme Fakültesi,(İngilizce) (%50 İndirimli),ANKARA,VAKIF,0,25.0,0.0,0.0,0.0,0.0,341.22057,250.05847,818149.0,25.0,17.0,10.0,8.0,15.0,15.0,14.0,5.0,8.0,3.0,1.0,2.0,0.0,155.0,219.0,3.0,16.0,20.0,41.0,91.0,122.0,25.0,0,0.0,0.0,0.0,25.0,337.84044,0.0,0.0,0.0,0.0,0.0,0.0,0.0,0.0,1.0,0.0,0.0,0.0,839393,247.6217,25,0,0,0,0,265.3810119628906,698691,352.85101318359375,25,0
200210167,İktisat,ATILIM ÜNİVERSİTESİ,4,EŞİT AĞIRLIK,"21, 22, 23, 24, 64, 72",8592.0,İşletme Fakültesi,(İngilizce) (Burslu),ANKARA,VAKIF,0,4.0,0.0,0.0,0.0,0.0,373.02308,357.05902,155236.0,4.0,3.0,3.0,1.0,1.0,2.0,1.0,2.0,3.0,0.0,0.0,0.0,0.0,175.0,172.0,4.0,7.0,12.0,21.0,70.0,98.0,3.0,1,0.0,1.0,0.0,3.0,374.61163,0.0,0.0,1.0,341.80713,0.0,0.0,0.0,0.0,0.0,1.0,0.0,0.0,124299,362.36429,3,0,1,0,1,363.35699462890625,93205,367.49798583984375,3,0
200210176,İktisat,ATILIM ÜNİVERSİTESİ,4,EŞİT AĞIRLIK,"21, 22, 23, 24, 64, 72",8593.0,İşletme Fakültesi,(İngilizce) (%50 İndirimli),ANKARA,VAKIF,0,25.0,0.0,0.0,0.0,0.0,326.61038,262.60057,731781.0,25.0,10.0,8.0,15.0,17.0,8.0,12.0,14.0,13.0,3.0,0.0,0.0,0.0,271.0,328.0,7.0,9.0,27.0,37.0,129.0,175.0,25.0,0,0.0,0.0,0.0,25.0,333.66581,0.0,0.0,0.0,0.0,0.0,0.0,0.0,0.0,1.0,0.0,0.0,0.0,867889,251.48932,25,0,0,0,0,260.6059875488281,703377,342.7239990234375,25,0
200210194,İşletme,ATILIM ÜNİVERSİTESİ,4,EŞİT AĞIRLIK,"21, 22, 23, 24, 64, 72",8596.0,İşletme Fakültesi,(İngilizce) (Burslu),ANKARA,VAKIF,0,5.0,0.0,0.0,0.0,0.0,390.68106,364.02089,136000.0,5.0,3.0,2.0,2.0,4.0,4.0,3.0,0.0,2.0,0.0,1.0,0.0,0.0,318.0,254.0,13.0,9.0,48.0,52.0,196.0,159.0,4.0,1,0.0,1.0,0.0,4.0,387.50332,0.0,0.0,1.0,375.07431,0.0,0.0,1.0,324.0,0.0,0.0,0.0,0.0,86991,377.70529,4,0,1,0,1,374.5140075683594,71161,376.16400146484375,4,0
200210201,İşletme,ATILIM ÜNİVERSİTESİ,4,EŞİT AĞIRLIK,"21, 22, 23, 24, 64, 72",8597.0,İşletme Fakültesi,(İngilizce) (%50 İndirimli),ANKARA,VAKIF,0,31.0,0.0,0.0,0.0,0.0,348.11648,278.59234,574675.0,31.0,10.0,10.0,21.0,20.0,14.0,11.0,15.0,18.0,1.0,0.0,0.0,0.0,654.0,472.0,17.0,18.0,83.0,82.0,370.0,293.0,30.0,0,0.0,0.0,0.0,30.0,346.29297,0.0,0.0,0.0,0.0,0.0,0.0,0.0,0.0,1.0,0.0,0.0,0.0,714784,265.2537,30,0,0,0,0,274.6440124511719,555884,332.64801025390625,30,0
200210228,İşletme,ATILIM ÜNİVERSİTESİ,4,EŞİT AĞIRLIK,"21, 64, 72",8594.0,İşletme Fakültesi,(Burslu),ANKARA,VAKIF,0,3.0,0.0,0.0,0.0,0.0,358.971,348.34244,181700.0,3.0,1.0,1.0,2.0,4.0,0.0,2.0,1.0,1.0,1.0,1.0,1.0,0.0,261.0,202.0,12.0,10.0,39.0,27.0,139.0,113.0,4.0,1,0.0,1.0,0.0,4.0,363.98019,0.0,0.0,1.0,310.53455,0.0,0.0,0.0,0.0,0.0,1.0,0.0,0.0,136070,358.1571,4,0,1,0,1,354.6289978027344,113974,356.9649963378906,4,0
200210282,Uluslararası İlişkiler,ATILIM ÜNİVERSİTESİ,4,EŞİT AĞIRLIK,"21, 22, 23, 24, 64, 72",8604.0,İşletme Fakültesi,(İngilizce) (Burslu),ANKARA,VAKIF,0,4.0,0.0,0.0,0.0,0.0,385.04106,366.20803,130272.0,4.0,4.0,5.0,0.0,0.0,1.0,3.0,3.0,1.0,0.0,0.0,0.0,1.0,273.0,171.0,14.0,8.0,46.0,32.0,149.0,104.0,4.0,1,0.0,1.0,0.0,4.0,378.75195,0.0,0.0,1.0,363.01641,0.0,0.0,0.0,0.0,1.0,1.0,0.0,0.0,110729,367.52815,4,0,1,0,1,357.41400146484375,107026,364.4620056152344,4,0
200210291,Uluslararası İlişkiler,ATILIM ÜNİVERSİTESİ,4,EŞİT AĞIRLIK,"21, 22, 23, 24, 64, 72",8605.0,İşletme Fakültesi,(İngilizce) (%50 İndirimli),ANKARA,VAKIF,0,25.0,0.0,0.0,0.0,0.0,365.67827,281.98173,545225.0,25.0,17.0,6.0,8.0,25.0,16.0,15.0,9.0,14.0,0.0,2.0,0.0,0.0,552.0,293.0,23.0,12.0,91.0,35.0,322.0,176.0,31.0,0,0.0,0.0,0.0,31.0,333.58856,0.0,0.0,0.0,0.0,0.0,0.0,0.0,0.0,6.0,0.0,0.0,0.0,859724,252.19503,31,0,0,0,0,258.1440124511719,731910,321.81201171875,31,0
200210316,Bilgisayar Mühendisliği,ATILIM ÜNİVERSİTESİ,4,SAYISAL,"21, 22, 23, 24, 64, 72, 144",8609.0,Mühendislik Fakültesi,(İngilizce) (Burslu),ANKARA,VAKIF,0,13.0,0.0,0.0,0.0,0.0,497.40357,486.73397,26643.0,13.0,3.0,5.0,10.0,5.0,7.0,7.0,6.0,2.0,0.0,1.0,0.0,0.0,711.0,480.0,29.0,25.0,121.0,81.0,466.0,263.0,9.0,1,0.0,2.0,0.0,9.0,511.78906,0.0,0.0,1.0,493.81135,0.0,0.0,0.0,0.0,0.0,2.0,0.0,0.0,22491,494.06867,10,0,2,0,1,448.8340148925781,39456,461.63800048828125,10,0
200210343,Bilişim Sistemleri Mühendisliği,ATILIM ÜNİVERSİTESİ,4,SAYISAL,"21, 22, 23, 24, 64, 72, 144",8611.0,Mühendislik Fakültesi,(İngilizce) (Burslu),ANKARA,VAKIF,0,7.0,0.0,0.0,0.0,0.0,462.19266,443.95119,61947.0,7.0,2.0,0.0,5.0,7.0,5.0,6.0,2.0,1.0,0.0,0.0,0.0,0.0,254.0,187.0,17.0,13.0,57.0,34.0,167.0,113.0,6.0,1,0.0,1.0,0.0,6.0,480.19681,0.0,0.0,1.0,458.21496,0.0,0.0,0.0,0.0,0.0,1.0,0.0,0.0,45052,464.84542,6,0,1,0,1,412.45599365234375,70076,446.22698974609375,6,0
200210352,Bilişim Sistemleri Mühendisliği,ATILIM ÜNİVERSİTESİ,4,SAYISAL,"21, 22, 23, 24, 64, 72, 144",8612.0,Mühendislik Fakültesi,(İngilizce) (%50 İndirimli),ANKARA,VAKIF,0,42.0,0.0,0.0,0.0,0.0,439.7822,346.32114,182559.0,42.0,15.0,20.0,27.0,22.0,18.0,18.0,23.0,23.0,1.0,1.0,0.0,0.0,331.0,275.0,20.0,9.0,64.0,60.0,221.0,193.0,42.0,0,0.0,0.0,0.0,42.0,424.42891,0.0,0.0,0.0,0.0,0.0,0.0,0.0,0.0,2.0,0.0,0.0,0.0,203790,342.78927,42,0,0,0,0,290.96600341796875,296840,410.6610107421875,31,0
200210379,Elektrik-Elektronik Mühendisliği,ATILIM ÜNİVERSİTESİ,4,SAYISAL,"21, 22, 23, 24, 64, 72, 144",8613.0,Mühendislik Fakültesi,(İngilizce) (Burslu),ANKARA,VAKIF,0,11.0,0.0,0.0,0.0,0.0,481.83303,462.5391,45824.0,11.0,3.0,5.0,8.0,6.0,9.0,5.0,2.0,6.0,0.0,0.0,0.0,0.0,421.0,342.0,9.0,14.0,37.0,48.0,215.0,200.0,10.0,1,0.0,1.0,0.0,10.0,480.3284,0.0,0.0,1.0,465.53934,0.0,0.0,0.0,0.0,0.0,1.0,0.0,0.0,38858,472.07443,9,0,1,0,1,440.60198974609375,45616,490.2349853515625,9,0
200210404,Endüstri Mühendisliği,ATILIM ÜNİVERSİTESİ,4,SAYISAL,"21, 22, 23, 24, 64, 72, 144",8615.0,Mühendislik Fakültesi,(İngilizce) (Burslu),ANKARA,VAKIF,0,9.0,0.0,0.0,0.0,0.0,484.39783,450.45096,56191.0,9.0,7.0,6.0,2.0,4.0,4.0,6.0,4.0,4.0,1.0,0.0,0.0,0.0,370.0,369.0,22.0,19.0,59.0,62.0,187.0,198.0,8.0,1,0.0,1.0,0.0,8.0,470.22288,0.0,0.0,1.0,452.9833,0.0,0.0,1.0,445.0,0.0,0.0,0.0,0.0,48391,461.03762,8,0,1,0,1,429.5199890136719,54704,442.0679931640625,8,0
200210413,Endüstri Mühendisliği,ATILIM ÜNİVERSİTESİ,4,SAYISAL,"21, 22, 23, 24, 64, 72, 144",8618.0,Mühendislik Fakültesi,(İngilizce) (%50 İndirimli),ANKARA,VAKIF,0,51.0,0.0,0.0,0.0,0.0,448.7882,353.50585,169979.0,51.0,29.0,40.0,22.0,11.0,30.0,21.0,21.0,29.0,0.0,1.0,0.0,0.0,579.0,547.0,17.0,31.0,95.0,114.0,383.0,353.0,51.0,0,0.0,0.0,0.0,51.0,425.50672,0.0,0.0,0.0,0.0,0.0,0.0,0.0,0.0,1.0,0.0,0.0,0.0,163354,363.69387,51,0,0,0,0,307.82000732421875,241064,405.37799072265625,51,0
200210431,İnşaat Mühendisliği,ATILIM ÜNİVERSİTESİ,4,SAYISAL,"21, 22, 23, 24, 64, 72, 144",8623.0,Mühendislik Fakültesi,(İngilizce) (Burslu),ANKARA,VAKIF,0,4.0,0.0,0.0,0.0,0.0,392.55265,377.16252,134093.0,4.0,2.0,1.0,2.0,3.0,1.0,1.0,3.0,3.0,0.0,0.0,0.0,0.0,143.0,175.0,4.0,8.0,14.0,27.0,78.0,109.0,3.0,1,0.0,1.0,0.0,3.0,412.81842,0.0,0.0,1.0,364.16857,0.0,0.0,0.0,0.0,0.0,1.0,0.0,1.0,104008,405.43472,3,0,1,0,1,388.2959899902344,95513,402.0539855957031,3,0
200210449,İnşaat Mühendisliği,ATILIM ÜNİVERSİTESİ,4,SAYISAL,"21, 22, 23, 24, 64, 72, 144",8624.0,Mühendislik Fakültesi,(İngilizce) (%50 İndirimli),ANKARA,VAKIF,0,21.0,0.0,0.0,0.0,0.0,350.73464,305.22542,277970.0,21.0,6.0,6.0,15.0,19.0,10.0,14.0,11.0,11.0,0.0,0.0,0.0,0.0,94.0,151.0,1.0,3.0,5.0,18.0,44.0,63.0,25.0,0,0.0,0.0,0.0,25.0,385.85375,0.0,0.0,0.0,0.0,0.0,0.0,0.0,0.0,0.0,0.0,0.0,0.0,287532,311.38992,25,0,0,0,0,290.2449951171875,299661,351.97698974609375,25,0
200210467,Metalurji ve Malzeme Mühendisliği,ATILIM ÜNİVERSİTESİ,4,SAYISAL,"21, 22, 23, 24, 64, 72, 144",8631.0,Mühendislik Fakültesi,(İngilizce) (Burslu),ANKARA,VAKIF,0,14.0,0.0,0.0,0.0,0.0,431.33204,392.45044,114797.0,14.0,5.0,7.0,9.0,9.0,1.0,6.0,12.0,9.0,1.0,0.0,0.0,0.0,132.0,185.0,6.0,13.0,19.0,31.0,64.0,101.0,15.0,1,0.0,0.0,0.0,15.0,444.25736,0.0,0.0,1.0,403.59712,0.0,0.0,0.0,0.0,0.0,0.0,0.0,0.0,92544,415.40182,15,0,0,0,1,380.9110107421875,104185,410.97601318359375,15,0
200210476,Metalurji ve Malzeme Mühendisliği,ATILIM ÜNİVERSİTESİ,4,SAYISAL,"21, 22, 23, 24, 64, 72, 144",8632.0,Mühendislik Fakültesi,(İngilizce) (%50 İndirimli),ANKARA,VAKIF,0,4.0,0.0,0.0,0.0,0.0,346.14806,321.74853,234289.0,4.0,3.0,2.0,1.0,3.0,4.0,2.0,0.0,3.0,0.0,0.0,0.0,0.0,50.0,97.0,1.0,0.0,2.0,4.0,27.0,48.0,5.0,0,0.0,0.0,0.0,5.0,362.32369,0.0,0.0,0.0,0.0,0.0,0.0,0.0,0.0,2.0,0.0,0.0,0.0,226883,332.85728,5,0,0,0,0,315.5409851074219,219796,363.41400146484375,5,0
200210494,Mekatronik Mühendisliği,ATILIM ÜNİVERSİTESİ,4,SAYISAL,"21, 22, 23, 24, 64, 72, 144",8629.0,Mühendislik Fakültesi,(İngilizce) (Burslu),ANKARA,VAKIF,0,4.0,0.0,0.0,0.0,0.0,455.8497,452.41716,54511.0,4.0,1.0,2.0,3.0,2.0,1.0,2.0,3.0,2.0,0.0,0.0,0.0,0.0,122.0,97.0,11.0,3.0,23.0,22.0,64.0,57.0,3.0,1,0.0,1.0,0.0,3.0,464.35638,0.0,0.0,1.0,454.77419,0.0,0.0,0.0,0.0,0.0,1.0,0.0,0.0,51275,457.73058,3,0,1,0,1,417.0069885253906,65722,433.0780029296875,3,0
200210501,Mekatronik Mühendisliği,ATILIM ÜNİVERSİTESİ,4,SAYISAL,"21, 22, 23, 24, 64, 72, 144",8630.0,Mühendislik Fakültesi,(İngilizce) (%50 İndirimli),ANKARA,VAKIF,0,25.0,0.0,0.0,0.0,0.0,394.94078,327.67194,220555.0,25.0,7.0,7.0,18.0,18.0,11.0,9.0,13.0,16.0,1.0,0.0,0.0,0.0,231.0,288.0,10.0,8.0,38.0,33.0,142.0,164.0,25.0,0,0.0,0.0,0.0,25.0,375.0805,0.0,0.0,0.0,0.0,0.0,0.0,0.0,0.0,3.0,0.0,0.0,0.0,234066,329.98363,25,0,0,0,0,291.49700927734375,294735,371.4989929199219,22,0
200210555,Yazılım Mühendisliği,ATILIM ÜNİVERSİTESİ,4,SAYISAL,"21, 22, 23, 24, 64, 72, 144",8637.0,Mühendislik Fakültesi,(İngilizce) (Burslu),ANKARA,VAKIF,0,12.0,0.0,0.0,0.0,0.0,491.73462,480.35652,31484.0,12.0,2.0,4.0,10.0,5.0,4.0,4.0,7.0,5.0,1.0,0.0,0.0,0.0,743.0,410.0,39.0,20.0,144.0,83.0,468.0,237.0,8.0,1,0.0,1.0,0.0,8.0,497.63088,0.0,0.0,1.0,484.60465,0.0,0.0,0.0,0.0,0.0,1.0,0.0,0.0,27584,486.65342,9,0,1,0,1,437.2669982910156,48302,466.8489990234375,9,0
200210582,Hukuk,ATILIM ÜNİVERSİTESİ,4,EŞİT AĞIRLIK,"21, 64, 72, 162",8583.0,Hukuk Fakültesi,(Burslu),ANKARA,VAKIF,0,30.0,0.0,0.0,0.0,0.0,455.01778,428.68965,18873.0,30.0,18.0,20.0,12.0,7.0,12.0,10.0,14.0,13.0,3.0,3.0,1.0,1.0,769.0,618.0,23.0,12.0,100.0,77.0,507.0,429.0,26.0,1,0.0,4.0,0.0,26.0,445.47218,0.0,0.0,1.0,428.84471,0.0,0.0,0.0,0.0,0.0,4.0,0.0,0.0,13514,429.15037,26,0,4,0,1,412.76800537109375,22217,433.1440124511719,26,0
200210661,Enerji Sistemleri Mühendisliği,ATILIM ÜNİVERSİTESİ,4,SAYISAL,"21, 22, 23, 24, 64, 72, 144",8619.0,Mühendislik Fakültesi,(İngilizce) (Burslu),ANKARA,VAKIF,0,14.0,0.0,0.0,0.0,0.0,444.9037,339.37977,195789.0,14.0,5.0,8.0,9.0,8.0,9.0,11.0,4.0,5.0,0.0,0.0,0.0,0.0,129.0,394.0,3.0,22.0,13.0,75.0,62.0,240.0,15.0,1,0.0,0.0,0.0,15.0,424.02182,0.0,0.0,1.0,375.83525,0.0,0.0,0.0,0.0,0.0,0.0,0.0,0.0,132965,383.2154,12,0,0,0,1,358.8280029296875,133907,401.89300537109375,12,0
200210688,Makine Mühendisliği,ATILIM ÜNİVERSİTESİ,4,SAYISAL,"21, 22, 23, 24, 64, 72, 144",8627.0,Mühendislik Fakültesi,(İngilizce) (Burslu),ANKARA,VAKIF,0,7.0,0.0,0.0,0.0,0.0,447.96276,435.34096,69826.0,7.0,3.0,1.0,4.0,6.0,3.0,4.0,4.0,3.0,0.0,0.0,0.0,0.0,277.0,309.0,3.0,11.0,35.0,48.0,121.0,174.0,6.0,1,0.0,1.0,0.0,6.0,463.44894,0.0,0.0,1.0,447.81204,0.0,0.0,0.0,0.0,0.0,1.0,0.0,0.0,53499,455.06936,6,0,1,0,1,422.1650085449219,61136,436.60198974609375,6,0
200210704,Otomotiv Mühendisliği,ATILIM ÜNİVERSİTESİ,4,SAYISAL,"21, 22, 23, 24, 64, 72, 144",8633.0,Mühendislik Fakültesi,(İngilizce) (Burslu),ANKARA,VAKIF,0,9.0,0.0,0.0,0.0,0.0,427.79954,391.94829,115405.0,9.0,4.0,1.0,5.0,8.0,6.0,4.0,3.0,5.0,0.0,0.0,0.0,0.0,143.0,189.0,5.0,11.0,22.0,36.0,75.0,110.0,8.0,1,0.0,0.0,0.0,8.0,435.21083,0.0,0.0,1.0,392.43243,0.0,0.0,0.0,0.0,0.0,0.0,0.0,0.0,91304,416.52962,8,0,0,0,1,394.6929931640625,88295,418.6000061035156,8,0
200210722,Siyaset Bilimi ve Kamu Yönetimi,ATILIM ÜNİVERSİTESİ,4,EŞİT AĞIRLIK,"21, 64, 72",8600.0,İşletme Fakültesi,(Burslu),ANKARA,VAKIF,0,4.0,0.0,0.0,0.0,0.0,352.49906,345.64288,190522.0,4.0,1.0,3.0,3.0,2.0,2.0,2.0,2.0,2.0,0.0,0.0,0.0,0.0,262.0,188.0,16.0,3.0,49.0,33.0,148.0,119.0,3.0,1,0.0,1.0,0.0,3.0,366.79736,0.0,0.0,1.0,347.71961,0.0,0.0,1.0,182.0,0.0,0.0,0.0,0.0,149732,353.58336,3,0,1,0,1,343.3919982910156,145416,348.6889953613281,3,0
200210749,Mimarlık,ATILIM ÜNİVERSİTESİ,4,SAYISAL,"21, 64, 72, 143",8578.0,Güzel Sanatlar Tasarım ve Mimarlık Fakültesi,(Burslu),ANKARA,VAKIF,0,5.0,0.0,0.0,0.0,0.0,425.31962,414.79069,90007.0,5.0,4.0,3.0,1.0,1.0,4.0,2.0,1.0,2.0,0.0,0.0,0.0,0.0,131.0,185.0,6.0,9.0,24.0,32.0,81.0,122.0,3.0,1,0.0,1.0,0.0,3.0,420.7981,0.0,0.0,1.0,393.993,0.0,0.0,0.0,0.0,0.0,1.0,0.0,0.0,87506,420.07087,3,0,1,0,1,393.99798583984375,89035,411.8819885253906,3,0
200210758,İktisat,ATILIM ÜNİVERSİTESİ,4,EŞİT AĞIRLIK,"21, 64, 72",8588.0,İşletme Fakültesi,(Burslu),ANKARA,VAKIF,0,3.0,0.0,0.0,0.0,0.0,343.54643,341.12806,206054.0,3.0,0.0,1.0,3.0,3.0,0.0,1.0,3.0,3.0,0.0,0.0,0.0,0.0,169.0,163.0,5.0,3.0,22.0,27.0,84.0,97.0,3.0,1,0.0,0.0,0.0,3.0,358.55332,0.0,0.0,1.0,294.37847,0.0,0.0,0.0,0.0,0.0,0.0,0.0,0.0,141414,356.34152,3,0,1,0,1,358.81298828125,103693,361.7149963378906,3,0
200210776,Uluslararası Ticaret ve Lojistik,ATILIM ÜNİVERSİTESİ,4,EŞİT AĞIRLIK,"21, 22, 23, 24, 64, 72",8606.0,İşletme Fakültesi,(İngilizce) (Burslu),ANKARA,VAKIF,0,5.0,0.0,0.0,0.0,0.0,354.51424,349.02938,179385.0,5.0,2.0,0.0,3.0,5.0,4.0,1.0,1.0,4.0,0.0,0.0,0.0,0.0,325.0,245.0,47.0,20.0,95.0,64.0,224.0,160.0,4.0,1,0.0,1.0,0.0,4.0,372.50298,0.0,0.0,1.0,348.51954,0.0,0.0,0.0,0.0,0.0,1.0,0.0,0.0,117768,364.78833,4,0,1,0,1,356.75299072265625,108587,372.510009765625,4,0
200210785,Uluslararası Ticaret ve Lojistik,ATILIM ÜNİVERSİTESİ,4,EŞİT AĞIRLIK,"21, 22, 23, 24, 64, 72",8607.0,İşletme Fakültesi,(İngilizce) (%50 İndirimli),ANKARA,VAKIF,0,31.0,0.0,0.0,0.0,0.0,348.53776,280.22899,560287.0,31.0,16.0,6.0,15.0,25.0,16.0,17.0,14.0,14.0,1.0,0.0,0.0,0.0,544.0,309.0,30.0,29.0,114.0,73.0,322.0,209.0,31.0,0,0.0,0.0,0.0,31.0,348.8648,0.0,0.0,0.0,0.0,0.0,0.0,0.0,0.0,2.0,0.0,0.0,0.0,572099,280.02823,31,0,0,0,0,265.864013671875,644998,315.0249938964844,31,0
200210794,Siyaset Bilimi ve Kamu Yönetimi,ATILIM ÜNİVERSİTESİ,4,EŞİT AĞIRLIK,"21, 64, 72",8601.0,İşletme Fakültesi,(%50 İndirimli),ANKARA,VAKIF,0,25.0,0.0,0.0,0.0,0.0,329.10465,265.54713,700608.0,25.0,10.0,14.0,15.0,11.0,14.0,6.0,8.0,13.0,1.0,5.0,1.0,0.0,443.0,270.0,21.0,14.0,64.0,51.0,257.0,163.0,25.0,0,0.0,0.0,0.0,25.0,316.58252,0.0,0.0,0.0,0.0,0.0,0.0,0.0,0.0,5.0,0.0,0.0,0.0,918711,247.2896,25,0,0,0,0,255.33399963378906,765304,328.8789978027344,25,0
200210819,Makine Mühendisliği,ATILIM ÜNİVERSİTESİ,4,SAYISAL,"21, 22, 23, 24, 64, 72, 144",8628.0,Mühendislik Fakültesi,(İngilizce) (%50 İndirimli),ANKARA,VAKIF,0,42.0,0.0,0.0,0.0,0.0,421.95194,324.74091,227194.0,42.0,8.0,9.0,34.0,33.0,17.0,21.0,23.0,19.0,0.0,2.0,1.0,0.0,362.0,477.0,10.0,13.0,56.0,52.0,220.0,281.0,42.0,0,0.0,0.0,0.0,42.0,398.96315,0.0,0.0,0.0,0.0,0.0,0.0,0.0,0.0,1.0,0.0,0.0,0.0,218079,336.50374,42,0,0,0,0,300.4150085449219,263612,411.5400085449219,42,0
200210828,Otomotiv Mühendisliği,ATILIM ÜNİVERSİTESİ,4,SAYISAL,"21, 22, 23, 24, 64, 72, 144",8634.0,Mühendislik Fakültesi,(İngilizce) (%50 İndirimli),ANKARA,VAKIF,0,11.0,0.0,0.0,0.0,0.0,378.95014,311.64026,259899.0,11.0,2.0,2.0,9.0,10.0,2.0,7.0,9.0,4.0,0.0,1.0,0.0,0.0,73.0,133.0,1.0,4.0,7.0,13.0,37.0,63.0,12.0,0,0.0,0.0,0.0,12.0,388.14731,0.0,0.0,0.0,0.0,0.0,0.0,0.0,0.0,2.0,0.0,0.0,0.0,250153,323.92124,12,0,0,0,0,317.64801025390625,214424,364.10400390625,12,0
200210961,Bilgisayar Mühendisliği,ATILIM ÜNİVERSİTESİ,4,SAYISAL,"21, 22, 23, 24, 64, 72, 144",8610.0,Mühendislik Fakültesi,(İngilizce) (%25 İndirimli),ANKARA,VAKIF,0,76.0,0.0,0.0,0.0,0.0,468.20124,373.07917,139801.0,76.0,21.0,21.0,55.0,44.0,43.0,35.0,31.0,28.0,0.0,2.0,0.0,0.0,689.0,438.0,46.0,41.0,149.0,115.0,476.0,295.0,65.0,0,0.0,0.0,0.0,65.0,440.60836,0.0,0.0,0.0,0.0,0.0,0.0,0.0,0.0,3.0,0.0,0.0,0.0,162549,364.16164,68,0,0,0,0,296.7820129394531,276019,413.8689880371094,47,0
200210988,Elektrik-Elektronik Mühendisliği,ATILIM ÜNİVERSİTESİ,4,SAYISAL,"21, 22, 23, 24, 64, 72, 144",8614.0,Mühendislik Fakültesi,(İngilizce) (%25 İndirimli),ANKARA,VAKIF,0,59.0,0.0,0.0,0.0,0.0,460.33451,334.5067,205788.0,59.0,17.0,16.0,42.0,43.0,33.0,30.0,25.0,29.0,0.0,0.0,0.0,0.0,404.0,435.0,12.0,21.0,50.0,86.0,243.0,271.0,59.0,0,0.0,0.0,0.0,59.0,459.3375,0.0,0.0,0.0,0.0,0.0,0.0,0.0,0.0,1.0,0.0,0.0,0.0,211547,339.31112,59,0,0,0,0,290.64300537109375,298126,402.10699462890625,36,0
200211095,Yazılım Mühendisliği,ATILIM ÜNİVERSİTESİ,4,SAYISAL,"21, 22, 23, 24, 64, 72, 144",8638.0,Mühendislik Fakültesi,(İngilizce) (%25 İndirimli),ANKARA,VAKIF,0,68.0,0.0,0.0,0.0,0.0,471.45742,368.16015,146874.0,68.0,22.0,24.0,46.0,27.0,28.0,23.0,38.0,28.0,0.0,0.0,0.0,0.0,631.0,370.0,27.0,22.0,141.0,91.0,446.0,252.0,51.0,0,0.0,0.0,0.0,51.0,440.18773,0.0,0.0,0.0,0.0,0.0,0.0,0.0,0.0,2.0,0.0,0.0,0.0,195627,346.66417,55,0,0,0,0,290.8840026855469,297152,404.04998779296875,13,0
200211377,İç Mimarlık ve Çevre Tasarımı,ATILIM ÜNİVERSİTESİ,4,EŞİT AĞIRLIK,"21, 64, 72",8576.0,Güzel Sanatlar Tasarım ve Mimarlık Fakültesi,(Burslu),ANKARA,VAKIF,0,9.0,0.0,0.0,0.0,0.0,405.39076,375.57398,107374.0,9.0,7.0,6.0,2.0,4.0,4.0,2.0,4.0,7.0,1.0,1.0,0.0,0.0,467.0,284.0,29.0,18.0,115.0,79.0,333.0,202.0,8.0,1,0.0,1.0,0.0,8.0,382.20832,0.0,0.0,1.0,351.59108,0.0,0.0,1.0,239.0,0.0,0.0,0.0,0.0,96064,373.65315,6,0,1,0,1,363.5190124511719,92822,377.2229919433594,6,0
200211395,Maliye,ATILIM ÜNİVERSİTESİ,4,EŞİT AĞIRLIK,"21, 64, 72",8598.0,İşletme Fakültesi,(Burslu),ANKARA,VAKIF,0,4.0,0.0,0.0,0.0,0.0,332.21531,325.97371,267264.0,4.0,0.0,2.0,4.0,2.0,1.0,1.0,2.0,2.0,0.0,0.0,1.0,1.0,130.0,145.0,8.0,5.0,22.0,20.0,73.0,73.0,3.0,1,0.0,1.0,0.0,3.0,353.63937,0.0,0.0,1.0,292.49486,0.0,0.0,0.0,0.0,1.0,1.0,0.0,0.0,202343,338.78506,3,0,1,0,1,339.135986328125,158783,357.90399169921875,3,0
200211402,Maliye,ATILIM ÜNİVERSİTESİ,4,EŞİT AĞIRLIK,"21, 64, 72",8599.0,İşletme Fakültesi,(%50 İndirimli),ANKARA,VAKIF,0,25.0,0.0,0.0,0.0,0.0,323.12466,252.86459,842731.0,25.0,13.0,10.0,12.0,15.0,13.0,8.0,12.0,15.0,0.0,2.0,0.0,0.0,229.0,242.0,5.0,14.0,21.0,40.0,116.0,138.0,25.0,0,0.0,0.0,0.0,25.0,276.89155,0.0,0.0,0.0,0.0,0.0,0.0,0.0,0.0,4.0,0.0,0.0,0.0,1056082,236.54892,25,0,0,0,0,247.55299377441406,862976,322.2279968261719,25,0
200211456,Pilotaj,ATILIM ÜNİVERSİTESİ,4,SAYISAL,"10, 22, 23, 24, 64, 72, 186",8653.0,Sivil Havacılık Yüksekokulu,(İngilizce) (Ücretli),ANKARA,VAKIF,0,20.0,0.0,0.0,0.0,0.0,481.83701,260.64342,455340.0,20.0,5.0,4.0,15.0,15.0,11.0,6.0,7.0,11.0,0.0,1.0,0.0,1.0,183.0,264.0,20.0,18.0,71.0,102.0,153.0,225.0,19.0,0,0.0,0.0,0.0,19.0,415.00067,0.0,0.0,0.0,0.0,0.0,0.0,0.0,0.0,4.0,0.0,0.0,0.0,382106,286.87494,23,0,0,0,0,276.9750061035156,356343,403.8869934082031,23,0
200211465,Pilotaj,ATILIM ÜNİVERSİTESİ,4,SAYISAL,"10, 21, 22, 23, 24, 64, 72, 186",8654.0,Sivil Havacılık Yüksekokulu,(İngilizce) (Burslu),ANKARA,VAKIF,0,3.0,0.0,0.0,0.0,0.0,523.04087,517.57663,7769.0,3.0,0.0,1.0,3.0,3.0,2.0,2.0,1.0,2.0,0.0,0.0,0.0,0.0,294.0,285.0,28.0,25.0,80.0,111.0,248.0,252.0,3.0,1,0.0,0.0,0.0,3.0,526.3506,0.0,0.0,1.0,520.6772,0.0,0.0,0.0,0.0,0.0,0.0,0.0,0.0,6809,522.62573,3,0,1,0,1,511.2309875488281,6651,520.5989990234375,3,0
200211483,İç Mimarlık ve Çevre Tasarımı,ATILIM ÜNİVERSİTESİ,4,EŞİT AĞIRLIK,"21, 64, 72",8577.0,Güzel Sanatlar Tasarım ve Mimarlık Fakültesi,(%25 İndirimli),ANKARA,VAKIF,0,54.0,0.0,0.0,0.0,0.0,320.26149,274.1972,614765.0,54.0,32.0,33.0,22.0,21.0,20.0,20.0,26.0,26.0,3.0,2.0,4.0,4.0,785.0,488.0,55.0,30.0,171.0,126.0,508.0,342.0,54.0,0,0.0,0.0,0.0,54.0,310.59024,0.0,0.0,0.0,0.0,0.0,0.0,0.0,0.0,8.0,0.0,0.0,0.0,808732,256.63216,41,0,0,0,0,264.260986328125,662017,323.19500732421875,41,0
200211517,Havacılık Yönetimi,ATILIM ÜNİVERSİTESİ,4,EŞİT AĞIRLIK,"1, 10, 21, 22, 23, 24, 64, 72",8651.0,Sivil Havacılık Yüksekokulu,(İngilizce) (Burslu),ANKARA,VAKIF,0,4.0,0.0,0.0,0.0,0.0,376.36958,368.44083,124535.0,4.0,0.0,3.0,4.0,2.0,1.0,3.0,3.0,2.0,0.0,0.0,0.0,0.0,159.0,130.0,20.0,16.0,61.0,52.0,111.0,98.0,3.0,1,0.0,1.0,0.0,3.0,386.55352,0.0,0.0,1.0,367.43311,0.0,0.0,1.0,272.0,0.0,0.0,0.0,0.0,76667,382.4482,3,0,1,0,1,372.71600341796875,74348,374.27801513671875,3,0
200211526,Havacılık Yönetimi,ATILIM ÜNİVERSİTESİ,4,EŞİT AĞIRLIK,"1, 10, 21, 22, 23, 24, 64, 72",8652.0,Sivil Havacılık Yüksekokulu,(İngilizce) (%50 İndirimli),ANKARA,VAKIF,0,25.0,0.0,0.0,0.0,0.0,317.62384,270.38527,651225.0,25.0,11.0,11.0,14.0,13.0,12.0,12.0,13.0,12.0,0.0,0.0,0.0,0.0,247.0,182.0,10.0,11.0,61.0,43.0,165.0,125.0,24.0,0,0.0,0.0,0.0,24.0,371.93022,0.0,0.0,0.0,0.0,0.0,0.0,0.0,0.0,3.0,0.0,0.0,0.0,722915,264.47299,25,0,0,0,0,253.56100463867188,787126,300.5769958496094,25,0
200211589,Grafik Tasarımı,ATILIM ÜNİVERSİTESİ,4,EŞİT AĞIRLIK,"21, 64, 72",8574.0,Güzel Sanatlar Tasarım ve Mimarlık Fakültesi,(Burslu),ANKARA,VAKIF,0,4.0,0.0,0.0,0.0,0.0,387.64158,373.08353,113262.0,4.0,1.0,3.0,3.0,2.0,2.0,2.0,2.0,2.0,0.0,1.0,0.0,0.0,288.0,160.0,45.0,14.0,109.0,47.0,205.0,108.0,4.0,1,0.0,1.0,0.0,4.0,384.39737,0.0,0.0,1.0,353.25904,0.0,0.0,0.0,0.0,0.0,1.0,0.0,0.0,98800,372.47802,4,0,1,0,1,362.01800537109375,96219,372.4389953613281,4,0
200211598,Grafik Tasarımı,ATILIM ÜNİVERSİTESİ,4,EŞİT AĞIRLIK,"21, 64, 72",8575.0,Güzel Sanatlar Tasarım ve Mimarlık Fakültesi,(%50 İndirimli),ANKARA,VAKIF,0,25.0,0.0,0.0,0.0,0.0,333.54364,285.77098,513861.0,25.0,14.0,18.0,11.0,13.0,14.0,12.0,11.0,14.0,0.0,3.0,0.0,0.0,437.0,223.0,27.0,20.0,93.0,65.0,276.0,148.0,31.0,0,0.0,0.0,0.0,31.0,348.82507,0.0,0.0,0.0,0.0,0.0,0.0,0.0,0.0,7.0,0.0,0.0,0.0,695073,267.15242,31,0,0,0,0,236.4219970703125,1013166,331.67498779296875,31,0
200211659,Beslenme ve Diyetetik,ATILIM ÜNİVERSİTESİ,4,SAYISAL,"21, 22, 23, 24, 64, 72",8640.0,Sağlık Bilimleri Fakültesi,(İngilizce) (Burslu),ANKARA,VAKIF,0,4.0,0.0,0.0,0.0,0.0,396.72728,383.69037,125571.0,4.0,3.0,4.0,1.0,1.0,1.0,4.0,3.0,1.0,0.0,0.0,0.0,0.0,245.0,154.0,11.0,5.0,43.0,25.0,170.0,98.0,4.0,1,0.0,1.0,0.0,4.0,404.62875,0.0,0.0,1.0,287.40071,0.0,0.0,0.0,0.0,0.0,1.0,0.0,0.0,128997,385.99147,3,0,1,0,1,359.3320007324219,133150,370.53900146484375,3,0
200211686,Fizyoterapi ve Rehabilitasyon,ATILIM ÜNİVERSİTESİ,4,SAYISAL,"21, 22, 23, 24, 64, 72",8644.0,Sağlık Bilimleri Fakültesi,(İngilizce) (Burslu),ANKARA,VAKIF,0,3.0,0.0,0.0,0.0,0.0,394.20597,339.92087,194685.0,3.0,2.0,3.0,1.0,1.0,1.0,1.0,2.0,3.0,0.0,0.0,0.0,0.0,296.0,144.0,18.0,7.0,47.0,16.0,169.0,74.0,3.0,1,0.0,0.0,0.0,3.0,374.35496,0.0,0.0,1.0,337.31427,0.0,0.0,0.0,0.0,0.0,0.0,0.0,0.0,188505,350.14395,3,0,0,0,1,330.1860046386719,185257,351.0639953613281,3,0
200290136,Hemşirelik,ATILIM ÜNİVERSİTESİ,4,SAYISAL,"21, 22, 23, 24, 64, 72",8646.0,Sağlık Bilimleri Fakültesi,(İngilizce) (Burslu),ANKARA,VAKIF,0,4.0,0.0,0.0,0.0,0.0,379.36837,370.68072,143176.0,4.0,3.0,4.0,1.0,1.0,1.0,1.0,3.0,4.0,0.0,0.0,0.0,0.0,199.0,196.0,9.0,3.0,32.0,14.0,120.0,101.0,3.0,1,0.0,1.0,0.0,3.0,382.97515,0.0,0.0,1.0,370.40036,0.0,0.0,1.0,234.0,0.0,0.0,0.0,0.0,143804,375.78886,3,0,1,0,1,364.7770080566406,125263,368.89801025390625,3,0
200290140,Tıp,ATILIM ÜNİVERSİTESİ,6,SAYISAL,"22, 23, 24, 64, 72, 155",8662.0,Tıp Fakültesi,(İngilizce) (Ücretli),ANKARA,VAKIF,0,52.0,0.0,0.0,0.0,0.0,475.0535,458.10244,49575.0,49.0,41.0,11.0,8.0,9.0,21.0,10.0,27.0,10.0,1.0,0.0,0.0,0.0,254.0,135.0,5.0,1.0,23.0,5.0,147.0,51.0,33.0,0,0.0,0.0,0.0,20.0,464.16469,0.0,0.0,0.0,0.0,0.0,0.0,0.0,0.0,14.0,0.0,0.0,0.0,0,0.0,5,0,0,0,0,438.0679931640625,47629,439.4169921875,5,0
200290141,Tıp,ATILIM ÜNİVERSİTESİ,6,SAYISAL,"21, 22, 23, 24, 64, 72, 155",8663.0,Tıp Fakültesi,(İngilizce) (Burslu),ANKARA,VAKIF,0,11.0,0.0,0.0,0.0,0.0,518.65785,506.79355,13318.0,11.0,9.0,8.0,2.0,3.0,5.0,9.0,6.0,2.0,0.0,0.0,0.0,0.0,183.0,195.0,8.0,4.0,23.0,15.0,80.0,78.0,10.0,1,0.0,1.0,0.0,10.0,511.96402,0.0,0.0,1.0,506.1725,0.0,0.0,0.0,0.0,0.0,1.0,0.0,0.0,13423,508.78585,8,0,1,0,1,497.6059875488281,11434,503.2749938964844,8,0
200290142,Tıp,ATILIM ÜNİVERSİTESİ,6,SAYISAL,"21, 22, 23, 24, 64, 72, 155",8664.0,Tıp Fakültesi,(İngilizce) (%25 İndirimli),ANKARA,VAKIF,0,12.0,0.0,0.0,0.0,0.0,504.7672,475.24679,35480.0,12.0,8.0,20.0,4.0,8.0,7.0,16.0,5.0,12.0,0.0,0.0,0.0,0.0,230.0,174.0,4.0,2.0,15.0,8.0,157.0,71.0,28.0,0,0.0,0.0,0.0,28.0,484.49308,0.0,0.0,0.0,0.0,0.0,0.0,0.0,0.0,0.0,0.0,0.0,0.0,45635,464.17355,46,0,0,0,0,439.95098876953125,46150,464.8580017089844,46,0
200290151,Uçak Elektrik ve Elektroniği,ATILIM ÜNİVERSİTESİ,4,SAYISAL,"1, 10, 21, 22, 23, 24, 64, 72",8655.0,Sivil Havacılık Yüksekokulu,(İngilizce) (Burslu),ANKARA,VAKIF,0,4.0,0.0,0.0,0.0,0.0,412.90853,407.09033,98309.0,4.0,1.0,1.0,3.0,4.0,2.0,2.0,2.0,3.0,0.0,0.0,0.0,0.0,209.0,277.0,20.0,29.0,68.0,74.0,153.0,195.0,3.0,1,0.0,1.0,0.0,3.0,435.19117,0.0,0.0,1.0,421.23983,0.0,0.0,1.0,303.0,1.0,0.0,0.0,0.0,80925,426.36795,3,0,1,0,1,416.61700439453125,66081,422.5740051269531,3,0
200290153,Uçak Gövde ve Motor Bakımı,ATILIM ÜNİVERSİTESİ,4,SAYISAL,"1, 10, 21, 22, 23, 24, 64, 72",8657.0,Sivil Havacılık Yüksekokulu,(İngilizce) (Burslu),ANKARA,VAKIF,0,4.0,0.0,0.0,0.0,0.0,424.37782,419.73609,84956.0,4.0,2.0,1.0,2.0,4.0,1.0,1.0,2.0,3.0,1.0,0.0,0.0,0.0,227.0,260.0,32.0,29.0,90.0,93.0,168.0,182.0,3.0,1,0.0,1.0,0.0,3.0,446.85691,0.0,0.0,1.0,423.76989,0.0,0.0,1.0,246.0,0.0,0.0,0.0,0.0,69507,437.82502,3,0,1,0,1,419.7879943847656,63228,437.2799987792969,3,0
200290155,Endüstriyel Tasarım,ATILIM ÜNİVERSİTESİ,4,SAYISAL,"21, 64, 72",8572.0,Güzel Sanatlar Tasarım ve Mimarlık Fakültesi,(Burslu),ANKARA,VAKIF,0,5.0,0.0,0.0,0.0,0.0,399.25604,362.58663,155148.0,5.0,2.0,2.0,3.0,3.0,5.0,3.0,0.0,2.0,0.0,0.0,0.0,0.0,471.0,215.0,25.0,13.0,112.0,55.0,323.0,152.0,4.0,1,0.0,1.0,0.0,4.0,413.9729,0.0,0.0,1.0,357.5165,0.0,0.0,0.0,0.0,0.0,1.0,0.0,0.0,148311,372.88279,4,0,1,0,1,362.0069885253906,129263,387.4209899902344,4,0
200290156,Endüstriyel Tasarım,ATILIM ÜNİVERSİTESİ,4,SAYISAL,"21, 64, 72",8573.0,Güzel Sanatlar Tasarım ve Mimarlık Fakültesi,(%50 İndirimli),ANKARA,VAKIF,0,31.0,0.0,0.0,0.0,0.0,341.7103,282.96437,352266.0,31.0,21.0,18.0,10.0,13.0,12.0,17.0,16.0,12.0,1.0,2.0,1.0,0.0,440.0,284.0,17.0,17.0,85.0,68.0,293.0,180.0,31.0,0,0.0,0.0,0.0,31.0,364.43245,0.0,0.0,0.0,0.0,0.0,0.0,0.0,0.0,1.0,0.0,0.0,0.0,351230,294.03042,31,0,0,0,0,256.55499267578125,478355,331.04400634765625,31,0
200290157,İngilizce Mütercim ve Tercümanlık,ATILIM ÜNİVERSİTESİ,4,DİL,"21, 22, 23, 24, 64, 72, 160",8564.0,Fen-Edebiyat Fakültesi,(Burslu),ANKARA,VAKIF,0,7.0,0.0,0.0,0.0,0.0,452.07574,439.70018,11844.0,7.0,3.0,6.0,4.0,2.0,4.0,6.0,3.0,2.0,0.0,0.0,0.0,0.0,256.0,207.0,16.0,11.0,45.0,28.0,165.0,152.0,6.0,1,0.0,1.0,0.0,6.0,459.55121,0.0,0.0,1.0,439.03469,0.0,0.0,1.0,431.0,0.0,0.0,0.0,0.0,11558,447.26309,6,0,1,0,1,444.281005859375,9966,451.614990234375,6,0
200290159,Tekstil ve Moda Tasarımı,ATILIM ÜNİVERSİTESİ,4,EŞİT AĞIRLIK,"21, 64, 72",8580.0,Güzel Sanatlar Tasarım ve Mimarlık Fakültesi,(Burslu),ANKARA,VAKIF,0,15.0,0.0,0.0,0.0,0.0,375.53549,315.02669,320810.0,15.0,14.0,13.0,1.0,3.0,6.0,8.0,4.0,4.0,2.0,3.0,1.0,1.0,236.0,194.0,23.0,29.0,78.0,76.0,168.0,131.0,15.0,1,0.0,0.0,0.0,15.0,390.16616,0.0,0.0,1.0,316.3008,0.0,0.0,0.0,0.0,1.0,0.0,0.0,0.0,260994,325.58292,13,0,0,0,1,316.6629943847656,251516,349.02398681640625,13,0
200290160,Turizm İşletmeciliği,ATILIM ÜNİVERSİTESİ,4,EŞİT AĞIRLIK,"21, 22, 23, 24, 64, 72",8602.0,İşletme Fakültesi,(İngilizce) (Burslu),ANKARA,VAKIF,0,13.0,0.0,0.0,0.0,0.0,381.69262,304.53405,380834.0,13.0,10.0,6.0,3.0,4.0,3.0,3.0,5.0,3.0,1.0,1.0,4.0,2.0,164.0,135.0,12.0,16.0,37.0,40.0,97.0,81.0,10.0,1,0.0,0.0,0.0,10.0,333.45475,0.0,0.0,0.0,0.0,0.0,0.0,0.0,0.0,4.0,0.0,0.0,1.0,317474,314.8736,8,0,0,0,1,310.7279968261719,283568,341.79400634765625,8,0
200290161,Matematik,ATILIM ÜNİVERSİTESİ,4,SAYISAL,"21, 22, 23, 24, 64, 72",8567.0,Fen-Edebiyat Fakültesi,(İngilizce) (%50 İndirimli),ANKARA,VAKIF,0,17.0,0.0,0.0,0.0,0.0,319.49065,267.31248,420538.0,17.0,8.0,4.0,9.0,13.0,2.0,2.0,14.0,13.0,0.0,1.0,0.0,0.0,156.0,143.0,11.0,9.0,37.0,40.0,89.0,93.0,17.0,0,0.0,0.0,0.0,17.0,367.8172,0.0,0.0,0.0,0.0,0.0,0.0,0.0,0.0,2.0,0.0,0.0,0.0,425391,277.98486,17,0,0,0,0,248.55099487304688,543813,335.7229919433594,17,0
200290162,Psikoloji,ATILIM ÜNİVERSİTESİ,4,EŞİT AĞIRLIK,"21, 22, 23, 24, 64, 72",8570.0,Fen-Edebiyat Fakültesi,(İngilizce) (%25 İndirimli),ANKARA,VAKIF,0,15.0,0.0,0.0,0.0,0.0,367.15558,330.64075,247008.0,15.0,11.0,33.0,4.0,5.0,6.0,22.0,6.0,15.0,2.0,1.0,0.0,0.0,350.0,258.0,19.0,15.0,68.0,58.0,227.0,173.0,38.0,0,0.0,0.0,0.0,38.0,341.65455,0.0,0.0,0.0,0.0,0.0,0.0,0.0,0.0,2.0,0.0,0.0,0.0,448071,295.07713,38,0,0,0,0,292.5069885253906,403024,343.4649963378906,38,0
200290163,Tekstil ve Moda Tasarımı,ATILIM ÜNİVERSİTESİ,4,EŞİT AĞIRLIK,"21, 64, 72",8581.0,Güzel Sanatlar Tasarım ve Mimarlık Fakültesi,(%50 İndirimli),ANKARA,VAKIF,0,5.0,0.0,0.0,0.0,0.0,302.70572,277.55005,583919.0,5.0,4.0,5.0,1.0,0.0,1.0,1.0,3.0,2.0,0.0,2.0,1.0,0.0,128.0,95.0,2.0,9.0,24.0,27.0,78.0,63.0,5.0,0,0.0,0.0,0.0,5.0,304.55053,0.0,0.0,0.0,0.0,0.0,0.0,0.0,0.0,1.0,0.0,0.0,0.0,447192,295.19913,7,0,0,0,0,266.8059997558594,634936,301.9530029296875,7,0
200290165,İktisat,ATILIM ÜNİVERSİTESİ,4,EŞİT AĞIRLIK,"21, 64, 72",8591.0,İşletme Fakültesi,(%50 İndirimli),ANKARA,VAKIF,0,17.0,0.0,0.0,0.0,0.0,286.72804,258.86386,772647.0,17.0,4.0,7.0,13.0,13.0,8.0,6.0,8.0,10.0,1.0,3.0,0.0,0.0,296.0,328.0,6.0,10.0,36.0,53.0,154.0,170.0,20.0,0,0.0,0.0,0.0,20.0,305.22929,0.0,0.0,0.0,0.0,0.0,0.0,0.0,0.0,4.0,0.0,0.0,0.0,931790,246.23733,23,0,0,0,0,249.30599975585938,840179,339.88800048828125,23,0
200290166,İşletme,ATILIM ÜNİVERSİTESİ,4,EŞİT AĞIRLIK,"21, 64, 72",8595.0,İşletme Fakültesi,(%50 İndirimli),ANKARA,VAKIF,0,20.0,0.0,0.0,0.0,0.0,294.82481,268.51237,669998.0,20.0,7.0,12.0,13.0,18.0,9.0,8.0,8.0,20.0,3.0,0.0,0.0,1.0,661.0,499.0,29.0,25.0,106.0,96.0,372.0,303.0,30.0,0,0.0,0.0,0.0,30.0,307.02479,0.0,0.0,0.0,0.0,0.0,0.0,0.0,0.0,5.0,0.0,0.0,0.0,801096,257.29769,30,0,0,0,0,265.15899658203125,652424,334.24200439453125,30,0
200290167,Turizm İşletmeciliği,ATILIM ÜNİVERSİTESİ,4,EŞİT AĞIRLIK,"21, 22, 23, 24, 64, 72",8603.0,İşletme Fakültesi,(İngilizce) (%50 İndirimli),ANKARA,VAKIF,0,7.0,0.0,0.0,0.0,0.0,303.69575,266.69421,688521.0,7.0,2.0,1.0,5.0,9.0,4.0,8.0,3.0,2.0,0.0,0.0,0.0,0.0,111.0,101.0,2.0,3.0,10.0,18.0,59.0,53.0,10.0,0,0.0,0.0,0.0,10.0,294.94817,0.0,0.0,0.0,0.0,0.0,0.0,0.0,0.0,0.0,0.0,0.0,0.0,877236,250.70908,12,0,0,0,0,265.1099853515625,652953,304.2179870605469,12,0
200290168,Enerji Sistemleri Mühendisliği,ATILIM ÜNİVERSİTESİ,4,SAYISAL,"21, 22, 23, 24, 64, 72, 144",8620.0,Mühendislik Fakültesi,(İngilizce) (%50 İndirimli),ANKARA,VAKIF,0,4.0,0.0,0.0,0.0,0.0,326.55315,312.47245,257597.0,4.0,0.0,1.0,4.0,4.0,2.0,4.0,2.0,1.0,0.0,0.0,0.0,0.0,42.0,147.0,0.0,2.0,2.0,13.0,27.0,80.0,5.0,0,0.0,0.0,0.0,5.0,370.6417,0.0,0.0,0.0,0.0,0.0,0.0,0.0,0.0,1.0,0.0,0.0,0.0,193173,347.8387,8,0,0,0,0,324.97100830078125,196809,351.27398681640625,8,0
200290169,Kimya Mühendisliği,ATILIM ÜNİVERSİTESİ,4,SAYISAL,"21, 22, 23, 24, 64, 72, 144",8625.0,Mühendislik Fakültesi,(İngilizce) (Burslu),ANKARA,VAKIF,0,14.0,0.0,0.0,0.0,0.0,422.79482,403.78799,101848.0,14.0,11.0,9.0,3.0,4.0,3.0,4.0,11.0,9.0,0.0,0.0,0.0,0.0,218.0,311.0,9.0,10.0,24.0,41.0,122.0,182.0,12.0,1,0.0,0.0,0.0,12.0,444.22364,0.0,0.0,1.0,417.40842,0.0,0.0,0.0,0.0,0.0,0.0,0.0,0.0,80597,426.71488,8,0,0,0,1,404.51800537109375,77948,413.843994140625,8,0
200290170,Kimya Mühendisliği,ATILIM ÜNİVERSİTESİ,4,SAYISAL,"21, 22, 23, 24, 64, 72, 144",8626.0,Mühendislik Fakültesi,(İngilizce) (%50 İndirimli),ANKARA,VAKIF,0,4.0,0.0,0.0,0.0,0.0,391.06201,370.08172,144017.0,4.0,3.0,7.0,1.0,1.0,2.0,3.0,2.0,4.0,0.0,1.0,0.0,0.0,105.0,87.0,2.0,1.0,9.0,9.0,68.0,53.0,8.0,0,0.0,0.0,0.0,8.0,424.98435,0.0,0.0,0.0,0.0,0.0,0.0,0.0,0.0,1.0,0.0,0.0,0.0,125967,388.2226,12,0,0,0,0,328.22198486328125,189553,382.6199951171875,12,0
200290171,Havacılık ve Uzay Mühendisliği,ATILIM ÜNİVERSİTESİ,4,SAYISAL,"21, 22, 23, 24, 64, 72, 144",8621.0,Mühendislik Fakültesi,(İngilizce) (Burslu),ANKARA,VAKIF,0,7.0,0.0,0.0,0.0,0.0,476.9801,467.56256,41761.0,7.0,6.0,2.0,1.0,5.0,2.0,3.0,5.0,4.0,0.0,0.0,0.0,0.0,196.0,174.0,13.0,10.0,47.0,39.0,141.0,106.0,5.0,1,0.0,1.0,0.0,5.0,478.32491,0.0,0.0,1.0,475.24798,0.0,0.0,1.0,388.0,0.0,0.0,0.0,0.0,35841,475.88803,5,0,1,0,1,450.9150085449219,37888,491.5369873046875,5,0
200290172,Havacılık ve Uzay Mühendisliği,ATILIM ÜNİVERSİTESİ,4,SAYISAL,"21, 22, 23, 24, 64, 72, 144",8622.0,Mühendislik Fakültesi,(İngilizce) (%50 İndirimli),ANKARA,VAKIF,0,42.0,0.0,0.0,0.0,0.0,411.48584,337.08012,200470.0,42.0,19.0,16.0,23.0,21.0,14.0,17.0,27.0,19.0,0.0,0.0,1.0,0.0,223.0,273.0,21.0,17.0,51.0,57.0,150.0,177.0,37.0,0,0.0,0.0,0.0,37.0,426.5959,0.0,0.0,0.0,0.0,0.0,0.0,0.0,0.0,4.0,0.0,0.0,0.0,210260,339.84686,37,0,0,0,0,291.2720031738281,295584,353.6520080566406,34,0
200290173,Mimarlık,ATILIM ÜNİVERSİTESİ,4,SAYISAL,"21, 64, 72, 143",8579.0,Güzel Sanatlar Tasarım ve Mimarlık Fakültesi,(%50 İndirimli),ANKARA,VAKIF,0,29.0,0.0,0.0,0.0,0.0,397.18881,320.14603,238221.0,29.0,23.0,19.0,6.0,6.0,8.0,7.0,19.0,16.0,1.0,1.0,1.0,0.0,152.0,187.0,5.0,8.0,19.0,29.0,94.0,105.0,25.0,0,0.0,0.0,0.0,25.0,416.1259,0.0,0.0,0.0,0.0,0.0,0.0,0.0,0.0,1.0,0.0,0.0,0.0,244204,326.10364,25,0,0,0,0,304.9800109863281,249285,372.43701171875,24,0
200290174,Çocuk Gelişimi,ATILIM ÜNİVERSİTESİ,4,EŞİT AĞIRLIK,"21, 64, 72",8642.0,Sağlık Bilimleri Fakültesi,(Burslu),ANKARA,VAKIF,0,4.0,0.0,0.0,0.0,0.0,341.75686,333.20532,236281.0,4.0,4.0,4.0,0.0,0.0,2.0,0.0,2.0,4.0,0.0,0.0,0.0,0.0,241.0,160.0,20.0,14.0,55.0,36.0,150.0,101.0,3.0,1,0.0,1.0,0.0,3.0,346.82939,0.0,0.0,1.0,338.62071,0.0,0.0,0.0,0.0,0.0,1.0,0.0,0.0,195621,340.46778,3,0,1,0,1,337.91400146484375,162818,338.27301025390625,3,0
200290175,Çocuk Gelişimi,ATILIM ÜNİVERSİTESİ,4,EŞİT AĞIRLIK,"21, 64, 72",8643.0,Sağlık Bilimleri Fakültesi,(%50 İndirimli),ANKARA,VAKIF,0,25.0,0.0,0.0,0.0,0.0,308.26477,274.74307,609730.0,25.0,24.0,25.0,1.0,0.0,4.0,9.0,18.0,15.0,2.0,0.0,1.0,0.0,275.0,111.0,33.0,17.0,78.0,35.0,181.0,77.0,25.0,0,0.0,0.0,0.0,25.0,309.38435,0.0,0.0,0.0,0.0,0.0,0.0,0.0,0.0,3.0,0.0,0.0,0.0,892537,249.43723,25,0,0,0,0,252.39100646972656,801511,310.77099609375,25,0
200290176,Odyoloji,ATILIM ÜNİVERSİTESİ,4,SAYISAL,"21, 22, 23, 24, 64, 72",8648.0,Sağlık Bilimleri Fakültesi,(İngilizce) (Burslu),ANKARA,VAKIF,0,3.0,0.0,0.0,0.0,0.0,328.41045,320.58905,237099.0,3.0,1.0,4.0,2.0,0.0,2.0,0.0,1.0,4.0,0.0,0.0,0.0,0.0,374.0,117.0,11.0,4.0,64.0,16.0,202.0,51.0,3.0,1,0.0,0.0,0.0,3.0,347.69321,0.0,0.0,1.0,319.00318,0.0,0.0,0.0,0.0,0.0,0.0,0.0,0.0,228156,332.34347,4,0,0,0,1,294.4800109863281,284136,326.9490051269531,4,0
200290177,Odyoloji,ATILIM ÜNİVERSİTESİ,4,SAYISAL,"21, 22, 23, 24, 64, 72",8649.0,Sağlık Bilimleri Fakültesi,(İngilizce) (%50 İndirimli),ANKARA,VAKIF,0,20.0,0.0,0.0,0.0,0.0,298.54589,246.90328,543316.0,20.0,12.0,14.0,8.0,6.0,5.0,4.0,14.0,13.0,0.0,0.0,0.0,1.0,178.0,120.0,2.0,1.0,22.0,17.0,106.0,63.0,20.0,0,0.0,0.0,0.0,20.0,276.60772,0.0,0.0,0.0,0.0,0.0,0.0,0.0,0.0,4.0,0.0,0.0,0.0,709658,239.32057,20,0,0,0,0,224.6820068359375,813951,279.0570068359375,20,0
200290178,Ameliyathane Hizmetleri,ATILIM ÜNİVERSİTESİ,2,TYT,"21, 64, 72",21878.0,Sağlık Hizmetleri Meslek Yüksekokulu,(Burslu),ANKARA,VAKIF,1,7.0,0.0,0.0,0.0,0.0,331.0173,318.81651,616637.0,7.0,5.0,5.0,2.0,2.0,0.0,3.0,7.0,3.0,0.0,1.0,0.0,0.0,333.0,188.0,11.0,7.0,40.0,21.0,141.0,74.0,6.0,1,0.0,1.0,0.0,6.0,335.76922,0.0,0.0,1.0,295.04179,0.0,0.0,0.0,0.0,0.0,1.0,0.0,0.0,615261,325.44684,5,0,1,0,1,331.24700927734375,549940,333.11199951171875,5,0
200290179,Ameliyathane Hizmetleri,ATILIM ÜNİVERSİTESİ,2,TYT,"21, 64, 72",21879.0,Sağlık Hizmetleri Meslek Yüksekokulu,(%50 İndirimli),ANKARA,VAKIF,1,33.0,0.0,0.0,0.0,0.0,287.15009,261.48974,1312657.0,33.0,26.0,30.0,7.0,3.0,7.0,9.0,21.0,20.0,2.0,2.0,2.0,0.0,597.0,282.0,16.0,9.0,71.0,36.0,304.0,148.0,33.0,0,0.0,0.0,0.0,33.0,289.76652,0.0,0.0,0.0,0.0,0.0,0.0,0.0,0.0,4.0,0.0,0.0,0.0,1454358,259.57058,33,0,0,0,0,271.5429992675781,1293926,298.0989990234375,33,0
200290180,Anestezi,ATILIM ÜNİVERSİTESİ,2,TYT,"21, 64, 72",21880.0,Sağlık Hizmetleri Meslek Yüksekokulu,(Burslu),ANKARA,VAKIF,1,7.0,0.0,0.0,0.0,0.0,365.01039,354.16123,371599.0,7.0,7.0,5.0,0.0,3.0,1.0,1.0,6.0,6.0,0.0,1.0,0.0,0.0,578.0,403.0,32.0,19.0,93.0,69.0,325.0,231.0,6.0,1,0.0,1.0,0.0,6.0,424.79651,0.0,0.0,1.0,354.84047,0.0,0.0,1.0,254.0,0.0,0.0,0.0,0.0,363722,360.00145,6,0,1,0,1,365.0799865722656,327635,368.7460021972656,6,0
200290181,Anestezi,ATILIM ÜNİVERSİTESİ,2,TYT,"21, 64, 72",21881.0,Sağlık Hizmetleri Meslek Yüksekokulu,(%50 İndirimli),ANKARA,VAKIF,1,41.0,0.0,0.0,0.0,0.0,326.08857,288.32968,926643.0,41.0,31.0,35.0,10.0,7.0,10.0,10.0,24.0,26.0,7.0,3.0,0.0,3.0,943.0,702.0,49.0,38.0,197.0,163.0,594.0,459.0,42.0,0,0.0,0.0,0.0,42.0,345.01615,0.0,0.0,0.0,0.0,0.0,0.0,0.0,0.0,10.0,0.0,0.0,0.0,945400,294.88008,42,0,0,0,0,302.989013671875,845084,341.27099609375,42,0
200290182,Fizyoterapi,ATILIM ÜNİVERSİTESİ,2,TYT,"21, 64, 72",21882.0,Sağlık Hizmetleri Meslek Yüksekokulu,(Burslu),ANKARA,VAKIF,1,7.0,0.0,0.0,0.0,0.0,381.00195,339.05784,462307.0,7.0,5.0,5.0,2.0,1.0,2.0,2.0,2.0,2.0,0.0,1.0,3.0,1.0,324.0,167.0,14.0,7.0,56.0,37.0,175.0,94.0,5.0,1,0.0,1.0,0.0,5.0,385.37879,0.0,0.0,1.0,339.75245,0.0,0.0,0.0,0.0,1.0,1.0,0.0,0.0,409956,352.28687,5,0,1,0,1,341.9809875488281,466170,363.86700439453125,5,0
200290183,Fizyoterapi,ATILIM ÜNİVERSİTESİ,2,TYT,"21, 64, 72",21883.0,Sağlık Hizmetleri Meslek Yüksekokulu,(%50 İndirimli),ANKARA,VAKIF,1,33.0,0.0,0.0,0.0,0.0,318.09291,275.05899,1107194.0,33.0,25.0,26.0,8.0,11.0,4.0,5.0,24.0,21.0,2.0,4.0,1.0,4.0,650.0,350.0,30.0,16.0,121.0,57.0,397.0,196.0,37.0,0,0.0,0.0,0.0,37.0,315.66209,0.0,0.0,0.0,0.0,0.0,0.0,0.0,0.0,8.0,0.0,0.0,0.0,1225983,274.32821,37,0,0,0,0,281.23699951171875,1144408,332.718994140625,37,0
200290184,İlk ve Acil Yardım,ATILIM ÜNİVERSİTESİ,2,TYT,"21, 64, 72",21884.0,Sağlık Hizmetleri Meslek Yüksekokulu,(Burslu),ANKARA,VAKIF,1,7.0,0.0,0.0,0.0,0.0,359.81723,340.74537,391756.0,7.0,3.0,5.0,4.0,2.0,2.0,0.0,2.0,7.0,0.0,0.0,2.0,0.0,449.0,295.0,22.0,12.0,72.0,36.0,261.0,166.0,6.0,1,0.0,1.0,0.0,6.0,353.68907,0.0,0.0,1.0,297.42288,0.0,0.0,0.0,0.0,1.0,1.0,0.0,0.0,436194,348.26583,6,0,1,0,1,352.1390075683594,398842,366.89599609375,6,0
200290185,İlk ve Acil Yardım,ATILIM ÜNİVERSİTESİ,2,TYT,"21, 64, 72",21885.0,Sağlık Hizmetleri Meslek Yüksekokulu,(%50 İndirimli),ANKARA,VAKIF,1,41.0,0.0,0.0,0.0,0.0,334.58656,287.8227,937320.0,41.0,31.0,33.0,10.0,9.0,13.0,8.0,21.0,25.0,4.0,7.0,0.0,2.0,737.0,472.0,53.0,31.0,152.0,100.0,451.0,294.0,42.0,0,0.0,0.0,0.0,42.0,329.16438,0.0,0.0,0.0,0.0,0.0,0.0,0.0,0.0,7.0,0.0,0.0,0.0,1018613,289.20384,42,0,0,0,0,291.2349853515625,999869,325.6099853515625,42,0
200290186,Tıbbi Laboratuvar Teknikleri,ATILIM ÜNİVERSİTESİ,2,TYT,"21, 64, 72",21888.0,Sağlık Hizmetleri Meslek Yüksekokulu,(Burslu),ANKARA,VAKIF,1,7.0,0.0,0.0,0.0,0.0,338.49569,312.17672,676442.0,7.0,7.0,5.0,0.0,1.0,1.0,3.0,5.0,2.0,0.0,0.0,1.0,0.0,411.0,361.0,19.0,15.0,69.0,36.0,203.0,152.0,5.0,1,0.0,1.0,0.0,5.0,344.31253,0.0,0.0,1.0,314.27072,0.0,0.0,0.0,0.0,0.0,1.0,0.0,0.0,598159,327.37256,5,0,1,0,1,337.2019958496094,501744,339.8139953613281,5,0
200290187,Tıbbi Laboratuvar Teknikleri,ATILIM ÜNİVERSİTESİ,2,TYT,"21, 64, 72",21889.0,Sağlık Hizmetleri Meslek Yüksekokulu,(%50 İndirimli),ANKARA,VAKIF,1,33.0,0.0,0.0,0.0,0.0,290.82895,257.3196,1384017.0,33.0,22.0,29.0,11.0,8.0,9.0,6.0,18.0,25.0,3.0,2.0,1.0,2.0,583.0,431.0,7.0,8.0,48.0,38.0,277.0,198.0,37.0,0,0.0,0.0,0.0,37.0,300.83707,0.0,0.0,0.0,0.0,0.0,0.0,0.0,0.0,7.0,0.0,0.0,0.0,1383980,263.95975,37,0,0,0,0,278.64801025390625,1183394,324.5450134277344,37,0
200290194,Tıbbi Görüntüleme Teknikleri,ATILIM ÜNİVERSİTESİ,2,TYT,"21, 64, 72",21886.0,Sağlık Hizmetleri Meslek Yüksekokulu,(Burslu),ANKARA,VAKIF,1,6.0,0.0,0.0,0.0,0.0,347.09991,323.01552,580993.0,6.0,5.0,5.0,1.0,1.0,2.0,1.0,3.0,4.0,1.0,0.0,0.0,1.0,1103.0,393.0,114.0,9.0,253.0,49.0,621.0,181.0,5.0,1,0.0,1.0,0.0,5.0,352.78604,0.0,0.0,1.0,313.94617,0.0,0.0,0.0,0.0,1.0,1.0,0.0,0.0,503207,338.94301,5,0,1,0,1,345.0039978027344,445039,369.9599914550781,5,0
200290201,Tıbbi Görüntüleme Teknikleri,ATILIM ÜNİVERSİTESİ,2,TYT,"21, 64, 72",21887.0,Sağlık Hizmetleri Meslek Yüksekokulu,(%50 İndirimli),ANKARA,VAKIF,1,34.0,0.0,0.0,0.0,0.0,311.67529,271.60046,1159646.0,34.0,21.0,25.0,13.0,12.0,7.0,11.0,22.0,22.0,1.0,3.0,3.0,1.0,705.0,464.0,14.0,16.0,99.0,72.0,397.0,265.0,37.0,0,0.0,0.0,0.0,37.0,316.92945,0.0,0.0,0.0,0.0,0.0,0.0,0.0,0.0,5.0,0.0,0.0,0.0,1161646,278.78727,37,0,0,0,0,291.5469970703125,995482,334.6130065917969,37,0
200290215,Hukuk,ATILIM ÜNİVERSİTESİ,4,EŞİT AĞIRLIK,"21, 64, 72, 162",8584.0,Hukuk Fakültesi,(%50 İndirimli),ANKARA,VAKIF,0,170.0,0.0,0.0,0.0,0.0,427.78204,375.78582,106896.0,170.0,106.0,103.0,64.0,67.0,64.0,56.0,84.0,100.0,12.0,7.0,8.0,6.0,878.0,868.0,29.0,49.0,143.0,182.0,515.0,574.0,170.0,0,0.0,0.0,0.0,170.0,421.81131,0.0,0.0,0.0,0.0,0.0,0.0,0.0,0.0,2.0,0.0,0.0,0.0,102925,370.7144,170,0,0,0,0,352.4280090332031,119727,408.968994140625,170,0
200290222,Beslenme ve Diyetetik,ATILIM ÜNİVERSİTESİ,4,SAYISAL,"21, 22, 23, 24, 64, 72",8641.0,Sağlık Bilimleri Fakültesi,(İngilizce) (%50 İndirimli),ANKARA,VAKIF,0,25.0,0.0,0.0,0.0,0.0,354.3751,281.47946,357973.0,25.0,24.0,24.0,1.0,1.0,16.0,7.0,8.0,17.0,1.0,0.0,0.0,0.0,505.0,289.0,29.0,11.0,95.0,58.0,326.0,183.0,25.0,0,0.0,0.0,0.0,25.0,316.89883,0.0,0.0,0.0,0.0,0.0,0.0,0.0,0.0,2.0,0.0,0.0,0.0,427990,277.48961,25,0,0,0,0,254.93699645996094,490552,338.25201416015625,25,0
200290229,Fizyoterapi ve Rehabilitasyon,ATILIM ÜNİVERSİTESİ,4,SAYISAL,"21, 22, 23, 24, 64, 72",8645.0,Sağlık Bilimleri Fakültesi,(İngilizce) (%50 İndirimli),ANKARA,VAKIF,0,20.0,0.0,0.0,0.0,0.0,321.05532,267.72926,418446.0,20.0,12.0,13.0,8.0,7.0,9.0,11.0,11.0,9.0,0.0,0.0,0.0,0.0,318.0,224.0,3.0,7.0,43.0,40.0,180.0,131.0,20.0,0,0.0,0.0,0.0,20.0,345.34146,0.0,0.0,0.0,0.0,0.0,0.0,0.0,0.0,3.0,0.0,0.0,0.0,453432,272.83807,20,0,0,0,0,245.0590057373047,576507,267.9219970703125,20,0
200290236,Hemşirelik,ATILIM ÜNİVERSİTESİ,4,SAYISAL,"21, 22, 23, 24, 64, 72",8647.0,Sağlık Bilimleri Fakültesi,(İngilizce) (%50 İndirimli),ANKARA,VAKIF,0,25.0,0.0,0.0,0.0,0.0,335.46579,281.74572,356927.0,25.0,21.0,21.0,4.0,4.0,7.0,4.0,17.0,19.0,0.0,0.0,0.0,0.0,477.0,242.0,47.0,11.0,129.0,47.0,315.0,165.0,25.0,0,0.0,0.0,0.0,25.0,321.5868,0.0,0.0,0.0,0.0,0.0,0.0,0.0,0.0,3.0,0.0,0.0,0.0,387468,285.72125,25,0,0,0,0,263.1619873046875,433016,280.0820007324219,25,0
200290250,Uçak Elektrik ve Elektroniği,ATILIM ÜNİVERSİTESİ,4,SAYISAL,"1, 10, 21, 22, 23, 24, 64, 72",8656.0,Sivil Havacılık Yüksekokulu,(İngilizce) (%25 İndirimli),ANKARA,VAKIF,0,25.0,0.0,0.0,0.0,0.0,388.19744,287.63826,334936.0,25.0,1.0,9.0,24.0,16.0,6.0,10.0,18.0,14.0,1.0,0.0,0.0,0.0,342.0,229.0,67.0,38.0,175.0,109.0,282.0,178.0,25.0,0,0.0,0.0,0.0,25.0,346.2072,0.0,0.0,0.0,0.0,0.0,0.0,0.0,0.0,3.0,0.0,0.0,0.0,350028,294.32245,25,0,0,0,0,239.69400024414062,631729,296.33599853515625,25,0
200290257,Uçak Gövde ve Motor Bakımı,ATILIM ÜNİVERSİTESİ,4,SAYISAL,"1, 10, 21, 22, 23, 24, 64, 72",8660.0,Sivil Havacılık Yüksekokulu,(İngilizce) (%25 İndirimli),ANKARA,VAKIF,0,,,,,,,,,,,1.0,,23.0,,7.0,,17.0,,0.0,,0.0,,256.0,,60.0,,126.0,,208.0,24.0,0,0.0,0.0,0.0,24.0,398.62593,0.0,0.0,0.0,0.0,0.0,0.0,0.0,0.0,1.0,0.0,0.0,0.0,340175,296.75063,25,0,0,0,0,245.24000549316406,574740,350.468994140625,25,0
200290264,İngilizce Mütercim ve Tercümanlık,ATILIM ÜNİVERSİTESİ,4,DİL,"21, 22, 23, 24, 64, 72, 160",8565.0,Fen-Edebiyat Fakültesi,(%25 İndirimli),ANKARA,VAKIF,0,0.0,0.0,0.0,0.0,0.0,0.0,0.0,0.0,0.0,0.0,28.0,0.0,14.0,0.0,17.0,0.0,18.0,0.0,4.0,0.0,1.0,0.0,153.0,0.0,15.0,0.0,45.0,0.0,106.0,42.0,0,0.0,0.0,0.0,42.0,392.29495,0.0,0.0,0.0,0.0,0.0,0.0,0.0,0.0,10.0,0.0,0.0,0.0,112241,236.72006,42,0,0,0,0,188.9669952392578,145460,345.12200927734375,41,0
200290271,E-Ticaret ve Pazarlama,ATILIM ÜNİVERSİTESİ,2,TYT,"21, 64, 72",21873.0,Atılım Meslek Yüksekokulu,(Burslu),ANKARA,VAKIF,1,,,,,,,,,,,,,,,,,,,,,,,,,,,,,,,,,,,,,,,,,,,,,,,,,0,0.0,5,0,1,0,1,329.8420104980469,562036,342.5249938964844,5,0
200290278,E-Ticaret ve Pazarlama,ATILIM ÜNİVERSİTESİ,2,TYT,"21, 64, 72",21874.0,Atılım Meslek Yüksekokulu,(%50 İndirimli),ANKARA,VAKIF,1,,,,,,,,,,,,,,,,,,,,,,,,,,,,,,,,,,,,,,,,,,,,,,,,,0,0.0,34,0,0,0,0,202.09500122070312,2507699,272.04400634765625,34,0
200290285,Mahkeme Büro Hizmetleri,ATILIM ÜNİVERSİTESİ,2,TYT,"21, 64, 72",21875.0,Atılım Meslek Yüksekokulu,(Burslu),ANKARA,VAKIF,1,,,,,,,,,,,,,,,,,,,,,,,,,,,,,,,,,,,,,,,,,,,,,,,,,0,0.0,5,0,1,0,1,329.4540100097656,565329,338.968994140625,5,0
200290292,Mahkeme Büro Hizmetleri,ATILIM ÜNİVERSİTESİ,2,TYT,"21, 64, 72",21876.0,Atılım Meslek Yüksekokulu,(%50 İndirimli),ANKARA,VAKIF,1,,,,,,,,,,,,,,,,,,,,,,,,,,,,,,,,,,,,,,,,,,,,,,,,,0,0.0,34,0,0,0,0,202.35000610351562,2503765,290.93499755859375,34,0
200610012,Diş Hekimliği,BAŞKENT ÜNİVERSİTESİ,5,SAYISAL,"64, 75, 147",8878.0,Diş Hekimliği Fakültesi,(Ücretli),ANKARA,VAKIF,0,40.0,0.0,0.0,0.0,0.0,472.8614,454.21511,52887.0,40.0,23.0,27.0,17.0,13.0,14.0,15.0,25.0,25.0,1.0,0.0,0.0,0.0,402.0,230.0,17.0,12.0,55.0,36.0,221.0,119.0,40.0,0,0.0,0.0,0.0,40.0,471.40062,0.0,0.0,0.0,0.0,0.0,0.0,0.0,0.0,1.0,0.0,0.0,0.0,59150,448.99162,40,0,0,0,0,415.7179870605469,66918,440.322998046875,40,0
200610057,İlköğretim Matematik Öğretmenliği,BAŞKENT ÜNİVERSİTESİ,4,SAYISAL,"1, 64, 75, 150",8891.0,Eğitim Fakültesi,(Ücretli),ANKARA,VAKIF,0,2.0,0.0,0.0,0.0,0.0,349.97316,347.13345,181102.0,2.0,2.0,2.0,0.0,0.0,1.0,0.0,1.0,2.0,0.0,0.0,0.0,0.0,23.0,8.0,1.0,2.0,5.0,3.0,16.0,5.0,2.0,0,0.0,0.0,0.0,2.0,353.328,0.0,0.0,0.0,0.0,0.0,0.0,0.0,0.0,2.0,0.0,0.0,0.0,287598,311.37255,2,0,0,0,0,0.0,0,0.0,0,0
200610066,İlköğretim Matematik Öğretmenliği,BAŞKENT ÜNİVERSİTESİ,4,SAYISAL,"1, 21, 64, 75, 150",8893.0,Eğitim Fakültesi,(%50 İndirimli),ANKARA,VAKIF,0,23.0,0.0,0.0,0.0,0.0,428.39601,376.72909,134712.0,23.0,21.0,17.0,2.0,4.0,6.0,7.0,17.0,11.0,0.0,2.0,0.0,0.0,93.0,50.0,5.0,8.0,18.0,13.0,57.0,30.0,23.0,0,0.0,0.0,0.0,21.0,406.24041,0.0,0.0,0.0,0.0,0.0,0.0,0.0,0.0,5.0,0.0,0.0,0.0,0,0.0,23,0,0,0,0,296.6789855957031,276353,333.3890075683594,3,0
200610075,İngilizce Öğretmenliği,BAŞKENT ÜNİVERSİTESİ,4,DİL,"1, 22, 24, 64, 75, 150, 160",8894.0,Eğitim Fakültesi,(Ücretli),ANKARA,VAKIF,0,6.0,0.0,0.0,0.0,0.0,370.5621,349.19328,42591.0,6.0,5.0,4.0,1.0,2.0,4.0,0.0,1.0,1.0,1.0,4.0,0.0,1.0,69.0,45.0,5.0,1.0,15.0,8.0,49.0,26.0,6.0,0,0.0,0.0,0.0,6.0,350.27339,0.0,0.0,0.0,0.0,0.0,0.0,0.0,0.0,2.0,0.0,0.0,0.0,120672,224.31322,7,0,0,0,0,258.5360107421875,98056,342.1659851074219,7,0
200610084,İngilizce Öğretmenliği,BAŞKENT ÜNİVERSİTESİ,4,DİL,"1, 21, 22, 24, 64, 75, 150, 160",8896.0,Eğitim Fakültesi,(%50 İndirimli),ANKARA,VAKIF,0,41.0,0.0,0.0,0.0,0.0,439.49339,372.63047,33713.0,41.0,28.0,31.0,13.0,10.0,18.0,18.0,17.0,17.0,4.0,5.0,1.0,0.0,285.0,220.0,21.0,21.0,94.0,66.0,198.0,164.0,41.0,0,0.0,0.0,0.0,41.0,429.52713,0.0,0.0,0.0,0.0,0.0,0.0,0.0,0.0,5.0,0.0,0.0,0.0,48353,353.87803,35,0,0,0,0,351.40301513671875,46340,451.73199462890625,35,0
200610118,Okul Öncesi Öğretmenliği,BAŞKENT ÜNİVERSİTESİ,4,SÖZEL,"1, 64, 75, 150",8897.0,Eğitim Fakültesi,(Ücretli),ANKARA,VAKIF,0,10.0,0.0,0.0,0.0,0.0,347.96647,324.1063,210254.0,10.0,10.0,4.0,0.0,0.0,3.0,1.0,4.0,3.0,2.0,0.0,0.0,0.0,48.0,24.0,3.0,1.0,18.0,8.0,31.0,18.0,10.0,0,0.0,0.0,0.0,4.0,332.67501,0.0,0.0,0.0,0.0,0.0,0.0,0.0,0.0,7.0,0.0,0.0,0.0,0,0.0,8,0,0,0,0,0.0,0,0.0,0,0
200610127,Okul Öncesi Öğretmenliği,BAŞKENT ÜNİVERSİTESİ,4,SÖZEL,"1, 21, 64, 75, 150",8899.0,Eğitim Fakültesi,(%50 İndirimli),ANKARA,VAKIF,0,32.0,0.0,0.0,0.0,0.0,395.84432,370.39846,62208.0,32.0,29.0,30.0,3.0,2.0,9.0,11.0,18.0,17.0,2.0,3.0,3.0,0.0,211.0,89.0,30.0,15.0,64.0,28.0,142.0,61.0,32.0,0,0.0,0.0,0.0,32.0,395.16422,0.0,0.0,0.0,0.0,0.0,0.0,0.0,0.0,2.0,0.0,0.0,0.0,147788,338.61451,34,0,0,0,0,322.0830078125,258986,401.6300048828125,34,0
200610136,Sınıf Öğretmenliği,BAŞKENT ÜNİVERSİTESİ,4,EŞİT AĞIRLIK,"1, 64, 75, 150",8903.0,Eğitim Fakültesi,(Ücretli),ANKARA,VAKIF,0,2.0,0.0,0.0,0.0,0.0,331.32132,324.40329,274415.0,2.0,2.0,2.0,0.0,0.0,0.0,1.0,2.0,1.0,0.0,0.0,0.0,0.0,12.0,23.0,0.0,1.0,1.0,6.0,5.0,18.0,2.0,0,0.0,0.0,0.0,2.0,330.75987,0.0,0.0,0.0,0.0,0.0,0.0,0.0,0.0,1.0,0.0,0.0,0.0,242331,329.46263,6,0,0,0,0,0.0,0,0.0,0,0
200610145,Sınıf Öğretmenliği,BAŞKENT ÜNİVERSİTESİ,4,EŞİT AĞIRLIK,"1, 21, 64, 75, 150",8905.0,Eğitim Fakültesi,(%50 İndirimli),ANKARA,VAKIF,0,41.0,0.0,0.0,0.0,0.0,379.32884,339.51714,211928.0,41.0,34.0,35.0,7.0,5.0,16.0,6.0,25.0,32.0,0.0,1.0,0.0,1.0,173.0,140.0,12.0,12.0,27.0,34.0,90.0,87.0,40.0,0,0.0,0.0,0.0,40.0,376.92904,0.0,0.0,0.0,0.0,0.0,0.0,0.0,0.0,5.0,0.0,0.0,0.0,231105,331.92788,36,0,0,0,0,310.2430114746094,286363,360.75,36,0
200610172,Türkçe Öğretmenliği,BAŞKENT ÜNİVERSİTESİ,4,SÖZEL,"1, 64, 75, 150",8906.0,Eğitim Fakültesi,(Ücretli),ANKARA,VAKIF,0,2.0,0.0,0.0,0.0,0.0,329.54147,322.27888,219190.0,2.0,2.0,0.0,0.0,2.0,0.0,0.0,1.0,1.0,0.0,1.0,0.0,0.0,18.0,9.0,1.0,1.0,5.0,3.0,10.0,8.0,2.0,0,0.0,0.0,0.0,2.0,405.10511,0.0,0.0,0.0,0.0,0.0,0.0,0.0,0.0,3.0,0.0,0.0,0.0,275211,311.52619,1,0,0,0,0,0.0,0,0.0,0,0
200610181,Türkçe Öğretmenliği,BAŞKENT ÜNİVERSİTESİ,4,SÖZEL,"1, 21, 64, 75, 150",8908.0,Eğitim Fakültesi,(%50 İndirimli),ANKARA,VAKIF,0,45.0,0.0,0.0,0.0,0.0,392.62425,332.32899,173071.0,45.0,32.0,24.0,13.0,9.0,15.0,7.0,26.0,16.0,2.0,5.0,1.0,3.0,150.0,89.0,10.0,12.0,42.0,28.0,97.0,65.0,45.0,0,0.0,0.0,0.0,33.0,379.2872,0.0,0.0,0.0,0.0,0.0,0.0,0.0,0.0,20.0,0.0,0.0,0.0,0,0.0,33,0,0,0,0,320.7550048828125,265960,367.18499755859375,11,0
200610199,Amerikan Kültürü ve Edebiyatı,BAŞKENT ÜNİVERSİTESİ,4,DİL,"22, 23, 24, 64, 75, 160",8910.0,Fen-Edebiyat Fakültesi,(İngilizce) (Ücretli),ANKARA,VAKIF,0,2.0,0.0,0.0,0.0,0.0,281.01676,276.24611,72904.0,2.0,0.0,2.0,2.0,0.0,0.0,1.0,2.0,1.0,0.0,0.0,0.0,0.0,34.0,51.0,1.0,1.0,4.0,7.0,16.0,28.0,2.0,0,0.0,0.0,0.0,2.0,299.02196,0.0,0.0,0.0,0.0,0.0,0.0,0.0,0.0,2.0,0.0,0.0,0.0,83763,282.7525,4,0,0,0,0,207.17999267578125,134899,242.18499755859375,3,0
200610206,Amerikan Kültürü ve Edebiyatı,BAŞKENT ÜNİVERSİTESİ,4,DİL,"21, 22, 23, 24, 64, 75, 160",8914.0,Fen-Edebiyat Fakültesi,(İngilizce) (%50 İndirimli),ANKARA,VAKIF,0,32.0,0.0,0.0,0.0,0.0,409.73346,280.8377,70813.0,32.0,21.0,19.0,11.0,13.0,14.0,16.0,13.0,12.0,4.0,2.0,0.0,1.0,220.0,226.0,13.0,14.0,39.0,51.0,136.0,157.0,32.0,0,0.0,0.0,0.0,32.0,405.1919,0.0,0.0,0.0,0.0,0.0,0.0,0.0,0.0,1.0,0.0,0.0,0.0,80596,288.68324,34,0,0,0,0,263.1830139160156,95034,394.0889892578125,34,0
200610233,Türk Dili ve Edebiyatı,BAŞKENT ÜNİVERSİTESİ,4,SÖZEL,"64, 75",8934.0,Fen-Edebiyat Fakültesi,(Ücretli),ANKARA,VAKIF,0,1.0,0.0,0.0,0.0,0.0,256.84739,256.84739,742709.0,1.0,0.0,0.0,1.0,1.0,1.0,0.0,0.0,0.0,0.0,0.0,0.0,1.0,32.0,22.0,1.0,1.0,2.0,2.0,14.0,7.0,1.0,0,0.0,0.0,0.0,1.0,314.45733,0.0,0.0,0.0,0.0,0.0,0.0,0.0,0.0,1.0,0.0,0.0,0.0,258643,314.45733,1,0,0,0,0,245.6649932861328,906375,245.6649932861328,1,0
200610242,Türk Dili ve Edebiyatı,BAŞKENT ÜNİVERSİTESİ,4,SÖZEL,"21, 64, 75",8936.0,Fen-Edebiyat Fakültesi,(%50 İndirimli),ANKARA,VAKIF,0,29.0,0.0,0.0,0.0,0.0,372.59677,261.36908,694258.0,29.0,20.0,15.0,9.0,8.0,11.0,6.0,15.0,14.0,0.0,0.0,1.0,1.0,123.0,78.0,11.0,5.0,22.0,19.0,69.0,51.0,29.0,0,0.0,0.0,0.0,23.0,306.87247,0.0,0.0,0.0,0.0,0.0,0.0,0.0,0.0,11.0,0.0,0.0,0.0,0,0.0,24,0,0,0,0,174.23800659179688,1413310,314.6700134277344,24,0
200610278,Hukuk,BAŞKENT ÜNİVERSİTESİ,4,EŞİT AĞIRLIK,"22, 24, 34, 64, 75, 162",8961.0,Hukuk Fakültesi,(Ücretli),ANKARA,VAKIF,0,53.0,0.0,0.0,0.0,0.0,402.44039,376.22578,105855.0,53.0,35.0,25.0,18.0,18.0,21.0,22.0,31.0,20.0,0.0,1.0,1.0,0.0,400.0,257.0,10.0,6.0,54.0,36.0,211.0,183.0,49.0,0,0.0,0.0,0.0,43.0,391.57494,0.0,0.0,0.0,0.0,0.0,0.0,0.0,0.0,8.0,0.0,0.0,0.0,0,0.0,46,0,0,0,0,350.67999267578125,124365,363.54998779296875,14,0
200610296,İktisat,BAŞKENT ÜNİVERSİTESİ,4,EŞİT AĞIRLIK,"64, 75",8967.0,İktisadi ve İdari Bilimler Fakültesi,(Ücretli),ANKARA,VAKIF,0,1.0,0.0,0.0,0.0,0.0,264.45447,264.45447,712115.0,1.0,0.0,0.0,1.0,2.0,1.0,1.0,0.0,1.0,0.0,0.0,0.0,0.0,147.0,104.0,3.0,0.0,11.0,8.0,51.0,46.0,2.0,0,0.0,0.0,0.0,2.0,255.41239,0.0,0.0,0.0,0.0,0.0,0.0,0.0,0.0,1.0,0.0,0.0,0.0,879838,250.48683,4,0,0,0,0,237.9720001220703,991787,245.24899291992188,4,0
200610303,İktisat,BAŞKENT ÜNİVERSİTESİ,4,EŞİT AĞIRLIK,"21, 64, 75",8969.0,İktisadi ve İdari Bilimler Fakültesi,(%50 İndirimli),ANKARA,VAKIF,0,24.0,0.0,0.0,0.0,0.0,334.53593,264.92173,707133.0,24.0,9.0,7.0,15.0,21.0,7.0,13.0,14.0,12.0,2.0,2.0,1.0,0.0,411.0,334.0,8.0,12.0,42.0,54.0,201.0,186.0,28.0,0,0.0,0.0,0.0,28.0,298.31352,0.0,0.0,0.0,0.0,0.0,0.0,0.0,0.0,3.0,0.0,0.0,0.0,868188,251.46484,30,0,0,0,0,243.45599365234375,916975,278.7460021972656,30,0
200610312,İşletme,BAŞKENT ÜNİVERSİTESİ,4,EŞİT AĞIRLIK,"64, 75",8973.0,İktisadi ve İdari Bilimler Fakültesi,(Ücretli),ANKARA,VAKIF,0,1.0,0.0,0.0,0.0,0.0,276.52345,276.52345,593250.0,1.0,1.0,0.0,0.0,2.0,1.0,0.0,0.0,1.0,0.0,0.0,0.0,0.0,331.0,224.0,2.0,5.0,32.0,27.0,148.0,128.0,2.0,0,0.0,0.0,0.0,2.0,266.86881,0.0,0.0,0.0,0.0,0.0,0.0,0.0,0.0,1.0,0.0,0.0,0.0,765227,260.53259,10,0,0,0,0,253.0850067138672,792853,263.34698486328125,10,0
200610321,İşletme,BAŞKENT ÜNİVERSİTESİ,4,EŞİT AĞIRLIK,"21, 64, 75",8975.0,İktisadi ve İdari Bilimler Fakültesi,(%50 İndirimli),ANKARA,VAKIF,0,46.0,0.0,0.0,0.0,0.0,336.1524,278.3823,576545.0,46.0,10.0,11.0,36.0,42.0,26.0,28.0,17.0,21.0,2.0,3.0,0.0,0.0,893.0,557.0,67.0,50.0,208.0,124.0,535.0,383.0,53.0,0,0.0,0.0,0.0,53.0,339.09974,0.0,0.0,0.0,0.0,0.0,0.0,0.0,0.0,1.0,0.0,0.0,0.0,779892,259.2052,49,0,0,0,0,263.7799987792969,667323,312.73699951171875,49,0
200610339,Siyaset Bilimi ve Uluslararası İlişkiler,BAŞKENT ÜNİVERSİTESİ,4,EŞİT AĞIRLIK,"22, 24, 34, 64, 75",8979.0,İktisadi ve İdari Bilimler Fakültesi,(Ücretli),ANKARA,VAKIF,0,1.0,0.0,0.0,0.0,0.0,269.14931,269.14931,663585.0,1.0,0.0,1.0,1.0,3.0,1.0,1.0,0.0,2.0,0.0,1.0,0.0,0.0,178.0,82.0,3.0,2.0,14.0,5.0,76.0,37.0,4.0,0,0.0,0.0,0.0,4.0,242.96576,0.0,0.0,0.0,0.0,0.0,0.0,0.0,0.0,3.0,0.0,0.0,0.0,1215638,224.94081,4,0,0,0,0,236.13499450683594,1017345,297.864013671875,4,0
200610348,Siyaset Bilimi ve Uluslararası İlişkiler,BAŞKENT ÜNİVERSİTESİ,4,EŞİT AĞIRLIK,"21, 22, 24, 34, 64, 75",8981.0,İktisadi ve İdari Bilimler Fakültesi,(%50 İndirimli),ANKARA,VAKIF,0,41.0,0.0,0.0,0.0,0.0,316.14478,269.34522,661607.0,41.0,19.0,16.0,22.0,31.0,21.0,27.0,14.0,17.0,4.0,2.0,1.0,1.0,549.0,328.0,16.0,14.0,85.0,54.0,302.0,203.0,47.0,0,0.0,0.0,0.0,47.0,326.91341,0.0,0.0,0.0,0.0,0.0,0.0,0.0,0.0,3.0,0.0,0.0,0.0,938071,245.72147,47,0,0,0,0,240.48599243164062,957108,326.0190124511719,47,0
200610454,Bilgisayar Mühendisliği,BAŞKENT ÜNİVERSİTESİ,4,SAYISAL,"22, 24, 34, 64, 75, 144",9001.0,Mühendislik Fakültesi,(Ücretli),ANKARA,VAKIF,0,14.0,0.0,0.0,0.0,0.0,399.24544,389.56057,118268.0,14.0,6.0,7.0,8.0,7.0,7.0,8.0,6.0,5.0,0.0,1.0,0.0,0.0,307.0,224.0,4.0,4.0,32.0,34.0,171.0,138.0,14.0,0,0.0,0.0,0.0,14.0,394.57835,0.0,0.0,0.0,0.0,0.0,0.0,0.0,0.0,2.0,0.0,0.0,0.0,163547,363.57675,25,0,0,0,0,291.0360107421875,296559,320.4129943847656,5,0
200610481,Biyomedikal Mühendisliği,BAŞKENT ÜNİVERSİTESİ,4,SAYISAL,"21, 22, 24, 34, 64, 75, 144",9008.0,Mühendislik Fakültesi,(%50 İndirimli),ANKARA,VAKIF,0,21.0,0.0,0.0,0.0,0.0,348.42106,316.65325,246889.0,21.0,10.0,5.0,11.0,3.0,12.0,2.0,9.0,5.0,0.0,0.0,0.0,0.0,87.0,107.0,2.0,0.0,12.0,8.0,48.0,53.0,25.0,0,0.0,0.0,0.0,8.0,339.81869,0.0,0.0,0.0,0.0,0.0,0.0,0.0,0.0,18.0,0.0,0.0,0.0,0,0.0,21,0,0,0,0,0.0,0,0.0,0,0
200610499,Elektrik-Elektronik Mühendisliği,BAŞKENT ÜNİVERSİTESİ,4,SAYISAL,"22, 24, 34, 64, 75, 144",9011.0,Mühendislik Fakültesi,(Ücretli),ANKARA,VAKIF,0,5.0,0.0,0.0,0.0,0.0,337.02077,334.03521,206763.0,5.0,4.0,1.0,1.0,4.0,3.0,5.0,2.0,0.0,0.0,0.0,0.0,0.0,162.0,164.0,1.0,1.0,12.0,11.0,60.0,77.0,5.0,0,0.0,0.0,0.0,5.0,343.24298,0.0,0.0,0.0,0.0,0.0,0.0,0.0,0.0,2.0,0.0,0.0,0.0,256370,321.66684,10,0,0,0,0,0.0,0,0.0,0,0
200610515,Endüstri Mühendisliği,BAŞKENT ÜNİVERSİTESİ,4,SAYISAL,"22, 24, 34, 64, 75, 144",9019.0,Mühendislik Fakültesi,(Ücretli),ANKARA,VAKIF,0,2.0,0.0,0.0,0.0,0.0,372.99808,370.90353,142829.0,2.0,2.0,0.0,0.0,2.0,2.0,2.0,0.0,0.0,0.0,0.0,0.0,0.0,98.0,112.0,1.0,3.0,6.0,9.0,38.0,59.0,2.0,0,0.0,0.0,0.0,2.0,377.68293,0.0,0.0,0.0,0.0,0.0,0.0,0.0,0.0,1.0,0.0,0.0,0.0,143209,376.16889,10,0,0,0,0,291.8349914550781,293499,320.4339904785156,4,0
200610524,Endüstri Mühendisliği,BAŞKENT ÜNİVERSİTESİ,4,SAYISAL,"21, 22, 24, 34, 64, 75, 144",9021.0,Mühendislik Fakültesi,(%50 İndirimli),ANKARA,VAKIF,0,62.0,0.0,0.0,0.0,0.0,448.83225,373.87033,138776.0,62.0,40.0,43.0,22.0,19.0,27.0,29.0,35.0,33.0,0.0,0.0,0.0,0.0,436.0,451.0,4.0,17.0,35.0,83.0,221.0,298.0,62.0,0,0.0,0.0,0.0,62.0,412.99686,0.0,0.0,0.0,0.0,0.0,0.0,0.0,0.0,0.0,0.0,0.0,0.0,139285,378.79206,58,0,0,0,0,328.6659851074219,188618,404.37200927734375,58,0
200610533,Makine Mühendisliği,BAŞKENT ÜNİVERSİTESİ,4,SAYISAL,"22, 24, 34, 64, 75, 144",9028.0,Mühendislik Fakültesi,(Ücretli),ANKARA,VAKIF,0,2.0,0.0,0.0,0.0,0.0,347.40816,342.29193,190063.0,2.0,0.0,0.0,2.0,2.0,1.0,2.0,1.0,0.0,0.0,0.0,0.0,0.0,63.0,86.0,1.0,1.0,2.0,8.0,21.0,40.0,2.0,0,0.0,0.0,0.0,2.0,347.53268,0.0,0.0,0.0,0.0,0.0,0.0,0.0,0.0,1.0,0.0,0.0,0.0,196327,346.31928,8,0,0,0,0,0.0,0,0.0,0,0
200610542,Makine Mühendisliği,BAŞKENT ÜNİVERSİTESİ,4,SAYISAL,"21, 22, 24, 34, 64, 75, 144",9030.0,Mühendislik Fakültesi,(%50 İndirimli),ANKARA,VAKIF,0,45.0,0.0,0.0,0.0,0.0,420.94595,343.45541,187953.0,45.0,1.0,13.0,44.0,36.0,22.0,21.0,22.0,28.0,1.0,0.0,0.0,0.0,246.0,361.0,6.0,15.0,21.0,56.0,112.0,217.0,49.0,0,0.0,0.0,0.0,49.0,445.64998,0.0,0.0,0.0,0.0,0.0,0.0,0.0,0.0,0.0,0.0,0.0,0.0,187510,350.61372,47,0,0,0,0,292.7040100097656,290387,412.66900634765625,47,0
200610551,Beslenme ve Diyetetik,BAŞKENT ÜNİVERSİTESİ,4,SAYISAL,"64, 75",9035.0,Sağlık Bilimleri Fakültesi,(Ücretli),ANKARA,VAKIF,0,28.0,0.0,0.0,0.0,0.0,305.69366,270.20769,406618.0,28.0,26.0,25.0,2.0,5.0,12.0,13.0,14.0,12.0,0.0,3.0,1.0,1.0,350.0,170.0,17.0,12.0,79.0,43.0,211.0,119.0,30.0,0,0.0,0.0,0.0,30.0,273.55652,0.0,0.0,0.0,0.0,0.0,0.0,0.0,0.0,4.0,0.0,0.0,0.0,758780,234.63088,18,0,0,0,0,241.125,616441,263.8949890136719,18,0
200610596,Hemşirelik,BAŞKENT ÜNİVERSİTESİ,4,SAYISAL,"21, 64, 75",9044.0,Sağlık Bilimleri Fakültesi,(Burslu),ANKARA,VAKIF,0,12.0,0.0,0.0,0.0,0.0,418.82312,390.27849,117421.0,12.0,10.0,13.0,2.0,2.0,4.0,2.0,8.0,12.0,0.0,0.0,0.0,0.0,551.0,459.0,46.0,18.0,125.0,62.0,361.0,302.0,12.0,1,0.0,2.0,0.0,12.0,408.39356,0.0,0.0,1.0,389.0073,0.0,0.0,2.0,277.0,0.0,0.0,0.0,0.0,116811,395.16542,12,0,2,0,1,380.7510070800781,104391,390.72198486328125,12,0
200610621,Sosyal Hizmet,BAŞKENT ÜNİVERSİTESİ,4,EŞİT AĞIRLIK,"64, 75",9054.0,Sağlık Bilimleri Fakültesi,(Ücretli),ANKARA,VAKIF,0,1.0,0.0,0.0,0.0,0.0,242.00373,242.00373,979709.0,1.0,0.0,2.0,1.0,0.0,0.0,0.0,0.0,2.0,0.0,0.0,0.0,0.0,35.0,21.0,1.0,1.0,4.0,2.0,14.0,14.0,2.0,0,0.0,0.0,0.0,2.0,275.24272,0.0,0.0,0.0,0.0,0.0,0.0,0.0,0.0,2.0,0.0,0.0,0.0,1200562,226.01624,2,0,0,0,0,196.98500061035156,1544299,196.98500061035156,1,0
200610639,Sosyal Hizmet,BAŞKENT ÜNİVERSİTESİ,4,EŞİT AĞIRLIK,"21, 64, 75",9056.0,Sağlık Bilimleri Fakültesi,(%50 İndirimli),ANKARA,VAKIF,0,33.0,0.0,0.0,0.0,0.0,306.37366,242.53722,972507.0,33.0,31.0,23.0,2.0,10.0,4.0,8.0,24.0,20.0,1.0,2.0,3.0,3.0,138.0,99.0,6.0,6.0,16.0,23.0,73.0,67.0,36.0,0,0.0,0.0,0.0,33.0,285.88825,0.0,0.0,0.0,0.0,0.0,0.0,0.0,0.0,9.0,0.0,0.0,0.0,0,0.0,36,0,0,0,0,179.16099548339844,1675914,302.81500244140625,26,0
200610648,Hemşirelik,BAŞKENT ÜNİVERSİTESİ,4,SAYISAL,"64, 75",9043.0,Sağlık Bilimleri Fakültesi,(Ücretli),ANKARA,VAKIF,0,2.0,0.0,0.0,0.0,0.0,297.35976,288.38686,332289.0,2.0,2.0,8.0,0.0,1.0,0.0,3.0,2.0,5.0,0.0,0.0,0.0,0.0,215.0,133.0,6.0,2.0,41.0,20.0,126.0,80.0,9.0,0,0.0,0.0,0.0,9.0,297.45905,0.0,0.0,0.0,0.0,0.0,0.0,0.0,0.0,1.0,0.0,0.0,0.0,414644,280.06574,14,0,0,0,0,237.625,654581,265.87701416015625,14,0
200610657,Tıp,BAŞKENT ÜNİVERSİTESİ,6,SAYISAL,"64, 75, 155",9058.0,Tıp Fakültesi,(Ücretli),ANKARA,VAKIF,0,55.0,0.0,0.0,0.0,0.0,508.26684,483.71312,28912.0,55.0,32.0,38.0,23.0,17.0,31.0,35.0,21.0,20.0,3.0,0.0,0.0,0.0,370.0,281.0,31.0,17.0,80.0,64.0,232.0,178.0,55.0,0,0.0,0.0,0.0,55.0,507.74877,0.0,0.0,0.0,0.0,0.0,0.0,0.0,0.0,1.0,0.0,0.0,0.0,31319,481.62674,55,0,0,0,0,449.17498779296875,39204,492.822998046875,55,0
200610666,Tıp,BAŞKENT ÜNİVERSİTESİ,6,SAYISAL,"21, 64, 75, 155",9060.0,Tıp Fakültesi,(%50 İndirimli),ANKARA,VAKIF,0,15.0,0.0,0.0,0.0,0.0,519.42664,508.67426,12257.0,15.0,12.0,9.0,3.0,6.0,8.0,14.0,7.0,1.0,0.0,0.0,0.0,0.0,199.0,264.0,19.0,20.0,50.0,61.0,141.0,183.0,15.0,0,0.0,0.0,0.0,15.0,521.24411,0.0,0.0,0.0,0.0,0.0,0.0,0.0,0.0,0.0,0.0,0.0,0.0,13135,509.30658,15,0,0,0,0,498.96099853515625,10919,507.989990234375,15,0
200610709,Muhasebe ve Finans Yönetimi,BAŞKENT ÜNİVERSİTESİ,4,EŞİT AĞIRLIK,"21, 64, 75",9066.0,Ticari Bilimler Fakültesi,(%50 İndirimli),ANKARA,VAKIF,0,18.0,0.0,0.0,0.0,0.0,303.14253,247.74503,905621.0,18.0,6.0,6.0,12.0,17.0,10.0,9.0,4.0,13.0,4.0,0.0,0.0,1.0,179.0,302.0,7.0,7.0,27.0,56.0,84.0,177.0,23.0,0,0.0,0.0,0.0,23.0,270.0811,0.0,0.0,0.0,0.0,0.0,0.0,0.0,0.0,2.0,0.0,0.0,0.0,1124133,231.51166,28,0,0,0,0,227.5780029296875,1138888,315.9570007324219,28,0
200610772,Yönetim Bilişim Sistemleri,BAŞKENT ÜNİVERSİTESİ,4,EŞİT AĞIRLIK,"64, 75",9078.0,Ticari Bilimler Fakültesi,(Ücretli),ANKARA,VAKIF,0,2.0,0.0,0.0,0.0,0.0,313.68899,310.05489,348082.0,2.0,1.0,2.0,1.0,2.0,1.0,2.0,1.0,2.0,0.0,0.0,0.0,0.0,75.0,48.0,1.0,0.0,10.0,7.0,36.0,26.0,4.0,0,0.0,0.0,0.0,4.0,305.57368,0.0,0.0,0.0,0.0,0.0,0.0,0.0,0.0,2.0,0.0,0.0,0.0,697662,266.90797,6,0,0,0,0,273.5929870605469,565961,296.7650146484375,6,0
200610781,Yönetim Bilişim Sistemleri,BAŞKENT ÜNİVERSİTESİ,4,EŞİT AĞIRLIK,"21, 64, 75",9080.0,Ticari Bilimler Fakültesi,(%50 İndirimli),ANKARA,VAKIF,0,40.0,0.0,0.0,0.0,0.0,373.41437,315.99953,315655.0,40.0,12.0,12.0,28.0,35.0,14.0,14.0,26.0,28.0,0.0,2.0,0.0,0.0,531.0,309.0,42.0,37.0,144.0,94.0,366.0,217.0,47.0,0,0.0,0.0,0.0,47.0,389.12045,0.0,0.0,0.0,0.0,0.0,0.0,0.0,0.0,1.0,0.0,0.0,0.0,345335,310.15165,51,0,0,0,0,302.9700012207031,330306,358.0669860839844,51,0
200610815,Rehberlik ve Psikolojik Danışmanlık,BAŞKENT ÜNİVERSİTESİ,4,EŞİT AĞIRLIK,"64, 75, 150",8900.0,Eğitim Fakültesi,(Ücretli),ANKARA,VAKIF,0,2.0,0.0,0.0,0.0,0.0,0.0,0.0,0.0,0.0,0.0,0.0,0.0,0.0,0.0,0.0,0.0,0.0,0.0,0.0,0.0,0.0,13.0,7.0,0.0,0.0,2.0,0.0,6.0,4.0,1.0,0,0.0,0.0,0.0,0.0,0.0,0.0,0.0,0.0,0.0,0.0,0.0,0.0,0.0,2.0,0.0,0.0,0.0,0,0.0,1,0,0,0,0,0.0,0,0.0,0,0
200611001,Bilgisayar Mühendisliği,BAŞKENT ÜNİVERSİTESİ,4,SAYISAL,"21, 22, 24, 34, 64, 75, 144",9003.0,Mühendislik Fakültesi,(%25 İndirimli),ANKARA,VAKIF,0,58.0,0.0,0.0,0.0,0.0,456.07828,401.29628,104617.0,58.0,30.0,24.0,28.0,43.0,27.0,35.0,31.0,32.0,0.0,0.0,0.0,0.0,566.0,381.0,9.0,24.0,70.0,86.0,346.0,248.0,67.0,0,0.0,0.0,0.0,67.0,453.81027,0.0,0.0,0.0,0.0,0.0,0.0,0.0,0.0,2.0,0.0,0.0,0.0,112439,398.58313,63,0,0,0,0,316.4490051269531,217447,401.79400634765625,63,0
200611028,Elektrik-Elektronik Mühendisliği,BAŞKENT ÜNİVERSİTESİ,4,SAYISAL,"21, 22, 24, 34, 64, 75, 144",9013.0,Mühendislik Fakültesi,(%25 İndirimli),ANKARA,VAKIF,0,63.0,0.0,0.0,0.0,0.0,424.33931,337.51467,199552.0,63.0,18.0,26.0,45.0,37.0,33.0,41.0,28.0,20.0,1.0,1.0,1.0,0.0,347.0,301.0,2.0,9.0,39.0,41.0,171.0,184.0,63.0,0,0.0,0.0,0.0,63.0,440.54938,0.0,0.0,0.0,0.0,0.0,0.0,0.0,0.0,0.0,0.0,0.0,0.0,243874,326.22645,58,0,0,0,0,292.5450134277344,290977,365.5780029296875,21,0
200611152,Beslenme ve Diyetetik,BAŞKENT ÜNİVERSİTESİ,4,SAYISAL,"21, 64, 75",9039.0,Sağlık Bilimleri Fakültesi,(%25 İndirimli),ANKARA,VAKIF,0,31.0,0.0,0.0,0.0,0.0,365.40377,306.05843,275465.0,31.0,30.0,37.0,1.0,1.0,15.0,18.0,16.0,16.0,0.0,0.0,0.0,3.0,340.0,141.0,44.0,9.0,98.0,36.0,246.0,101.0,38.0,0,0.0,0.0,0.0,38.0,372.33235,0.0,0.0,0.0,0.0,0.0,0.0,0.0,0.0,2.0,0.0,0.0,0.0,513645,262.96774,16,0,0,0,0,266.4599914550781,412948,344.3949890136719,16,0
200611188,Rehberlik ve Psikolojik Danışmanlık,BAŞKENT ÜNİVERSİTESİ,4,EŞİT AĞIRLIK,"21, 64, 75, 150",8902.0,Eğitim Fakültesi,(%50 İndirimli),ANKARA,VAKIF,0,45.0,0.0,0.0,0.0,0.0,367.73919,327.47881,260421.0,45.0,39.0,41.0,6.0,5.0,17.0,7.0,25.0,29.0,2.0,4.0,1.0,4.0,204.0,155.0,8.0,8.0,27.0,28.0,117.0,102.0,46.0,0,0.0,0.0,0.0,46.0,378.29127,0.0,0.0,0.0,0.0,0.0,0.0,0.0,0.0,3.0,0.0,0.0,0.0,297659,318.4206,46,0,0,0,0,309.0840148925781,293169,353.3340148925781,34,0
200611197,Diş Hekimliği,BAŞKENT ÜNİVERSİTESİ,5,SAYISAL,"21, 64, 75, 147",8879.0,Diş Hekimliği Fakültesi,(Burslu),ANKARA,VAKIF,0,10.0,0.0,0.0,0.0,0.0,495.18545,490.69561,23755.0,10.0,8.0,7.0,2.0,4.0,4.0,6.0,6.0,5.0,0.0,0.0,0.0,0.0,592.0,575.0,42.0,31.0,139.0,94.0,412.0,363.0,9.0,1,0.0,1.0,0.0,9.0,503.47299,0.0,0.0,1.0,488.63318,0.0,0.0,1.0,445.0,0.0,0.0,0.0,0.0,26076,488.82294,9,0,1,0,1,467.41900634765625,26828,474.7070007324219,9,0
200611213,İlköğretim Matematik Öğretmenliği,BAŞKENT ÜNİVERSİTESİ,4,SAYISAL,"1, 21, 64, 75, 150",8892.0,Eğitim Fakültesi,(Burslu),ANKARA,VAKIF,0,5.0,0.0,0.0,0.0,0.0,445.14427,438.35514,67071.0,5.0,4.0,4.0,1.0,2.0,1.0,2.0,4.0,3.0,0.0,1.0,0.0,0.0,145.0,96.0,5.0,4.0,27.0,18.0,80.0,51.0,4.0,1,0.0,1.0,0.0,4.0,445.3359,0.0,0.0,1.0,438.71072,0.0,0.0,1.0,395.0,0.0,0.0,0.0,0.0,67993,439.47147,4,0,1,0,1,339.57598876953125,166543,386.8299865722656,4,0
200611222,İngilizce Öğretmenliği,BAŞKENT ÜNİVERSİTESİ,4,DİL,"1, 21, 22, 24, 64, 75, 150, 160",8895.0,Eğitim Fakültesi,(Burslu),ANKARA,VAKIF,0,8.0,0.0,0.0,0.0,0.0,478.23497,445.77442,10364.0,8.0,5.0,7.0,3.0,1.0,7.0,5.0,0.0,3.0,0.0,0.0,1.0,0.0,284.0,289.0,13.0,15.0,57.0,66.0,210.0,211.0,7.0,1,0.0,1.0,0.0,7.0,463.90274,0.0,0.0,1.0,445.10754,0.0,0.0,0.0,0.0,0.0,1.0,0.0,0.0,9781,454.35787,7,0,1,0,1,452.14801025390625,8255,463.7309875488281,7,0
200611249,Okul Öncesi Öğretmenliği,BAŞKENT ÜNİVERSİTESİ,4,SÖZEL,"1, 21, 64, 75, 150",8898.0,Eğitim Fakültesi,(Burslu),ANKARA,VAKIF,0,8.0,0.0,0.0,0.0,0.0,414.65319,412.58211,13599.0,8.0,6.0,7.0,2.0,2.0,2.0,1.0,5.0,5.0,1.0,1.0,0.0,2.0,238.0,146.0,11.0,12.0,52.0,36.0,168.0,112.0,7.0,1,0.0,1.0,0.0,7.0,417.39242,0.0,0.0,1.0,410.80728,0.0,0.0,1.0,383.0,0.0,1.0,0.0,0.0,12268,412.92619,7,0,1,0,1,429.9169921875,8989,436.4570007324219,7,0
200611258,Rehberlik ve Psikolojik Danışmanlık,BAŞKENT ÜNİVERSİTESİ,4,EŞİT AĞIRLIK,"21, 64, 75, 150",8901.0,Eğitim Fakültesi,(Burslu),ANKARA,VAKIF,0,8.0,0.0,0.0,0.0,0.0,392.66442,387.22315,82005.0,8.0,7.0,9.0,1.0,0.0,3.0,4.0,3.0,3.0,1.0,1.0,1.0,0.0,246.0,243.0,7.0,12.0,30.0,38.0,140.0,150.0,7.0,1,0.0,1.0,0.0,7.0,394.95767,0.0,0.0,1.0,379.666,0.0,0.0,1.0,336.0,0.0,0.0,0.0,0.0,67753,386.93922,7,0,1,0,1,379.364990234375,62713,392.4010009765625,7,0
200611267,Sınıf Öğretmenliği,BAŞKENT ÜNİVERSİTESİ,4,EŞİT AĞIRLIK,"1, 21, 64, 75, 150",8904.0,Eğitim Fakültesi,(Burslu),ANKARA,VAKIF,0,7.0,0.0,0.0,0.0,0.0,389.84311,382.22643,92449.0,7.0,6.0,8.0,1.0,1.0,1.0,2.0,5.0,7.0,1.0,0.0,0.0,0.0,181.0,250.0,2.0,25.0,19.0,53.0,105.0,162.0,7.0,1,0.0,1.0,0.0,7.0,391.15985,0.0,0.0,1.0,377.07449,0.0,0.0,1.0,348.0,0.0,0.0,0.0,0.0,72314,384.60632,7,0,1,0,1,373.4729919433594,72991,378.385986328125,7,0
200611285,Türkçe Öğretmenliği,BAŞKENT ÜNİVERSİTESİ,4,SÖZEL,"1, 21, 64, 75, 150",8907.0,Eğitim Fakültesi,(Burslu),ANKARA,VAKIF,0,8.0,0.0,0.0,0.0,0.0,409.82373,404.83874,18752.0,8.0,6.0,6.0,2.0,3.0,3.0,4.0,4.0,4.0,0.0,0.0,1.0,1.0,164.0,157.0,13.0,17.0,53.0,58.0,109.0,119.0,7.0,1,0.0,1.0,0.0,7.0,431.49737,0.0,0.0,1.0,398.64944,0.0,0.0,1.0,333.0,0.0,0.0,0.0,0.0,15341,407.92681,5,0,1,0,1,423.1990051269531,12256,430.1990051269531,5,0
200611294,Amerikan Kültürü ve Edebiyatı,BAŞKENT ÜNİVERSİTESİ,4,DİL,"21, 22, 23, 24, 64, 75, 160",8911.0,Fen-Edebiyat Fakültesi,(İngilizce) (Burslu),ANKARA,VAKIF,0,6.0,0.0,0.0,0.0,0.0,438.47393,432.09315,13744.0,6.0,5.0,4.0,1.0,2.0,2.0,3.0,2.0,3.0,1.0,0.0,1.0,0.0,171.0,150.0,2.0,5.0,17.0,24.0,92.0,91.0,5.0,1,0.0,1.0,0.0,5.0,450.0165,0.0,0.0,1.0,382.45907,0.0,0.0,0.0,0.0,0.0,1.0,0.0,0.0,14175,438.31019,6,0,1,0,1,441.03399658203125,10824,462.86700439453125,6,0
200611319,Türk Dili ve Edebiyatı,BAŞKENT ÜNİVERSİTESİ,4,SÖZEL,"21, 64, 75",8935.0,Fen-Edebiyat Fakültesi,(Burslu),ANKARA,VAKIF,0,5.0,0.0,0.0,0.0,0.0,386.10984,374.10481,55574.0,5.0,4.0,3.0,1.0,1.0,2.0,3.0,2.0,0.0,0.0,1.0,1.0,0.0,130.0,76.0,8.0,3.0,30.0,20.0,75.0,49.0,4.0,1,0.0,1.0,0.0,4.0,403.9484,0.0,0.0,0.0,0.0,0.0,0.0,0.0,0.0,0.0,1.0,0.0,1.0,54521,373.79318,4,0,1,0,1,393.3450012207031,40443,409.9119873046875,4,0
200611328,Hukuk,BAŞKENT ÜNİVERSİTESİ,4,EŞİT AĞIRLIK,"21, 22, 24, 34, 64, 75, 162",8962.0,Hukuk Fakültesi,(Burslu),ANKARA,VAKIF,0,26.0,0.0,0.0,0.0,0.0,465.92885,444.87145,10270.0,26.0,20.0,12.0,6.0,14.0,18.0,19.0,8.0,7.0,0.0,0.0,0.0,0.0,893.0,847.0,45.0,58.0,199.0,220.0,679.0,679.0,24.0,1,0.0,4.0,0.0,24.0,465.16215,0.0,0.0,1.0,448.23138,0.0,0.0,1.0,384.0,0.0,3.0,0.0,0.0,5791,452.87011,24,0,4,0,1,436.552001953125,8194,450.9320068359375,24,0
200611337,İktisat,BAŞKENT ÜNİVERSİTESİ,4,EŞİT AĞIRLIK,"21, 64, 75",8968.0,İktisadi ve İdari Bilimler Fakültesi,(Burslu),ANKARA,VAKIF,0,5.0,0.0,0.0,0.0,0.0,368.74858,360.1489,146502.0,5.0,1.0,1.0,4.0,4.0,3.0,0.0,2.0,4.0,0.0,0.0,0.0,1.0,256.0,204.0,14.0,7.0,33.0,25.0,134.0,116.0,4.0,1,0.0,1.0,0.0,4.0,389.00801,0.0,0.0,1.0,344.3068,0.0,0.0,0.0,0.0,1.0,1.0,0.0,0.0,103578,370.45419,5,0,1,0,1,372.6579895019531,74463,384.09600830078125,5,0
200611346,İşletme,BAŞKENT ÜNİVERSİTESİ,4,EŞİT AĞIRLIK,"21, 64, 75",8974.0,İktisadi ve İdari Bilimler Fakültesi,(Burslu),ANKARA,VAKIF,0,8.0,0.0,0.0,0.0,0.0,380.4839,361.28024,143361.0,8.0,4.0,4.0,4.0,6.0,1.0,4.0,4.0,6.0,3.0,0.0,0.0,0.0,389.0,308.0,23.0,15.0,72.0,65.0,227.0,200.0,9.0,1,0.0,1.0,0.0,9.0,396.61158,0.0,0.0,1.0,348.48448,0.0,0.0,0.0,0.0,1.0,1.0,0.0,0.0,113126,366.6021,10,0,1,0,1,362.66900634765625,94718,375.1780090332031,10,0
200611355,Siyaset Bilimi ve Uluslararası İlişkiler,BAŞKENT ÜNİVERSİTESİ,4,EŞİT AĞIRLIK,"21, 22, 24, 34, 64, 75",8980.0,İktisadi ve İdari Bilimler Fakültesi,(Burslu),ANKARA,VAKIF,0,8.0,0.0,0.0,0.0,0.0,385.25007,375.27989,108014.0,8.0,6.0,5.0,2.0,5.0,3.0,4.0,5.0,5.0,0.0,0.0,0.0,0.0,262.0,171.0,13.0,9.0,47.0,34.0,150.0,119.0,8.0,1,0.0,1.0,0.0,8.0,381.6511,0.0,0.0,1.0,347.48093,0.0,0.0,1.0,189.0,0.0,0.0,0.0,0.0,99835,372.03246,8,0,1,0,1,365.3450012207031,88880,372.6239929199219,8,0
200611391,Bilgisayar Mühendisliği,BAŞKENT ÜNİVERSİTESİ,4,SAYISAL,"21, 22, 24, 34, 64, 75, 144",9002.0,Mühendislik Fakültesi,(Burslu),ANKARA,VAKIF,0,13.0,0.0,0.0,0.0,0.0,499.87367,489.21244,24857.0,13.0,3.0,2.0,10.0,13.0,5.0,10.0,8.0,4.0,0.0,0.0,0.0,1.0,854.0,466.0,45.0,17.0,201.0,88.0,568.0,289.0,12.0,1,0.0,2.0,0.0,12.0,507.36996,0.0,0.0,1.0,488.32997,0.0,0.0,2.0,331.0,0.0,0.0,0.0,0.0,21930,494.91934,13,0,2,0,1,452.97698974609375,36436,486.2850036621094,13,0
200611407,Biyomedikal Mühendisliği,BAŞKENT ÜNİVERSİTESİ,4,SAYISAL,"21, 22, 24, 34, 64, 75, 144",9007.0,Mühendislik Fakültesi,(Burslu),ANKARA,VAKIF,0,4.0,0.0,0.0,0.0,0.0,442.40458,435.5452,69636.0,4.0,3.0,3.0,1.0,2.0,3.0,2.0,1.0,2.0,0.0,1.0,0.0,0.0,92.0,72.0,5.0,3.0,23.0,10.0,50.0,34.0,4.0,1,0.0,1.0,0.0,4.0,444.69991,0.0,0.0,1.0,407.07322,0.0,0.0,0.0,0.0,0.0,1.0,0.0,0.0,71471,435.74376,4,0,0,0,1,409.1319885253906,73290,435.4909973144531,4,0
200611416,Elektrik-Elektronik Mühendisliği,BAŞKENT ÜNİVERSİTESİ,4,SAYISAL,"21, 22, 24, 34, 64, 75, 144",9012.0,Mühendislik Fakültesi,(Burslu),ANKARA,VAKIF,0,12.0,0.0,0.0,0.0,0.0,473.7632,463.15312,45341.0,12.0,3.0,2.0,9.0,9.0,6.0,5.0,6.0,6.0,0.0,0.0,0.0,0.0,382.0,377.0,10.0,8.0,52.0,49.0,186.0,196.0,10.0,1,0.0,2.0,0.0,10.0,486.85857,0.0,0.0,1.0,464.3072,0.0,0.0,0.0,0.0,0.0,2.0,0.0,0.0,33272,479.17231,10,0,2,0,1,445.25799560546875,42098,460.5360107421875,10,0
200611425,Endüstri Mühendisliği,BAŞKENT ÜNİVERSİTESİ,4,SAYISAL,"21, 22, 24, 34, 64, 75, 144",9020.0,Mühendislik Fakültesi,(Burslu),ANKARA,VAKIF,0,11.0,0.0,0.0,0.0,0.0,458.19248,455.1414,52090.0,11.0,8.0,8.0,3.0,3.0,2.0,4.0,9.0,7.0,0.0,0.0,0.0,0.0,467.0,416.0,5.0,11.0,48.0,63.0,245.0,211.0,10.0,1,0.0,1.0,0.0,10.0,471.90398,0.0,0.0,1.0,451.23055,0.0,0.0,0.0,0.0,0.0,1.0,0.0,0.0,45086,464.80233,10,0,2,0,1,439.0360107421875,46881,457.7619934082031,10,0
200611434,Makine Mühendisliği,BAŞKENT ÜNİVERSİTESİ,4,SAYISAL,"21, 22, 24, 34, 64, 75, 144",9029.0,Mühendislik Fakültesi,(Burslu),ANKARA,VAKIF,0,8.0,0.0,0.0,0.0,0.0,457.00464,442.0604,63698.0,8.0,2.0,4.0,6.0,5.0,7.0,5.0,1.0,4.0,0.0,0.0,0.0,0.0,275.0,313.0,6.0,8.0,33.0,38.0,135.0,172.0,8.0,1,0.0,1.0,0.0,8.0,464.2808,0.0,0.0,1.0,448.04614,0.0,0.0,0.0,0.0,0.0,1.0,0.0,0.0,50946,458.09924,9,0,1,0,1,431.0950012207031,53364,437.4490051269531,9,0
200611443,Beslenme ve Diyetetik,BAŞKENT ÜNİVERSİTESİ,4,SAYISAL,"21, 64, 75",9036.0,Sağlık Bilimleri Fakültesi,(Burslu),ANKARA,VAKIF,0,11.0,0.0,0.0,0.0,0.0,431.34665,416.4026,88343.0,11.0,11.0,11.0,0.0,1.0,5.0,5.0,6.0,7.0,0.0,0.0,0.0,0.0,345.0,221.0,33.0,17.0,99.0,62.0,236.0,155.0,10.0,1,0.0,2.0,0.0,10.0,419.43786,0.0,0.0,1.0,402.15287,0.0,0.0,1.0,201.0,0.0,1.0,0.0,0.0,106352,403.50997,5,0,1,0,1,379.70599365234375,105670,400.1510009765625,5,0
200611479,Sosyal Hizmet,BAŞKENT ÜNİVERSİTESİ,4,EŞİT AĞIRLIK,"21, 64, 75",9055.0,Sağlık Bilimleri Fakültesi,(Burslu),ANKARA,VAKIF,0,6.0,0.0,0.0,0.0,0.0,354.1844,332.09614,240998.0,6.0,6.0,6.0,0.0,2.0,1.0,1.0,5.0,5.0,0.0,2.0,0.0,0.0,184.0,117.0,14.0,5.0,37.0,17.0,115.0,65.0,6.0,1,0.0,1.0,0.0,6.0,339.12563,0.0,0.0,1.0,317.29532,0.0,0.0,1.0,211.0,1.0,0.0,0.0,0.0,243146,329.2969,6,0,1,0,1,318.38800048828125,243067,331.760986328125,6,0
200611488,Tıp,BAŞKENT ÜNİVERSİTESİ,6,SAYISAL,"21, 64, 75, 155",9059.0,Tıp Fakültesi,(Burslu),ANKARA,VAKIF,0,15.0,0.0,0.0,0.0,0.0,525.25219,520.01778,6667.0,15.0,7.0,12.0,8.0,4.0,9.0,12.0,6.0,4.0,0.0,0.0,0.0,0.0,489.0,763.0,25.0,57.0,106.0,190.0,377.0,599.0,13.0,1,0.0,2.0,0.0,13.0,531.5732,0.0,0.0,1.0,522.94182,0.0,0.0,2.0,464.0,0.0,0.0,0.0,0.0,6493,523.33164,13,0,2,0,1,512.948974609375,6129,520.3179931640625,13,0
200611504,Muhasebe ve Finans Yönetimi,BAŞKENT ÜNİVERSİTESİ,4,EŞİT AĞIRLIK,"21, 64, 75",9065.0,Ticari Bilimler Fakültesi,(Burslu),ANKARA,VAKIF,0,7.0,0.0,0.0,0.0,0.0,346.49064,320.62449,292332.0,7.0,3.0,3.0,4.0,4.0,2.0,1.0,3.0,4.0,0.0,1.0,1.0,1.0,203.0,114.0,17.0,10.0,50.0,27.0,117.0,71.0,6.0,1,0.0,1.0,0.0,6.0,349.33632,0.0,0.0,1.0,271.59643,0.0,0.0,0.0,0.0,0.0,1.0,0.0,0.0,256778,326.42805,6,0,1,0,1,328.78900146484375,196631,336.5880126953125,6,0
200611549,Yönetim Bilişim Sistemleri,BAŞKENT ÜNİVERSİTESİ,4,EŞİT AĞIRLIK,"21, 64, 75",9079.0,Ticari Bilimler Fakültesi,(Burslu),ANKARA,VAKIF,0,8.0,0.0,0.0,0.0,0.0,419.75147,399.83305,57879.0,8.0,5.0,5.0,3.0,5.0,4.0,3.0,4.0,7.0,0.0,0.0,0.0,0.0,458.0,371.0,60.0,55.0,160.0,119.0,328.0,250.0,8.0,1,0.0,1.0,0.0,8.0,417.60672,0.0,0.0,1.0,400.70496,0.0,0.0,1.0,248.0,0.0,0.0,0.0,0.0,34177,407.76013,10,0,1,0,1,399.17498779296875,35297,414.5950012207031,10,0
200611558,Hemşirelik,BAŞKENT ÜNİVERSİTESİ,4,SAYISAL,"21, 64, 75",9045.0,Sağlık Bilimleri Fakültesi,(%50 İndirimli),ANKARA,VAKIF,0,66.0,0.0,0.0,0.0,0.0,362.74088,298.33997,298723.0,66.0,61.0,57.0,5.0,10.0,9.0,16.0,55.0,45.0,0.0,0.0,1.0,2.0,695.0,394.0,38.0,31.0,131.0,92.0,443.0,263.0,67.0,0,0.0,0.0,0.0,67.0,353.70219,0.0,0.0,0.0,0.0,0.0,0.0,0.0,0.0,1.0,0.0,0.0,0.0,336425,297.70532,62,0,0,0,0,276.468994140625,358850,333.4570007324219,62,0
200611576,Psikoloji,BAŞKENT ÜNİVERSİTESİ,4,EŞİT AĞIRLIK,"22, 24, 34, 64, 75",8924.0,Fen-Edebiyat Fakültesi,(Ücretli),ANKARA,VAKIF,0,57.0,0.0,0.0,0.0,0.0,360.19147,319.79741,296510.0,57.0,50.0,45.0,7.0,13.0,23.0,30.0,28.0,19.0,2.0,3.0,4.0,5.0,606.0,274.0,34.0,29.0,132.0,65.0,424.0,182.0,58.0,0,0.0,0.0,0.0,58.0,339.83077,0.0,0.0,0.0,0.0,0.0,0.0,0.0,0.0,6.0,0.0,0.0,0.0,713813,265.35491,57,0,0,0,0,272.4840087890625,576873,310.7919921875,57,0
200611585,Psikoloji,BAŞKENT ÜNİVERSİTESİ,4,EŞİT AĞIRLIK,"21, 22, 24, 34, 64, 75",8925.0,Fen-Edebiyat Fakültesi,(Burslu),ANKARA,VAKIF,0,15.0,0.0,0.0,0.0,0.0,446.96584,426.2156,21032.0,15.0,12.0,12.0,3.0,4.0,6.0,7.0,7.0,7.0,1.0,0.0,1.0,1.0,796.0,364.0,66.0,18.0,226.0,71.0,600.0,255.0,13.0,1,0.0,2.0,0.0,13.0,443.5179,0.0,0.0,1.0,407.58047,0.0,0.0,2.0,223.0,0.0,0.0,0.0,0.0,13929,428.46506,12,0,2,0,1,408.93701171875,25540,429.50799560546875,12,0
200611637,Teknoloji ve Bilgi Yönetimi,BAŞKENT ÜNİVERSİTESİ,4,EŞİT AĞIRLIK,"64, 75",8985.0,İktisadi ve İdari Bilimler Fakültesi,(Ücretli),ANKARA,VAKIF,0,1.0,0.0,0.0,0.0,0.0,247.68203,247.68203,906459.0,1.0,0.0,1.0,1.0,0.0,1.0,1.0,0.0,0.0,0.0,0.0,0.0,0.0,45.0,74.0,0.0,0.0,5.0,7.0,14.0,33.0,1.0,0,0.0,0.0,0.0,1.0,255.12658,0.0,0.0,0.0,0.0,0.0,0.0,0.0,0.0,1.0,0.0,0.0,0.0,825780,255.12658,2,0,0,0,0,220.1529998779297,1244751,229.06399536132812,2,0
200611646,Teknoloji ve Bilgi Yönetimi,BAŞKENT ÜNİVERSİTESİ,4,EŞİT AĞIRLIK,"21, 64, 75",8986.0,İktisadi ve İdari Bilimler Fakültesi,(Burslu),ANKARA,VAKIF,0,5.0,0.0,0.0,0.0,0.0,355.59071,344.26442,195140.0,5.0,4.0,1.0,1.0,4.0,0.0,5.0,5.0,0.0,0.0,0.0,0.0,0.0,94.0,103.0,9.0,11.0,17.0,27.0,60.0,64.0,4.0,1,0.0,1.0,0.0,4.0,379.93173,0.0,0.0,1.0,297.28118,0.0,0.0,0.0,0.0,0.0,1.0,0.0,0.0,156479,351.47637,4,0,1,0,1,352.25799560546875,120173,366.760986328125,4,0
200611673,Teknoloji ve Bilgi Yönetimi,BAŞKENT ÜNİVERSİTESİ,4,EŞİT AĞIRLIK,"21, 64, 75",8987.0,İktisadi ve İdari Bilimler Fakültesi,(%50 İndirimli),ANKARA,VAKIF,0,24.0,0.0,0.0,0.0,0.0,326.81366,251.21243,862678.0,24.0,9.0,10.0,15.0,14.0,9.0,7.0,12.0,15.0,2.0,0.0,0.0,0.0,141.0,226.0,6.0,11.0,16.0,42.0,74.0,140.0,24.0,0,0.0,0.0,0.0,24.0,290.15281,0.0,0.0,0.0,0.0,0.0,0.0,0.0,0.0,0.0,0.0,0.0,0.0,876927,250.73506,28,0,0,0,0,238.70199584960938,981635,278.50299072265625,28,0
200611682,Mimarlık,BAŞKENT ÜNİVERSİTESİ,4,SAYISAL,"22, 24, 34, 64, 75, 143",8955.0,Güzel Sanatlar Tasarım ve Mimarlık Fakültesi,(Ücretli),ANKARA,VAKIF,0,2.0,0.0,0.0,0.0,0.0,334.36751,334.36751,206069.0,1.0,1.0,1.0,0.0,1.0,1.0,1.0,0.0,1.0,0.0,0.0,0.0,0.0,78.0,71.0,0.0,0.0,3.0,4.0,31.0,35.0,2.0,0,0.0,0.0,0.0,2.0,326.48672,0.0,0.0,0.0,0.0,0.0,0.0,0.0,0.0,1.0,0.0,0.0,0.0,247452,324.89466,4,0,0,0,0,0.0,0,0.0,0,0
200611691,Mimarlık,BAŞKENT ÜNİVERSİTESİ,4,SAYISAL,"21, 22, 24, 34, 64, 75, 143",8956.0,Güzel Sanatlar Tasarım ve Mimarlık Fakültesi,(Burslu),ANKARA,VAKIF,0,8.0,0.0,0.0,0.0,0.0,468.89296,435.16962,69974.0,8.0,5.0,5.0,3.0,3.0,5.0,3.0,3.0,5.0,0.0,0.0,0.0,0.0,212.0,265.0,10.0,19.0,51.0,71.0,138.0,170.0,7.0,1,0.0,1.0,0.0,7.0,457.40607,0.0,0.0,1.0,432.64726,0.0,0.0,0.0,0.0,0.0,1.0,0.0,0.0,60660,447.3425,7,0,1,0,1,401.3919982910156,81175,432.1159973144531,7,0
200611734,Sosyoloji,BAŞKENT ÜNİVERSİTESİ,4,EŞİT AĞIRLIK,"21, 64, 75",8930.0,Fen-Edebiyat Fakültesi,(Burslu),ANKARA,VAKIF,0,2.0,0.0,0.0,0.0,0.0,355.98143,354.05439,163967.0,2.0,2.0,4.0,0.0,0.0,0.0,0.0,0.0,3.0,1.0,0.0,1.0,1.0,117.0,79.0,4.0,2.0,16.0,15.0,69.0,56.0,3.0,1,0.0,0.0,0.0,3.0,358.42091,0.0,0.0,1.0,315.44734,0.0,0.0,0.0,0.0,0.0,0.0,0.0,0.0,160001,350.40886,3,0,0,0,1,337.14300537109375,165420,354.8389892578125,3,0
200611743,Sosyoloji,BAŞKENT ÜNİVERSİTESİ,4,EŞİT AĞIRLIK,"21, 64, 75",8931.0,Fen-Edebiyat Fakültesi,(%50 İndirimli),ANKARA,VAKIF,0,13.0,0.0,0.0,0.0,0.0,295.80989,245.81889,929889.0,13.0,10.0,11.0,3.0,6.0,3.0,4.0,8.0,10.0,0.0,0.0,1.0,1.0,131.0,132.0,3.0,6.0,13.0,19.0,64.0,80.0,17.0,0,0.0,0.0,0.0,17.0,293.42365,0.0,0.0,0.0,0.0,0.0,0.0,0.0,0.0,2.0,0.0,0.0,0.0,1272720,220.92292,17,0,0,0,0,219.19900512695312,1258136,273.8139953613281,17,0
200611761,İç Mimarlık ve Çevre Tasarımı,BAŞKENT ÜNİVERSİTESİ,4,EŞİT AĞIRLIK,"64, 75",8952.0,Güzel Sanatlar Tasarım ve Mimarlık Fakültesi,(Ücretli),ANKARA,VAKIF,0,16.0,0.0,0.0,0.0,0.0,295.38285,285.3796,517068.0,16.0,13.0,9.0,3.0,11.0,4.0,8.0,8.0,9.0,3.0,2.0,1.0,0.0,577.0,334.0,18.0,17.0,119.0,93.0,352.0,236.0,20.0,0,0.0,0.0,0.0,20.0,285.31709,0.0,0.0,0.0,0.0,0.0,0.0,0.0,0.0,3.0,0.0,0.0,0.0,756477,261.33457,22,0,0,0,0,265.7590026855469,646086,281.2669982910156,22,0
200611779,İç Mimarlık ve Çevre Tasarımı,BAŞKENT ÜNİVERSİTESİ,4,EŞİT AĞIRLIK,"21, 64, 75",8953.0,Güzel Sanatlar Tasarım ve Mimarlık Fakültesi,(Burslu),ANKARA,VAKIF,0,10.0,0.0,0.0,0.0,0.0,392.93656,383.72302,89273.0,10.0,7.0,8.0,3.0,3.0,5.0,9.0,4.0,2.0,1.0,0.0,0.0,0.0,464.0,363.0,33.0,24.0,151.0,122.0,329.0,274.0,10.0,1,0.0,1.0,0.0,10.0,413.23155,0.0,0.0,1.0,370.80093,0.0,0.0,0.0,0.0,0.0,1.0,0.0,1.0,71832,384.82874,8,0,1,0,1,375.1839904785156,69974,384.9230041503906,8,0
200611788,İç Mimarlık ve Çevre Tasarımı,BAŞKENT ÜNİVERSİTESİ,4,EŞİT AĞIRLIK,"21, 64, 75",8954.0,Güzel Sanatlar Tasarım ve Mimarlık Fakültesi,(%25 İndirimli),ANKARA,VAKIF,0,39.0,0.0,0.0,0.0,0.0,334.92846,297.94155,423812.0,39.0,31.0,26.0,8.0,18.0,18.0,19.0,17.0,17.0,2.0,4.0,0.0,4.0,741.0,364.0,64.0,34.0,231.0,109.0,551.0,278.0,44.0,0,0.0,0.0,0.0,44.0,350.24305,0.0,0.0,0.0,0.0,0.0,0.0,0.0,0.0,8.0,0.0,0.0,0.0,615113,275.32477,27,0,0,0,0,281.8210144042969,489738,331.2040100097656,27,0
200611804,Sağlık Yönetimi,BAŞKENT ÜNİVERSİTESİ,4,EŞİT AĞIRLIK,"21, 64, 75",9052.0,Sağlık Bilimleri Fakültesi,(Burslu),ANKARA,VAKIF,0,3.0,0.0,0.0,0.0,0.0,357.31144,333.87323,233563.0,3.0,3.0,4.0,0.0,0.0,1.0,3.0,2.0,0.0,0.0,0.0,0.0,1.0,123.0,94.0,5.0,2.0,23.0,12.0,60.0,38.0,3.0,1,0.0,0.0,0.0,3.0,340.94451,0.0,0.0,1.0,237.82569,0.0,0.0,0.0,0.0,0.0,0.0,0.0,0.0,214684,335.71613,3,0,0,0,1,329.4570007324219,193974,347.0880126953125,3,0
200611813,Sağlık Yönetimi,BAŞKENT ÜNİVERSİTESİ,4,EŞİT AĞIRLIK,"21, 64, 75",9053.0,Sağlık Bilimleri Fakültesi,(%50 İndirimli),ANKARA,VAKIF,0,17.0,0.0,0.0,0.0,0.0,317.05206,241.4935,986430.0,17.0,12.0,7.0,5.0,10.0,8.0,2.0,8.0,9.0,0.0,2.0,1.0,2.0,121.0,173.0,6.0,9.0,21.0,26.0,58.0,100.0,17.0,0,0.0,0.0,0.0,17.0,282.05465,0.0,0.0,0.0,0.0,0.0,0.0,0.0,0.0,8.0,0.0,0.0,0.0,1054561,236.65831,17,0,0,0,0,218.93099975585938,1261940,246.86500549316406,17,0
200611831,İşletme,BAŞKENT ÜNİVERSİTESİ,4,EŞİT AĞIRLIK,"22, 23, 24, 64, 75",8976.0,İktisadi ve İdari Bilimler Fakültesi,(İngilizce) (Ücretli),ANKARA,VAKIF,0,2.0,0.0,0.0,0.0,0.0,298.13836,296.42024,434167.0,2.0,1.0,0.0,1.0,2.0,2.0,2.0,0.0,0.0,0.0,0.0,0.0,0.0,255.0,158.0,3.0,5.0,27.0,23.0,114.0,91.0,2.0,0,0.0,0.0,0.0,2.0,284.64395,0.0,0.0,0.0,0.0,0.0,0.0,0.0,0.0,1.0,0.0,0.0,0.0,565690,280.7452,10,0,0,0,0,263.5820007324219,669567,283.656005859375,10,0
200611849,İşletme,BAŞKENT ÜNİVERSİTESİ,4,EŞİT AĞIRLIK,"21, 22, 23, 24, 64, 75",8977.0,İktisadi ve İdari Bilimler Fakültesi,(İngilizce) (Burslu),ANKARA,VAKIF,0,11.0,0.0,0.0,0.0,0.0,399.96966,381.46091,94143.0,11.0,7.0,7.0,4.0,4.0,4.0,6.0,6.0,5.0,1.0,0.0,0.0,0.0,464.0,379.0,34.0,24.0,106.0,73.0,296.0,262.0,10.0,1,0.0,1.0,0.0,10.0,408.41239,0.0,0.0,1.0,387.11014,0.0,0.0,0.0,0.0,0.0,1.0,0.0,0.0,61828,390.09951,10,0,1,0,1,385.0559997558594,53881,399.2919921875,10,0
200611858,İşletme,BAŞKENT ÜNİVERSİTESİ,4,EŞİT AĞIRLIK,"21, 22, 23, 24, 64, 75",8978.0,İktisadi ve İdari Bilimler Fakültesi,(İngilizce) (%50 İndirimli),ANKARA,VAKIF,0,57.0,0.0,0.0,0.0,0.0,367.71998,299.02294,416499.0,57.0,27.0,21.0,30.0,36.0,28.0,31.0,29.0,25.0,0.0,0.0,0.0,0.0,756.0,504.0,55.0,33.0,164.0,117.0,462.0,345.0,57.0,0,0.0,0.0,0.0,57.0,367.66409,0.0,0.0,0.0,0.0,0.0,0.0,0.0,0.0,4.0,0.0,0.0,0.0,530196,284.81621,49,0,0,0,0,291.9469909667969,407256,347.74798583984375,49,0
200612044,Odyoloji,BAŞKENT ÜNİVERSİTESİ,4,SAYISAL,"64, 75",9049.0,Sağlık Bilimleri Fakültesi,(Ücretli),ANKARA,VAKIF,0,1.0,0.0,0.0,0.0,0.0,252.40703,252.40703,505010.0,1.0,1.0,1.0,0.0,1.0,0.0,1.0,1.0,1.0,0.0,0.0,0.0,0.0,67.0,30.0,0.0,1.0,6.0,2.0,28.0,9.0,2.0,0,0.0,0.0,0.0,2.0,269.15412,0.0,0.0,0.0,0.0,0.0,0.0,0.0,0.0,2.0,0.0,0.0,0.0,815982,229.57726,2,0,0,0,0,193.68099975585938,1176552,212.0050048828125,2,0
200612053,Odyoloji,BAŞKENT ÜNİVERSİTESİ,4,SAYISAL,"21, 64, 75",9050.0,Sağlık Bilimleri Fakültesi,(Burslu),ANKARA,VAKIF,0,5.0,0.0,0.0,0.0,0.0,348.09858,329.46019,216558.0,5.0,2.0,4.0,3.0,2.0,2.0,1.0,2.0,5.0,1.0,0.0,0.0,0.0,380.0,167.0,17.0,10.0,49.0,26.0,188.0,79.0,5.0,1,0.0,1.0,0.0,5.0,339.99067,0.0,0.0,1.0,281.03633,0.0,0.0,0.0,0.0,0.0,1.0,0.0,0.0,224977,333.64557,5,0,1,0,1,304.9079895019531,249509,343.73699951171875,5,0
200612071,Odyoloji,BAŞKENT ÜNİVERSİTESİ,4,SAYISAL,"21, 64, 75",9051.0,Sağlık Bilimleri Fakültesi,(%50 İndirimli),ANKARA,VAKIF,0,29.0,0.0,0.0,0.0,0.0,315.0601,251.72265,509537.0,29.0,24.0,23.0,5.0,9.0,13.0,10.0,15.0,22.0,1.0,0.0,0.0,0.0,282.0,181.0,7.0,11.0,34.0,25.0,136.0,95.0,32.0,0,0.0,0.0,0.0,32.0,288.85068,0.0,0.0,0.0,0.0,0.0,0.0,0.0,0.0,1.0,0.0,0.0,0.0,616804,249.27494,32,0,0,0,0,204.60499572753906,1063924,285.36700439453125,32,0
200612098,Çizgi Film ve Animasyon,BAŞKENT ÜNİVERSİTESİ,4,SÖZEL,"64, 75",8938.0,Güzel Sanatlar Tasarım ve Mimarlık Fakültesi,(Ücretli),ANKARA,VAKIF,0,2.0,0.0,0.0,0.0,0.0,312.92018,304.19147,325102.0,2.0,1.0,2.0,1.0,1.0,2.0,0.0,0.0,2.0,0.0,1.0,0.0,0.0,60.0,27.0,2.0,0.0,15.0,3.0,33.0,16.0,4.0,0,0.0,0.0,0.0,3.0,257.71762,0.0,0.0,0.0,0.0,0.0,0.0,0.0,0.0,3.0,0.0,0.0,0.0,0,0.0,4,0,0,0,0,213.43299865722656,1220040,287.90301513671875,4,0
200612105,Çizgi Film ve Animasyon,BAŞKENT ÜNİVERSİTESİ,4,SÖZEL,"21, 64, 75",8941.0,Güzel Sanatlar Tasarım ve Mimarlık Fakültesi,(Burslu),ANKARA,VAKIF,0,5.0,0.0,0.0,0.0,0.0,445.864,417.68133,10923.0,5.0,3.0,3.0,2.0,3.0,2.0,3.0,3.0,1.0,0.0,0.0,0.0,1.0,177.0,163.0,45.0,40.0,89.0,69.0,146.0,125.0,5.0,1,0.0,1.0,0.0,5.0,435.13173,0.0,0.0,1.0,405.08077,0.0,0.0,0.0,0.0,0.0,1.0,0.0,0.0,8146,421.76257,5,0,1,0,1,448.7170104980469,3637,512.5250244140625,5,0
200612114,Çizgi Film ve Animasyon,BAŞKENT ÜNİVERSİTESİ,4,SÖZEL,"21, 64, 75",8942.0,Güzel Sanatlar Tasarım ve Mimarlık Fakültesi,(%50 İndirimli),ANKARA,VAKIF,0,23.0,0.0,0.0,0.0,0.0,395.62349,307.7332,302057.0,23.0,13.0,14.0,10.0,16.0,13.0,13.0,7.0,10.0,3.0,5.0,0.0,1.0,174.0,106.0,18.0,9.0,56.0,29.0,126.0,79.0,30.0,0,0.0,0.0,0.0,30.0,403.99462,0.0,0.0,0.0,0.0,0.0,0.0,0.0,0.0,9.0,0.0,0.0,0.0,829228,248.52743,30,0,0,0,0,255.1219940185547,805570,402.2279968261719,30,0
200612132,Siyaset Bilimi ve Uluslararası İlişkiler,BAŞKENT ÜNİVERSİTESİ,4,EŞİT AĞIRLIK,"22, 23, 24, 64, 75",8982.0,İktisadi ve İdari Bilimler Fakültesi,(İngilizce) (Ücretli),ANKARA,VAKIF,0,4.0,0.0,0.0,0.0,0.0,294.85011,285.0913,519361.0,4.0,2.0,2.0,2.0,2.0,3.0,2.0,0.0,2.0,0.0,0.0,0.0,0.0,161.0,78.0,3.0,1.0,15.0,3.0,62.0,34.0,4.0,0,0.0,0.0,0.0,4.0,275.72712,0.0,0.0,0.0,0.0,0.0,0.0,0.0,0.0,2.0,0.0,0.0,0.0,769381,260.15564,4,0,0,0,0,241.47300720214844,943547,352.8110046386719,4,0
200612141,Siyaset Bilimi ve Uluslararası İlişkiler,BAŞKENT ÜNİVERSİTESİ,4,EŞİT AĞIRLIK,"21, 22, 23, 24, 64, 75",8983.0,İktisadi ve İdari Bilimler Fakültesi,(İngilizce) (Burslu),ANKARA,VAKIF,0,9.0,0.0,0.0,0.0,0.0,424.8749,385.76548,84967.0,9.0,4.0,7.0,5.0,4.0,7.0,5.0,2.0,6.0,0.0,0.0,0.0,0.0,321.0,279.0,19.0,20.0,62.0,74.0,201.0,199.0,9.0,1,0.0,1.0,0.0,9.0,404.21195,0.0,0.0,1.0,381.25248,0.0,0.0,1.0,336.0,0.0,0.0,0.0,0.0,63529,389.13538,9,0,1,0,1,374.7349853515625,70769,403.4360046386719,9,0
200612159,Siyaset Bilimi ve Uluslararası İlişkiler,BAŞKENT ÜNİVERSİTESİ,4,EŞİT AĞIRLIK,"21, 22, 23, 24, 64, 75",8984.0,İktisadi ve İdari Bilimler Fakültesi,(İngilizce) (%50 İndirimli),ANKARA,VAKIF,0,47.0,0.0,0.0,0.0,0.0,336.60774,301.97683,396933.0,47.0,27.0,23.0,20.0,28.0,25.0,21.0,19.0,26.0,2.0,2.0,0.0,0.0,441.0,306.0,28.0,17.0,84.0,64.0,268.0,207.0,51.0,0,0.0,0.0,0.0,51.0,354.5069,0.0,0.0,0.0,0.0,0.0,0.0,0.0,0.0,1.0,0.0,0.0,0.0,537829,283.92875,51,0,0,0,0,276.239013671875,540765,336.6300048828125,51,0
200612186,Moleküler Biyoloji ve Genetik,BAŞKENT ÜNİVERSİTESİ,4,SAYISAL,"64, 75",8918.0,Fen-Edebiyat Fakültesi,(Ücretli),ANKARA,VAKIF,0,2.0,0.0,0.0,0.0,0.0,353.6029,345.42133,184229.0,2.0,1.0,3.0,1.0,1.0,0.0,1.0,2.0,3.0,0.0,0.0,0.0,0.0,68.0,54.0,3.0,4.0,12.0,16.0,42.0,35.0,4.0,0,0.0,0.0,0.0,4.0,321.06753,0.0,0.0,0.0,0.0,0.0,0.0,0.0,0.0,2.0,0.0,0.0,0.0,325213,300.67427,9,0,0,0,0,203.03799438476562,1081375,280.21600341796875,7,0
200612195,Moleküler Biyoloji ve Genetik,BAŞKENT ÜNİVERSİTESİ,4,SAYISAL,"21, 64, 75",8919.0,Fen-Edebiyat Fakültesi,(Burslu),ANKARA,VAKIF,0,5.0,0.0,0.0,0.0,0.0,471.04234,460.02354,47960.0,5.0,4.0,3.0,1.0,3.0,4.0,4.0,1.0,2.0,0.0,0.0,0.0,0.0,269.0,178.0,17.0,13.0,52.0,41.0,169.0,114.0,5.0,1,0.0,1.0,0.0,5.0,470.03993,0.0,0.0,1.0,458.47263,0.0,0.0,0.0,0.0,0.0,1.0,0.0,0.0,47116,462.48311,5,0,1,0,1,428.4679870605469,55583,448.3240051269531,5,0
200612202,Moleküler Biyoloji ve Genetik,BAŞKENT ÜNİVERSİTESİ,4,SAYISAL,"21, 64, 75",8920.0,Fen-Edebiyat Fakültesi,(%50 İndirimli),ANKARA,VAKIF,0,28.0,0.0,0.0,0.0,0.0,407.2591,357.08006,163853.0,28.0,24.0,26.0,4.0,4.0,11.0,16.0,16.0,14.0,0.0,0.0,0.0,0.0,201.0,154.0,14.0,11.0,43.0,49.0,124.0,109.0,30.0,0,0.0,0.0,0.0,30.0,373.17635,0.0,0.0,0.0,0.0,0.0,0.0,0.0,0.0,2.0,0.0,0.0,0.0,236507,329.04491,25,0,0,0,0,281.5459899902344,335398,356.385009765625,25,0
200612256,Gastronomi ve Mutfak Sanatları,BAŞKENT ÜNİVERSİTESİ,4,SÖZEL,"64, 75",8946.0,Güzel Sanatlar Tasarım ve Mimarlık Fakültesi,(Ücretli),ANKARA,VAKIF,0,14.0,0.0,0.0,0.0,0.0,306.27963,271.58351,591827.0,14.0,9.0,5.0,5.0,9.0,4.0,3.0,5.0,9.0,1.0,0.0,3.0,0.0,167.0,72.0,6.0,7.0,47.0,32.0,94.0,59.0,14.0,0,0.0,0.0,0.0,14.0,285.65902,0.0,0.0,0.0,0.0,0.0,0.0,0.0,0.0,8.0,0.0,0.0,0.0,1057881,228.2739,14,0,0,0,0,227.97300720214844,1088818,338.45001220703125,14,0
200612265,Gastronomi ve Mutfak Sanatları,BAŞKENT ÜNİVERSİTESİ,4,SÖZEL,"21, 64, 75",8947.0,Güzel Sanatlar Tasarım ve Mimarlık Fakültesi,(Burslu),ANKARA,VAKIF,0,9.0,0.0,0.0,0.0,0.0,468.20774,438.8997,4267.0,9.0,6.0,2.0,3.0,8.0,6.0,4.0,3.0,4.0,0.0,0.0,0.0,2.0,315.0,213.0,89.0,48.0,151.0,94.0,253.0,164.0,8.0,1,0.0,1.0,0.0,8.0,447.8112,0.0,0.0,1.0,385.72411,0.0,0.0,1.0,303.0,0.0,0.0,0.0,0.0,4264,435.11094,8,0,1,0,1,453.9630126953125,2817,460.6969909667969,8,0
200612283,Gastronomi ve Mutfak Sanatları,BAŞKENT ÜNİVERSİTESİ,4,SÖZEL,"21, 64, 75",8948.0,Güzel Sanatlar Tasarım ve Mimarlık Fakültesi,(%25 İndirimli),ANKARA,VAKIF,0,32.0,0.0,0.0,0.0,0.0,436.14054,296.18715,381241.0,32.0,17.0,19.0,15.0,18.0,17.0,13.0,11.0,20.0,2.0,3.0,2.0,1.0,205.0,102.0,39.0,9.0,86.0,40.0,147.0,80.0,37.0,0,0.0,0.0,0.0,37.0,429.04579,0.0,0.0,0.0,0.0,0.0,0.0,0.0,0.0,8.0,0.0,0.0,0.0,922239,240.27888,37,0,0,0,0,251.91099548339844,839701,416.7560119628906,37,0
200612292,İktisat,BAŞKENT ÜNİVERSİTESİ,4,EŞİT AĞIRLIK,"22, 23, 24, 64, 75",8970.0,İktisadi ve İdari Bilimler Fakültesi,(İngilizce) (Ücretli),ANKARA,VAKIF,0,1.0,0.0,0.0,0.0,0.0,287.81935,287.81935,497585.0,1.0,0.0,1.0,1.0,1.0,1.0,0.0,0.0,2.0,0.0,0.0,0.0,0.0,115.0,69.0,1.0,1.0,5.0,3.0,37.0,26.0,2.0,0,0.0,0.0,0.0,2.0,263.58471,0.0,0.0,0.0,0.0,0.0,0.0,0.0,0.0,1.0,0.0,0.0,0.0,821382,255.51722,4,0,0,0,0,253.30499267578125,790242,256.1929931640625,4,0
200612308,İktisat,BAŞKENT ÜNİVERSİTESİ,4,EŞİT AĞIRLIK,"21, 22, 23, 24, 64, 75",8971.0,İktisadi ve İdari Bilimler Fakültesi,(İngilizce) (Burslu),ANKARA,VAKIF,0,5.0,0.0,0.0,0.0,0.0,417.6705,383.34932,90069.0,5.0,1.0,3.0,4.0,2.0,2.0,2.0,2.0,2.0,0.0,0.0,1.0,0.0,275.0,211.0,9.0,10.0,50.0,36.0,158.0,135.0,4.0,1,0.0,1.0,0.0,4.0,427.04701,0.0,0.0,1.0,374.64522,0.0,0.0,0.0,0.0,0.0,1.0,0.0,0.0,58698,391.83782,5,0,1,0,1,395.0639953613281,40131,406.3169860839844,5,0
200612353,Sosyoloji,BAŞKENT ÜNİVERSİTESİ,4,EŞİT AĞIRLIK,"21, 22, 23, 24, 64, 75",8932.0,Fen-Edebiyat Fakültesi,(İngilizce) (Burslu),ANKARA,VAKIF,0,3.0,0.0,0.0,0.0,0.0,384.65801,376.02521,106329.0,3.0,3.0,2.0,0.0,2.0,1.0,2.0,2.0,1.0,0.0,1.0,0.0,0.0,73.0,50.0,3.0,4.0,12.0,16.0,46.0,33.0,3.0,1,0.0,0.0,0.0,3.0,392.99662,0.0,0.0,1.0,348.10427,0.0,0.0,0.0,0.0,0.0,0.0,0.0,0.0,129987,360.31019,3,0,0,0,1,343.4320068359375,145287,348.4280090332031,3,0
200612362,Sosyoloji,BAŞKENT ÜNİVERSİTESİ,4,EŞİT AĞIRLIK,"21, 22, 23, 24, 64, 75",8933.0,Fen-Edebiyat Fakültesi,(İngilizce) (%50 İndirimli),ANKARA,VAKIF,0,17.0,0.0,0.0,0.0,0.0,312.11508,244.69767,944374.0,17.0,12.0,13.0,5.0,4.0,6.0,4.0,8.0,8.0,1.0,1.0,0.0,2.0,77.0,106.0,0.0,5.0,7.0,13.0,34.0,60.0,17.0,0,0.0,0.0,0.0,17.0,295.42039,0.0,0.0,0.0,0.0,0.0,0.0,0.0,0.0,5.0,0.0,0.0,0.0,1309083,218.38089,17,0,0,0,0,199.29800415039062,1518938,348.92999267578125,17,0
200650065,Turizm ve Otel İşletmeciliği,BAŞKENT ÜNİVERSİTESİ,2,TYT,"21, 64, 75",22090.0,Sosyal Bilimler Meslek Yüksekokulu,(Burslu),ANKARA,VAKIF,1,8.0,0.0,0.0,0.0,0.0,320.69177,295.4728,847348.0,8.0,1.0,4.0,7.0,5.0,1.0,4.0,2.0,3.0,4.0,2.0,1.0,0.0,136.0,194.0,9.0,8.0,22.0,49.0,75.0,116.0,8.0,1,0.0,0.0,0.0,8.0,310.60879,0.0,0.0,1.0,287.73029,0.0,0.0,0.0,0.0,0.0,0.0,0.0,0.0,845281,303.168,6,0,0,0,1,323.7659912109375,617479,369.6629943847656,6,0
200650153,Biyomedikal Cihaz Teknolojisi,BAŞKENT ÜNİVERSİTESİ,2,TYT,"64, 75",22099.0,Teknik Bilimler Meslek Yüksekokulu,(Ücretli),ANKARA,VAKIF,1,2.0,0.0,0.0,0.0,0.0,235.86166,233.09791,1851614.0,2.0,1.0,0.0,1.0,2.0,1.0,1.0,0.0,1.0,1.0,0.0,0.0,0.0,45.0,36.0,1.0,1.0,3.0,1.0,12.0,11.0,2.0,0,0.0,0.0,0.0,2.0,233.18095,0.0,0.0,0.0,0.0,0.0,0.0,0.0,0.0,2.0,0.0,0.0,0.0,1931689,232.45073,2,0,0,0,0,232.57699584960938,1964174,240.218994140625,2,0
200650162,Biyomedikal Cihaz Teknolojisi,BAŞKENT ÜNİVERSİTESİ,2,TYT,"21, 64, 75",22100.0,Teknik Bilimler Meslek Yüksekokulu,(Burslu),ANKARA,VAKIF,1,6.0,0.0,0.0,0.0,0.0,363.78098,317.3569,629409.0,6.0,4.0,2.0,2.0,3.0,2.0,1.0,2.0,3.0,0.0,0.0,1.0,0.0,130.0,113.0,12.0,6.0,23.0,20.0,65.0,66.0,5.0,1,0.0,1.0,0.0,5.0,336.43123,0.0,0.0,0.0,0.0,0.0,0.0,0.0,0.0,0.0,1.0,0.0,1.0,696743,316.87991,4,0,1,0,1,327.4100036621094,583434,373.71600341796875,4,0
200650259,Anestezi,BAŞKENT ÜNİVERSİTESİ,2,TYT,"21, 64, 75",22046.0,Sağlık Hizmetleri Meslek Yüksekokulu,(Burslu),ANKARA,VAKIF,1,8.0,0.0,0.0,0.0,0.0,383.20178,367.12344,307757.0,8.0,4.0,7.0,4.0,2.0,4.0,2.0,3.0,6.0,1.0,0.0,0.0,1.0,638.0,545.0,45.0,40.0,149.0,133.0,397.0,342.0,7.0,1,0.0,1.0,0.0,7.0,390.59519,0.0,0.0,1.0,353.17739,0.0,0.0,1.0,309.0,0.0,0.0,0.0,0.0,321739,367.87494,7,0,1,0,1,370.62701416015625,301021,401.5320129394531,7,0
200650277,Diyaliz,BAŞKENT ÜNİVERSİTESİ,2,TYT,"21, 64, 75",22048.0,Sağlık Hizmetleri Meslek Yüksekokulu,(Burslu),ANKARA,VAKIF,1,8.0,0.0,0.0,0.0,0.0,347.68024,320.49893,596120.0,8.0,6.0,7.0,2.0,2.0,2.0,3.0,3.0,5.0,3.0,0.0,0.0,1.0,196.0,211.0,16.0,10.0,35.0,30.0,91.0,100.0,8.0,1,0.0,1.0,0.0,8.0,339.02553,0.0,0.0,1.0,322.66283,0.0,0.0,0.0,0.0,0.0,1.0,0.0,0.0,618140,325.12679,7,0,1,0,1,331.9700012207031,543762,368.1730041503906,7,0
200650295,Ameliyathane Hizmetleri,BAŞKENT ÜNİVERSİTESİ,2,TYT,"21, 64, 75",22044.0,Sağlık Hizmetleri Meslek Yüksekokulu,(Burslu),ANKARA,VAKIF,1,8.0,0.0,0.0,0.0,0.0,336.22928,318.77178,617028.0,8.0,4.0,5.0,4.0,3.0,1.0,3.0,2.0,3.0,4.0,2.0,1.0,0.0,370.0,268.0,11.0,9.0,42.0,31.0,162.0,122.0,7.0,1,0.0,1.0,0.0,7.0,352.51705,0.0,0.0,1.0,326.67567,0.0,0.0,0.0,0.0,0.0,1.0,0.0,0.0,599976,327.15261,7,0,1,0,1,337.1080017089844,502463,352.4070129394531,7,0
200650365,Tıbbi Dokümantasyon ve Sekreterlik,BAŞKENT ÜNİVERSİTESİ,2,TYT,"64, 75",22064.0,Sağlık Hizmetleri Meslek Yüksekokulu,(Ücretli),ANKARA,VAKIF,1,1.0,0.0,0.0,0.0,0.0,258.31932,258.31932,1367292.0,1.0,1.0,0.0,0.0,1.0,0.0,0.0,1.0,0.0,0.0,0.0,0.0,1.0,32.0,64.0,1.0,2.0,5.0,9.0,14.0,30.0,1.0,0,0.0,0.0,0.0,1.0,306.17427,0.0,0.0,0.0,0.0,0.0,0.0,0.0,0.0,2.0,0.0,0.0,0.0,810973,306.17427,2,0,0,0,0,261.947998046875,1449459,265.6050109863281,2,0
200650374,Tıbbi Dokümantasyon ve Sekreterlik,BAŞKENT ÜNİVERSİTESİ,2,TYT,"21, 64, 75",22065.0,Sağlık Hizmetleri Meslek Yüksekokulu,(Burslu),ANKARA,VAKIF,1,4.0,0.0,0.0,0.0,0.0,368.50232,321.6258,498008.0,4.0,4.0,3.0,0.0,2.0,0.0,1.0,1.0,4.0,1.0,0.0,2.0,0.0,230.0,333.0,5.0,21.0,27.0,59.0,111.0,181.0,4.0,1,0.0,0.0,0.0,4.0,357.02515,0.0,0.0,1.0,323.00588,0.0,0.0,0.0,0.0,0.0,0.0,0.0,0.0,471511,343.20368,4,0,0,0,1,350.843994140625,406818,359.5740051269531,4,0
200650444,Anestezi,BAŞKENT ÜNİVERSİTESİ,2,TYT,"64, 75",21993.0,Adana Sağlık Hizmetleri Meslek Yüksekokulu,(Ücretli),ANKARA,VAKIF,1,5.0,0.0,0.0,0.0,0.0,293.76583,286.25101,942443.0,5.0,3.0,6.0,2.0,1.0,0.0,0.0,4.0,6.0,1.0,1.0,0.0,0.0,366.0,163.0,25.0,16.0,99.0,44.0,229.0,105.0,7.0,0,0.0,0.0,0.0,7.0,302.37201,0.0,0.0,0.0,0.0,0.0,0.0,0.0,0.0,3.0,0.0,0.0,0.0,1051504,286.72856,7,0,0,0,0,270.5840148925781,1309127,315.0889892578125,7,0
200650453,Anestezi,BAŞKENT ÜNİVERSİTESİ,2,TYT,"21, 64, 75",21994.0,Adana Sağlık Hizmetleri Meslek Yüksekokulu,(Burslu),ANKARA,VAKIF,1,7.0,0.0,0.0,0.0,0.0,350.3358,340.06113,449293.0,7.0,7.0,6.0,0.0,3.0,2.0,2.0,5.0,4.0,0.0,1.0,0.0,2.0,471.0,376.0,48.0,36.0,144.0,107.0,305.0,251.0,8.0,1,0.0,1.0,0.0,8.0,388.50866,0.0,0.0,1.0,349.12229,0.0,0.0,0.0,0.0,1.0,1.0,0.0,0.0,415480,351.40982,7,0,1,0,1,364.4849853515625,330577,396.6759948730469,7,0
200650462,Fizyoterapi,BAŞKENT ÜNİVERSİTESİ,2,TYT,"64, 75",21996.0,Adana Sağlık Hizmetleri Meslek Yüksekokulu,(Ücretli),ANKARA,VAKIF,1,2.0,0.0,0.0,0.0,0.0,325.38501,318.05902,561850.0,2.0,0.0,5.0,2.0,0.0,1.0,1.0,0.0,4.0,1.0,0.0,0.0,0.0,138.0,58.0,3.0,3.0,22.0,15.0,83.0,35.0,5.0,0,0.0,0.0,0.0,5.0,268.27915,0.0,0.0,0.0,0.0,0.0,0.0,0.0,0.0,3.0,0.0,0.0,0.0,1554971,253.50118,6,0,0,0,0,243.70599365234375,1763243,253.51600646972656,6,0
200650471,Fizyoterapi,BAŞKENT ÜNİVERSİTESİ,2,TYT,"21, 64, 75",21997.0,Adana Sağlık Hizmetleri Meslek Yüksekokulu,(Burslu),ANKARA,VAKIF,1,8.0,0.0,0.0,0.0,0.0,350.06364,321.42128,594245.0,8.0,7.0,5.0,1.0,3.0,3.0,0.0,4.0,5.0,0.0,2.0,1.0,1.0,293.0,196.0,16.0,16.0,54.0,47.0,159.0,121.0,7.0,1,0.0,1.0,0.0,7.0,345.8322,0.0,0.0,1.0,326.75633,0.0,0.0,0.0,0.0,2.0,1.0,0.0,0.0,596811,327.52171,7,0,1,0,1,334.5329895019531,522545,359.5870056152344,7,0
200650498,Radyo ve Televizyon Programcılığı,BAŞKENT ÜNİVERSİTESİ,2,TYT,"21, 64, 75",22088.0,Sosyal Bilimler Meslek Yüksekokulu,(Burslu),ANKARA,VAKIF,1,5.0,0.0,0.0,0.0,0.0,407.29441,321.32505,595059.0,5.0,3.0,5.0,2.0,1.0,0.0,0.0,0.0,2.0,1.0,3.0,4.0,1.0,133.0,132.0,15.0,13.0,37.0,36.0,85.0,86.0,5.0,1,0.0,0.0,0.0,5.0,359.50812,0.0,0.0,1.0,247.12186,0.0,0.0,0.0,0.0,2.0,0.0,0.0,0.0,556194,332.29028,5,0,0,0,1,344.7229919433594,446986,374.1929931640625,5,0
200650514,Fotoğrafçılık ve Kameramanlık,BAŞKENT ÜNİVERSİTESİ,2,TYT,"21, 64, 75",22080.0,Sosyal Bilimler Meslek Yüksekokulu,(Burslu),ANKARA,VAKIF,1,5.0,0.0,0.0,0.0,0.0,390.12217,328.78196,535342.0,5.0,2.0,4.0,3.0,2.0,1.0,1.0,0.0,1.0,0.0,1.0,4.0,3.0,148.0,118.0,19.0,11.0,48.0,33.0,105.0,79.0,5.0,1,0.0,0.0,0.0,5.0,344.76111,0.0,0.0,1.0,225.01297,0.0,0.0,0.0,0.0,2.0,0.0,0.0,0.0,506649,338.47557,5,0,0,0,1,329.38800048828125,565950,349.65399169921875,5,0
200650717,Fizyoterapi,BAŞKENT ÜNİVERSİTESİ,2,TYT,"64, 75",22050.0,Sağlık Hizmetleri Meslek Yüksekokulu,(Ücretli),ANKARA,VAKIF,1,2.0,0.0,0.0,0.0,0.0,289.52951,270.52315,1175400.0,2.0,0.0,2.0,2.0,0.0,2.0,1.0,0.0,0.0,0.0,0.0,0.0,1.0,128.0,89.0,6.0,3.0,26.0,17.0,66.0,52.0,2.0,0,0.0,0.0,0.0,2.0,259.6905,0.0,0.0,0.0,0.0,0.0,0.0,0.0,0.0,1.0,0.0,0.0,0.0,1558910,253.26851,7,0,0,0,0,241.29600524902344,1806192,264.62298583984375,7,0
200650726,Patoloji Laboratuvar Teknikleri,BAŞKENT ÜNİVERSİTESİ,2,TYT,"64, 75",22061.0,Sağlık Hizmetleri Meslek Yüksekokulu,(Ücretli),ANKARA,VAKIF,1,2.0,0.0,0.0,0.0,0.0,261.27338,254.00208,1441098.0,2.0,2.0,1.0,0.0,1.0,0.0,1.0,2.0,1.0,0.0,0.0,0.0,0.0,121.0,68.0,2.0,4.0,10.0,11.0,50.0,35.0,2.0,0,0.0,0.0,0.0,2.0,241.12277,0.0,0.0,0.0,0.0,0.0,0.0,0.0,0.0,1.0,0.0,0.0,0.0,1808185,239.08348,5,0,0,0,0,244.8470001220703,1742971,271.5989990234375,5,0
200650735,Patoloji Laboratuvar Teknikleri,BAŞKENT ÜNİVERSİTESİ,2,TYT,"21, 64, 75",22062.0,Sağlık Hizmetleri Meslek Yüksekokulu,(Burslu),ANKARA,VAKIF,1,8.0,0.0,0.0,0.0,0.0,334.48784,319.85346,607623.0,8.0,4.0,5.0,4.0,4.0,4.0,2.0,3.0,5.0,0.0,1.0,1.0,0.0,277.0,162.0,3.0,2.0,23.0,18.0,106.0,76.0,8.0,1,0.0,1.0,0.0,8.0,332.73581,0.0,0.0,1.0,313.70064,0.0,0.0,0.0,0.0,0.0,1.0,0.0,0.0,666519,319.9615,7,0,1,0,1,328.010009765625,578028,336.3280029296875,7,0
200650753,Tıbbi Görüntüleme Teknikleri,BAŞKENT ÜNİVERSİTESİ,2,TYT,"21, 64, 75",22002.0,Adana Sağlık Hizmetleri Meslek Yüksekokulu,(Burslu),ANKARA,VAKIF,1,8.0,0.0,0.0,0.0,0.0,344.80781,323.2009,579509.0,8.0,5.0,7.0,3.0,2.0,2.0,0.0,5.0,8.0,1.0,1.0,0.0,0.0,327.0,286.0,23.0,17.0,96.0,60.0,214.0,178.0,8.0,1,0.0,1.0,0.0,8.0,355.43041,0.0,0.0,1.0,330.4458,0.0,0.0,0.0,0.0,1.0,1.0,0.0,0.0,566040,331.11527,7,0,1,0,1,344.3340148925781,449682,362.3420104980469,7,0
200650762,Tıbbi Görüntüleme Teknikleri,BAŞKENT ÜNİVERSİTESİ,2,TYT,"64, 75",22067.0,Sağlık Hizmetleri Meslek Yüksekokulu,(Ücretli),ANKARA,VAKIF,1,2.0,0.0,0.0,0.0,0.0,269.18184,268.34347,1208028.0,2.0,2.0,2.0,0.0,0.0,0.0,0.0,2.0,1.0,0.0,0.0,0.0,1.0,195.0,91.0,3.0,0.0,17.0,9.0,90.0,37.0,2.0,0,0.0,0.0,0.0,2.0,278.07972,0.0,0.0,0.0,0.0,0.0,0.0,0.0,0.0,1.0,0.0,0.0,0.0,1412540,262.16261,4,0,0,0,0,259.4679870605469,1490777,285.08599853515625,4,0
200650771,Tıbbi Görüntüleme Teknikleri,BAŞKENT ÜNİVERSİTESİ,2,TYT,"21, 64, 75",22068.0,Sağlık Hizmetleri Meslek Yüksekokulu,(Burslu),ANKARA,VAKIF,1,8.0,0.0,0.0,0.0,0.0,408.21194,340.18462,454888.0,8.0,6.0,3.0,2.0,5.0,2.0,1.0,3.0,6.0,1.0,0.0,1.0,1.0,415.0,387.0,9.0,19.0,52.0,50.0,228.0,207.0,7.0,1,0.0,1.0,0.0,7.0,351.38605,0.0,0.0,1.0,323.61883,0.0,0.0,0.0,0.0,1.0,1.0,0.0,0.0,458336,345.05561,6,0,1,0,1,354.7409973144531,383258,365.1159973144531,6,0
200650789,Fizyoterapi,BAŞKENT ÜNİVERSİTESİ,2,TYT,"21, 64, 75",22051.0,Sağlık Hizmetleri Meslek Yüksekokulu,(Burslu),ANKARA,VAKIF,1,8.0,0.0,0.0,0.0,0.0,409.64545,341.10575,448929.0,8.0,8.0,7.0,0.0,2.0,1.0,2.0,3.0,4.0,3.0,1.0,1.0,2.0,340.0,298.0,19.0,24.0,78.0,70.0,211.0,173.0,8.0,1,0.0,1.0,0.0,8.0,393.07659,0.0,0.0,1.0,332.28861,0.0,0.0,0.0,0.0,1.0,1.0,0.0,0.0,420512,350.62378,7,0,1,0,1,349.64300537109375,414441,403.9179992675781,7,0
200650805,Muhasebe ve Vergi Uygulamaları,BAŞKENT ÜNİVERSİTESİ,2,TYT,"21, 64, 75",22084.0,Sosyal Bilimler Meslek Yüksekokulu,(Burslu),ANKARA,VAKIF,1,6.0,0.0,0.0,0.0,0.0,313.31308,299.4352,806810.0,6.0,5.0,6.0,1.0,1.0,1.0,2.0,4.0,3.0,1.0,2.0,0.0,0.0,123.0,172.0,6.0,7.0,33.0,37.0,74.0,108.0,6.0,1,0.0,0.0,0.0,6.0,411.65202,0.0,0.0,1.0,249.54666,0.0,0.0,0.0,0.0,0.0,0.0,0.0,1.0,673392,319.24412,5,0,0,0,1,324.34698486328125,611737,331.0249938964844,5,0
200650823,İşletme Yönetimi,BAŞKENT ÜNİVERSİTESİ,2,TYT,"21, 64, 75",22024.0,Kahramankazan Meslek Yüksekokulu,(Burslu),ANKARA,VAKIF,1,8.0,0.0,0.0,0.0,0.0,309.06348,282.78656,1005325.0,8.0,3.0,6.0,5.0,3.0,4.0,1.0,3.0,4.0,0.0,2.0,1.0,2.0,91.0,112.0,5.0,7.0,16.0,15.0,54.0,58.0,8.0,1,0.0,0.0,0.0,8.0,313.1896,0.0,0.0,1.0,257.74168,0.0,0.0,0.0,0.0,1.0,0.0,0.0,0.0,933480,295.83544,6,0,0,0,1,305.0159912109375,820214,327.0360107421875,6,0
200650832,Fizyoterapi,BAŞKENT ÜNİVERSİTESİ,2,TYT,"21, 64, 75",22052.0,Sağlık Hizmetleri Meslek Yüksekokulu,(%25 İndirimli),ANKARA,VAKIF,1,45.0,0.0,0.0,0.0,0.0,310.94166,262.42464,1298506.0,45.0,34.0,36.0,11.0,13.0,9.0,10.0,29.0,30.0,4.0,7.0,2.0,0.0,517.0,246.0,22.0,11.0,77.0,37.0,270.0,142.0,49.0,0,0.0,0.0,0.0,49.0,298.66515,0.0,0.0,0.0,0.0,0.0,0.0,0.0,0.0,11.0,0.0,0.0,0.0,1927552,232.67009,39,0,0,0,0,246.13699340820312,1720389,300.885009765625,39,0
200650859,Anestezi,BAŞKENT ÜNİVERSİTESİ,2,TYT,"21, 64, 75",22047.0,Sağlık Hizmetleri Meslek Yüksekokulu,(%25 İndirimli),ANKARA,VAKIF,1,47.0,0.0,0.0,0.0,0.0,349.18617,293.62941,871919.0,47.0,41.0,37.0,6.0,10.0,11.0,18.0,32.0,24.0,2.0,3.0,1.0,2.0,869.0,329.0,76.0,20.0,213.0,81.0,542.0,210.0,47.0,0,0.0,0.0,0.0,47.0,327.08225,0.0,0.0,0.0,0.0,0.0,0.0,0.0,0.0,5.0,0.0,0.0,0.0,1086271,284.17488,42,0,0,0,0,287.8819885253906,1047111,321.50799560546875,42,0
200650877,Tıbbi Görüntüleme Teknikleri,BAŞKENT ÜNİVERSİTESİ,2,TYT,"21, 64, 75",22069.0,Sağlık Hizmetleri Meslek Yüksekokulu,(%25 İndirimli),ANKARA,VAKIF,1,40.0,0.0,0.0,0.0,0.0,322.5662,271.48651,1161325.0,40.0,21.0,32.0,19.0,8.0,12.0,8.0,23.0,24.0,3.0,4.0,1.0,0.0,506.0,244.0,18.0,10.0,60.0,37.0,255.0,136.0,40.0,0,0.0,0.0,0.0,40.0,307.6388,0.0,0.0,0.0,0.0,0.0,0.0,0.0,0.0,5.0,0.0,0.0,0.0,1420813,261.64276,34,0,0,0,0,263.03900146484375,1431224,301.3389892578125,34,0
200651018,Büro Yönetimi ve Yönetici Asistanlığı,BAŞKENT ÜNİVERSİTESİ,2,TYT,"21, 64, 75",22075.0,Sosyal Bilimler Meslek Yüksekokulu,(Burslu),ANKARA,VAKIF,1,8.0,0.0,0.0,0.0,0.0,316.1246,286.42673,958666.0,8.0,7.0,4.0,1.0,5.0,3.0,0.0,4.0,4.0,1.0,3.0,0.0,1.0,127.0,184.0,8.0,9.0,22.0,37.0,61.0,94.0,8.0,1,0.0,0.0,0.0,8.0,314.83022,0.0,0.0,1.0,266.5622,0.0,0.0,0.0,0.0,0.0,0.0,0.0,0.0,883534,299.9243,7,0,0,0,1,313.2510070800781,725497,334.2860107421875,7,0
200651054,İlk ve Acil Yardım,BAŞKENT ÜNİVERSİTESİ,2,TYT,"64, 75",21999.0,Adana Sağlık Hizmetleri Meslek Yüksekokulu,(Ücretli),ANKARA,VAKIF,1,,,,,,,,,,,,,,,,,,,,,,,,,,,,,,,,,,,,,,,,,,,,,,,,,0,0.0,4,0,0,0,0,254.75399780273438,1570922,270.4159851074219,4,0
200651063,İlk ve Acil Yardım,BAŞKENT ÜNİVERSİTESİ,2,TYT,"21, 64, 75",22000.0,Adana Sağlık Hizmetleri Meslek Yüksekokulu,(Burslu),ANKARA,VAKIF,1,7.0,0.0,0.0,0.0,0.0,360.6949,339.60213,458687.0,7.0,7.0,7.0,0.0,2.0,0.0,0.0,5.0,5.0,1.0,2.0,1.0,2.0,351.0,313.0,43.0,20.0,107.0,71.0,242.0,201.0,8.0,1,0.0,1.0,0.0,8.0,377.57629,0.0,0.0,1.0,341.62119,0.0,0.0,0.0,0.0,1.0,1.0,0.0,0.0,482566,341.67997,7,0,1,0,1,353.1809997558594,392609,376.5889892578125,7,0
200651081,İlk ve Acil Yardım,BAŞKENT ÜNİVERSİTESİ,2,TYT,"64, 75",22053.0,Sağlık Hizmetleri Meslek Yüksekokulu,(Ücretli),ANKARA,VAKIF,1,2.0,0.0,0.0,0.0,0.0,276.00978,274.84269,1096784.0,2.0,0.0,1.0,2.0,1.0,0.0,1.0,1.0,1.0,1.0,0.0,0.0,0.0,273.0,166.0,8.0,9.0,52.0,34.0,152.0,106.0,2.0,0,0.0,0.0,0.0,2.0,281.39612,0.0,0.0,0.0,0.0,0.0,0.0,0.0,0.0,1.0,0.0,0.0,0.0,1220243,274.71145,7,0,0,0,0,263.3999938964844,1425336,311.8169860839844,7,0
200651099,İlk ve Acil Yardım,BAŞKENT ÜNİVERSİTESİ,2,TYT,"21, 64, 75",22054.0,Sağlık Hizmetleri Meslek Yüksekokulu,(Burslu),ANKARA,VAKIF,1,8.0,0.0,0.0,0.0,0.0,363.53087,349.78742,396033.0,8.0,6.0,7.0,2.0,2.0,2.0,2.0,6.0,7.0,0.0,0.0,0.0,0.0,446.0,369.0,28.0,19.0,84.0,74.0,281.0,239.0,8.0,1,0.0,1.0,0.0,8.0,360.51922,0.0,0.0,1.0,347.35713,0.0,0.0,0.0,0.0,0.0,1.0,0.0,0.0,407696,352.64728,7,0,1,0,1,353.77801513671875,389014,390.4429931640625,7,0
200651106,İlk ve Acil Yardım,BAŞKENT ÜNİVERSİTESİ,2,TYT,"21, 64, 75",22055.0,Sağlık Hizmetleri Meslek Yüksekokulu,(%25 İndirimli),ANKARA,VAKIF,1,45.0,0.0,0.0,0.0,0.0,323.42474,280.10366,1035334.0,45.0,32.0,38.0,13.0,11.0,10.0,1.0,27.0,28.0,2.0,4.0,3.0,5.0,668.0,330.0,32.0,22.0,149.0,74.0,428.0,203.0,49.0,0,0.0,0.0,0.0,49.0,323.45286,0.0,0.0,0.0,0.0,0.0,0.0,0.0,0.0,10.0,0.0,0.0,0.0,1212633,275.23163,39,0,0,0,0,272.93499755859375,1271781,314.4530029296875,39,0
200651124,İlk ve Acil Yardım,BAŞKENT ÜNİVERSİTESİ,2,TYT,"21, 64, 75",22039.0,Konya Sağlık Hizmetleri Meslek Yüksekokulu,(Burslu),ANKARA,VAKIF,1,8.0,0.0,0.0,0.0,0.0,353.83837,332.15719,510567.0,8.0,6.0,6.0,2.0,3.0,1.0,1.0,5.0,6.0,0.0,0.0,1.0,1.0,212.0,188.0,22.0,20.0,52.0,51.0,144.0,106.0,7.0,1,0.0,1.0,0.0,7.0,372.692,0.0,0.0,1.0,333.19232,0.0,0.0,1.0,180.0,1.0,0.0,0.0,0.0,489013,340.80506,6,0,1,0,1,342.8789978027344,459734,350.8450012207031,6,0
200651178,Dış Ticaret,BAŞKENT ÜNİVERSİTESİ,2,TYT,"21, 64, 75",22014.0,Kahramankazan Meslek Yüksekokulu,(Burslu),ANKARA,VAKIF,1,8.0,0.0,0.0,0.0,0.0,323.49028,291.88606,892205.0,8.0,2.0,2.0,6.0,7.0,3.0,3.0,3.0,3.0,1.0,1.0,1.0,2.0,97.0,150.0,7.0,13.0,18.0,34.0,50.0,86.0,8.0,1,0.0,0.0,0.0,8.0,342.61862,0.0,0.0,1.0,264.50456,0.0,0.0,0.0,0.0,1.0,0.0,0.0,0.0,716819,314.92874,7,0,0,0,1,312.9800109863281,728485,326.3479919433594,7,0
200651196,Lojistik,BAŞKENT ÜNİVERSİTESİ,2,TYT,"21, 64, 75",22028.0,Kahramankazan Meslek Yüksekokulu,(Burslu),ANKARA,VAKIF,1,8.0,0.0,0.0,0.0,0.0,299.39544,282.05269,1014767.0,8.0,3.0,3.0,5.0,2.0,3.0,1.0,2.0,4.0,1.0,0.0,1.0,0.0,144.0,184.0,8.0,6.0,26.0,28.0,68.0,81.0,4.0,1,0.0,0.0,0.0,4.0,327.1111,0.0,0.0,1.0,298.18771,0.0,0.0,0.0,0.0,0.0,0.0,0.0,0.0,809857,306.27515,4,0,0,0,1,318.22601318359375,672535,332.4909973144531,4,0
200651212,Mekatronik,BAŞKENT ÜNİVERSİTESİ,2,TYT,"21, 64, 75",22032.0,Kahramankazan Meslek Yüksekokulu,(Burslu),ANKARA,VAKIF,1,8.0,0.0,0.0,0.0,0.0,334.24119,311.802,680549.0,8.0,1.0,2.0,7.0,7.0,3.0,3.0,5.0,5.0,0.0,1.0,0.0,0.0,212.0,203.0,3.0,9.0,29.0,35.0,97.0,114.0,7.0,1,0.0,1.0,0.0,7.0,337.10516,0.0,0.0,1.0,306.72702,0.0,0.0,1.0,306.0,0.0,0.0,0.0,0.0,624763,324.39022,6,0,1,0,1,328.4230041503906,574313,332.9179992675781,6,0
200651239,Ameliyathane Hizmetleri,BAŞKENT ÜNİVERSİTESİ,2,TYT,"21, 64, 75",22045.0,Sağlık Hizmetleri Meslek Yüksekokulu,(%50 İndirimli),ANKARA,VAKIF,1,47.0,0.0,0.0,0.0,0.0,314.53132,263.43284,1262527.0,47.0,37.0,29.0,10.0,18.0,12.0,15.0,27.0,24.0,4.0,5.0,1.0,1.0,695.0,309.0,24.0,11.0,96.0,57.0,363.0,176.0,47.0,0,0.0,0.0,0.0,47.0,316.8931,0.0,0.0,0.0,0.0,0.0,0.0,0.0,0.0,9.0,0.0,0.0,0.0,1605273,250.53811,42,0,0,0,0,260.4880065917969,1473665,318.00299072265625,42,0
200651257,Diyaliz,BAŞKENT ÜNİVERSİTESİ,2,TYT,"21, 64, 75",22049.0,Sağlık Hizmetleri Meslek Yüksekokulu,(%50 İndirimli),ANKARA,VAKIF,1,42.0,0.0,0.0,0.0,0.0,303.85295,263.113,1288902.0,42.0,37.0,37.0,5.0,14.0,11.0,15.0,27.0,30.0,2.0,3.0,2.0,1.0,570.0,270.0,18.0,5.0,75.0,20.0,290.0,121.0,51.0,0,0.0,0.0,0.0,51.0,305.61402,0.0,0.0,0.0,0.0,0.0,0.0,0.0,0.0,9.0,0.0,0.0,0.0,1978492,229.98547,46,0,0,0,0,245.06399536132812,1739175,314.9580078125,46,0
200651284,Patoloji Laboratuvar Teknikleri,BAŞKENT ÜNİVERSİTESİ,2,TYT,"21, 64, 75",22063.0,Sağlık Hizmetleri Meslek Yüksekokulu,(%50 İndirimli),ANKARA,VAKIF,1,40.0,0.0,0.0,0.0,0.0,298.7226,260.13691,1337165.0,40.0,32.0,41.0,8.0,8.0,13.0,1.0,23.0,26.0,2.0,7.0,0.0,4.0,547.0,271.0,21.0,11.0,69.0,43.0,272.0,145.0,49.0,0,0.0,0.0,0.0,49.0,303.16189,0.0,0.0,0.0,0.0,0.0,0.0,0.0,0.0,6.0,0.0,0.0,0.0,1750787,242.23242,41,0,0,0,0,250.90499877929688,1636963,324.8869934082031,41,0
200651293,Tıbbi Dokümantasyon ve Sekreterlik,BAŞKENT ÜNİVERSİTESİ,2,TYT,"21, 64, 75",22066.0,Sağlık Hizmetleri Meslek Yüksekokulu,(%50 İndirimli),ANKARA,VAKIF,1,20.0,0.0,0.0,0.0,0.0,315.02406,255.35287,1417824.0,20.0,13.0,16.0,7.0,4.0,7.0,7.0,12.0,12.0,1.0,0.0,0.0,0.0,290.0,382.0,9.0,23.0,37.0,76.0,121.0,217.0,20.0,0,0.0,0.0,0.0,20.0,315.04541,0.0,0.0,0.0,0.0,0.0,0.0,0.0,0.0,1.0,0.0,0.0,0.0,1256009,272.30922,17,0,0,0,0,283.79400634765625,1106599,321.5690002441406,17,0
200651318,Büro Yönetimi ve Yönetici Asistanlığı,BAŞKENT ÜNİVERSİTESİ,2,TYT,"21, 64, 75",22076.0,Sosyal Bilimler Meslek Yüksekokulu,(%50 İndirimli),ANKARA,VAKIF,1,12.0,0.0,0.0,0.0,0.0,265.04964,234.53016,1820686.0,12.0,9.0,6.0,3.0,6.0,4.0,4.0,8.0,5.0,0.0,0.0,0.0,0.0,76.0,109.0,1.0,1.0,12.0,15.0,34.0,62.0,12.0,0,0.0,0.0,0.0,12.0,264.52015,0.0,0.0,0.0,0.0,0.0,0.0,0.0,0.0,6.0,0.0,0.0,0.0,1867572,235.86653,11,0,0,0,0,216.24899291992188,2265198,251.3939971923828,11,0
200651327,Fotoğrafçılık ve Kameramanlık,BAŞKENT ÜNİVERSİTESİ,2,TYT,"21, 64, 75",22081.0,Sosyal Bilimler Meslek Yüksekokulu,(%50 İndirimli),ANKARA,VAKIF,1,15.0,0.0,0.0,0.0,0.0,270.29402,227.32113,1983071.0,15.0,8.0,8.0,7.0,7.0,4.0,4.0,8.0,10.0,2.0,0.0,0.0,0.0,102.0,102.0,5.0,10.0,15.0,20.0,52.0,57.0,15.0,0,0.0,0.0,0.0,15.0,269.16221,0.0,0.0,0.0,0.0,0.0,0.0,0.0,0.0,9.0,0.0,0.0,0.0,2115887,222.9434,13,0,0,0,0,220.77099609375,2182484,294.4519958496094,13,0
200651336,Muhasebe ve Vergi Uygulamaları,BAŞKENT ÜNİVERSİTESİ,2,TYT,"21, 64, 75",22085.0,Sosyal Bilimler Meslek Yüksekokulu,(%50 İndirimli),ANKARA,VAKIF,1,19.0,0.0,0.0,0.0,0.0,278.98072,243.98598,1626627.0,19.0,3.0,5.0,16.0,14.0,3.0,5.0,13.0,12.0,1.0,1.0,1.0,1.0,129.0,134.0,8.0,13.0,21.0,30.0,65.0,81.0,19.0,0,0.0,0.0,0.0,19.0,286.51799,0.0,0.0,0.0,0.0,0.0,0.0,0.0,0.0,2.0,0.0,0.0,0.0,1808867,239.04547,18,0,0,0,0,231.5570068359375,1983137,265.11700439453125,18,0
200651345,Radyo ve Televizyon Programcılığı,BAŞKENT ÜNİVERSİTESİ,2,TYT,"21, 64, 75",22089.0,Sosyal Bilimler Meslek Yüksekokulu,(%50 İndirimli),ANKARA,VAKIF,1,20.0,0.0,0.0,0.0,0.0,312.11518,243.70266,1632233.0,20.0,12.0,10.0,8.0,10.0,4.0,14.0,10.0,4.0,4.0,2.0,1.0,0.0,185.0,134.0,7.0,7.0,29.0,37.0,93.0,83.0,20.0,0,0.0,0.0,0.0,20.0,295.50832,0.0,0.0,0.0,0.0,0.0,0.0,0.0,0.0,9.0,0.0,0.0,0.0,1699727,245.10535,18,0,0,0,0,226.25599670410156,2081247,318.3320007324219,18,0
200651354,Turizm ve Otel İşletmeciliği,BAŞKENT ÜNİVERSİTESİ,2,TYT,"21, 64, 75",22091.0,Sosyal Bilimler Meslek Yüksekokulu,(%50 İndirimli),ANKARA,VAKIF,1,12.0,0.0,0.0,0.0,0.0,296.54655,243.58651,1634442.0,12.0,5.0,7.0,7.0,10.0,3.0,10.0,8.0,5.0,1.0,1.0,0.0,0.0,154.0,136.0,8.0,7.0,22.0,32.0,66.0,78.0,17.0,0,0.0,0.0,0.0,17.0,286.52592,0.0,0.0,0.0,0.0,0.0,0.0,0.0,0.0,4.0,0.0,0.0,0.0,1615117,249.96646,17,0,0,0,0,226.93699645996094,2068538,294.1719970703125,17,0
200651372,Biyomedikal Cihaz Teknolojisi,BAŞKENT ÜNİVERSİTESİ,2,TYT,"21, 64, 75",22101.0,Teknik Bilimler Meslek Yüksekokulu,(%50 İndirimli),ANKARA,VAKIF,1,32.0,0.0,0.0,0.0,0.0,289.29352,239.42694,1717312.0,32.0,11.0,9.0,21.0,23.0,11.0,8.0,17.0,22.0,1.0,2.0,1.0,0.0,190.0,217.0,6.0,4.0,22.0,31.0,99.0,101.0,32.0,0,0.0,0.0,0.0,32.0,274.37087,0.0,0.0,0.0,0.0,0.0,0.0,0.0,0.0,2.0,0.0,0.0,0.0,1915674,233.29834,29,0,0,0,0,216.11199951171875,2267678,314.5989990234375,29,0
200651399,Dış Ticaret,BAŞKENT ÜNİVERSİTESİ,2,TYT,"21, 64, 75",22015.0,Kahramankazan Meslek Yüksekokulu,(%50 İndirimli),ANKARA,VAKIF,1,17.0,0.0,0.0,0.0,0.0,251.29188,219.31158,2176927.0,17.0,2.0,3.0,15.0,14.0,5.0,4.0,10.0,6.0,0.0,0.0,0.0,0.0,91.0,183.0,2.0,4.0,17.0,30.0,47.0,106.0,17.0,0,0.0,0.0,0.0,17.0,265.38967,0.0,0.0,0.0,0.0,0.0,0.0,0.0,0.0,10.0,0.0,0.0,0.0,1991086,229.33004,16,0,0,0,0,222.36700439453125,2153054,297.6289978027344,16,0
200651415,İşletme Yönetimi,BAŞKENT ÜNİVERSİTESİ,2,TYT,"21, 64, 75",22025.0,Kahramankazan Meslek Yüksekokulu,(%50 İndirimli),ANKARA,VAKIF,1,12.0,0.0,0.0,0.0,0.0,281.81282,221.8927,2112832.0,12.0,5.0,2.0,7.0,10.0,2.0,3.0,9.0,9.0,0.0,0.0,0.0,0.0,74.0,142.0,2.0,5.0,5.0,19.0,41.0,75.0,12.0,0,0.0,0.0,0.0,12.0,251.57201,0.0,0.0,0.0,0.0,0.0,0.0,0.0,0.0,3.0,0.0,0.0,0.0,2121188,222.67771,12,0,0,0,0,209.83399963378906,2380141,231.86700439453125,12,0
200651433,Lojistik,BAŞKENT ÜNİVERSİTESİ,2,TYT,"21, 64, 75",22029.0,Kahramankazan Meslek Yüksekokulu,(%50 İndirimli),ANKARA,VAKIF,1,12.0,0.0,0.0,0.0,0.0,253.87749,214.10602,2306120.0,12.0,3.0,2.0,9.0,19.0,4.0,3.0,7.0,16.0,0.0,1.0,0.0,0.0,57.0,166.0,0.0,2.0,10.0,15.0,22.0,72.0,21.0,0,0.0,0.0,0.0,21.0,248.34353,0.0,0.0,0.0,0.0,0.0,0.0,0.0,0.0,11.0,0.0,0.0,0.0,2167567,220.35354,19,0,0,0,0,210.5500030517578,2367447,262.55999755859375,19,0
200651451,Mekatronik,BAŞKENT ÜNİVERSİTESİ,2,TYT,"21, 64, 75",22033.0,Kahramankazan Meslek Yüksekokulu,(%50 İndirimli),ANKARA,VAKIF,1,22.0,0.0,0.0,0.0,0.0,300.04186,250.34338,1500467.0,22.0,1.0,2.0,21.0,25.0,10.0,6.0,11.0,20.0,1.0,1.0,0.0,0.0,167.0,192.0,3.0,10.0,25.0,32.0,81.0,112.0,27.0,0,0.0,0.0,0.0,27.0,286.27198,0.0,0.0,0.0,0.0,0.0,0.0,0.0,0.0,8.0,0.0,0.0,0.0,1549051,253.85401,24,0,0,0,0,247.6199951171875,1694251,286.7760009765625,24,0
200651469,İlk ve Acil Yardım,BAŞKENT ÜNİVERSİTESİ,2,TYT,"21, 64, 75",22040.0,Konya Sağlık Hizmetleri Meslek Yüksekokulu,(%50 İndirimli),ANKARA,VAKIF,1,42.0,0.0,0.0,0.0,0.0,328.7209,278.77085,1037217.0,42.0,25.0,27.0,17.0,15.0,5.0,8.0,19.0,25.0,8.0,4.0,6.0,3.0,277.0,222.0,24.0,27.0,64.0,58.0,169.0,129.0,42.0,0,0.0,0.0,0.0,42.0,329.08642,0.0,0.0,0.0,0.0,0.0,0.0,0.0,0.0,12.0,0.0,0.0,0.0,1317078,268.27681,38,0,0,0,0,272.2959899902344,1281848,320.760009765625,38,0
200651496,Fizyoterapi,BAŞKENT ÜNİVERSİTESİ,2,TYT,"21, 64, 75",21998.0,Adana Sağlık Hizmetleri Meslek Yüksekokulu,(%50 İndirimli),ANKARA,VAKIF,1,40.0,0.0,0.0,0.0,0.0,314.37591,279.95097,1041925.0,40.0,32.0,32.0,8.0,10.0,8.0,6.0,26.0,27.0,2.0,4.0,4.0,3.0,371.0,177.0,23.0,9.0,77.0,44.0,231.0,108.0,42.0,0,0.0,0.0,0.0,42.0,320.15444,0.0,0.0,0.0,0.0,0.0,0.0,0.0,0.0,16.0,0.0,0.0,0.0,1463596,259.00738,36,0,0,0,0,265.4670104980469,1391794,330.27301025390625,36,0
200651512,Tıbbi Görüntüleme Teknikleri,BAŞKENT ÜNİVERSİTESİ,2,TYT,"21, 64, 75",22003.0,Adana Sağlık Hizmetleri Meslek Yüksekokulu,(%50 İndirimli),ANKARA,VAKIF,1,42.0,0.0,0.0,0.0,0.0,322.26425,286.03986,963477.0,42.0,29.0,38.0,13.0,13.0,6.0,6.0,31.0,27.0,3.0,8.0,2.0,8.0,491.0,281.0,38.0,20.0,134.0,77.0,316.0,185.0,51.0,0,0.0,0.0,0.0,51.0,326.89546,0.0,0.0,0.0,0.0,0.0,0.0,0.0,0.0,18.0,0.0,0.0,0.0,1336122,267.03852,46,0,0,0,0,278.52398681640625,1185295,337.99700927734375,46,0
200651566,İş Sağlığı ve Güvenliği,BAŞKENT ÜNİVERSİTESİ,2,TYT,"21, 64, 75",22059.0,Sağlık Hizmetleri Meslek Yüksekokulu,(Burslu),ANKARA,VAKIF,1,3.0,0.0,0.0,0.0,0.0,330.5868,324.99194,542091.0,3.0,0.0,0.0,3.0,4.0,1.0,2.0,2.0,0.0,0.0,2.0,0.0,0.0,106.0,96.0,6.0,9.0,23.0,20.0,59.0,62.0,3.0,1,0.0,0.0,0.0,3.0,372.45092,0.0,0.0,1.0,333.38554,0.0,0.0,0.0,0.0,0.0,0.0,0.0,0.0,444091,347.09742,3,0,0,0,1,330.8819885253906,553031,343.031005859375,3,0
200651584,Bilgisayar Programcılığı,BAŞKENT ÜNİVERSİTESİ,2,TYT,"64, 75",22093.0,Teknik Bilimler Meslek Yüksekokulu,(Ücretli),ANKARA,VAKIF,1,2.0,0.0,0.0,0.0,0.0,284.61365,283.9736,989849.0,2.0,0.0,1.0,2.0,1.0,1.0,1.0,1.0,0.0,0.0,1.0,0.0,0.0,147.0,76.0,6.0,3.0,23.0,14.0,84.0,52.0,2.0,0,0.0,0.0,0.0,2.0,349.62156,0.0,0.0,0.0,0.0,0.0,0.0,0.0,0.0,3.0,0.0,0.0,0.0,887826,299.56995,4,0,0,0,0,209.1840057373047,2391247,230.6280059814453,4,0
200651593,Bilgisayar Programcılığı,BAŞKENT ÜNİVERSİTESİ,2,TYT,"21, 64, 75",22094.0,Teknik Bilimler Meslek Yüksekokulu,(Burslu),ANKARA,VAKIF,1,6.0,0.0,0.0,0.0,0.0,435.56245,397.31389,195873.0,6.0,2.0,3.0,4.0,5.0,1.0,2.0,3.0,4.0,1.0,1.0,1.0,0.0,516.0,363.0,60.0,40.0,220.0,126.0,399.0,255.0,6.0,1,0.0,1.0,0.0,6.0,473.10678,0.0,0.0,1.0,400.05823,0.0,0.0,1.0,235.0,0.0,0.0,0.0,0.0,184466,402.99351,7,0,1,0,1,388.1839904785156,229853,420.22601318359375,7,0
200651618,Bilgisayar Programcılığı,BAŞKENT ÜNİVERSİTESİ,2,TYT,"21, 64, 75",22095.0,Teknik Bilimler Meslek Yüksekokulu,(%25 İndirimli),ANKARA,VAKIF,1,32.0,0.0,0.0,0.0,0.0,373.02554,286.10032,962729.0,32.0,5.0,3.0,27.0,33.0,8.0,7.0,21.0,25.0,3.0,3.0,0.0,0.0,394.0,212.0,29.0,20.0,103.0,55.0,261.0,142.0,36.0,0,0.0,0.0,0.0,36.0,334.7429,0.0,0.0,0.0,0.0,0.0,0.0,0.0,0.0,3.0,0.0,0.0,0.0,1065153,285.72176,38,0,0,0,0,199.22900390625,2550794,317.135986328125,37,0
200651636,Aşçılık,BAŞKENT ÜNİVERSİTESİ,2,TYT,"21, 64, 75",22073.0,Sosyal Bilimler Meslek Yüksekokulu,(Burslu),ANKARA,VAKIF,1,6.0,0.0,0.0,0.0,0.0,417.78168,365.30976,316159.0,6.0,5.0,4.0,1.0,3.0,0.0,1.0,0.0,1.0,2.0,2.0,4.0,3.0,283.0,204.0,54.0,36.0,119.0,63.0,211.0,132.0,6.0,1,0.0,1.0,0.0,6.0,390.94127,0.0,0.0,1.0,291.09548,0.0,0.0,0.0,0.0,0.0,1.0,0.0,0.0,286756,375.23079,5,0,1,0,1,366.6700134277344,319808,438.2760009765625,5,0
200651654,Aşçılık,BAŞKENT ÜNİVERSİTESİ,2,TYT,"21, 64, 75",22074.0,Sosyal Bilimler Meslek Yüksekokulu,(%25 İndirimli),ANKARA,VAKIF,1,34.0,0.0,0.0,0.0,0.0,335.70055,261.47674,1315267.0,34.0,20.0,19.0,14.0,19.0,10.0,15.0,15.0,16.0,4.0,4.0,3.0,3.0,207.0,92.0,29.0,8.0,73.0,26.0,133.0,62.0,38.0,0,0.0,0.0,0.0,38.0,287.77699,0.0,0.0,0.0,0.0,0.0,0.0,0.0,0.0,15.0,0.0,0.0,0.0,2362436,210.7542,35,0,0,0,0,212.6490020751953,2330223,310.57598876953125,35,0
200651672,Kontrol ve Otomasyon Teknolojisi,BAŞKENT ÜNİVERSİTESİ,2,TYT,"21, 64, 75",22026.0,Kahramankazan Meslek Yüksekokulu,(Burslu),ANKARA,VAKIF,1,6.0,0.0,0.0,0.0,0.0,358.54454,288.38856,934442.0,6.0,1.0,1.0,5.0,6.0,2.0,2.0,4.0,5.0,0.0,0.0,0.0,0.0,81.0,111.0,0.0,3.0,10.0,18.0,40.0,52.0,6.0,1,0.0,0.0,0.0,6.0,382.31136,0.0,0.0,1.0,265.4279,0.0,0.0,0.0,0.0,0.0,0.0,0.0,0.0,748268,311.9055,5,0,0,0,1,318.0769958496094,674019,332.5140075683594,5,0
200651699,Kontrol ve Otomasyon Teknolojisi,BAŞKENT ÜNİVERSİTESİ,2,TYT,"21, 64, 75",22027.0,Kahramankazan Meslek Yüksekokulu,(%50 İndirimli),ANKARA,VAKIF,1,9.0,0.0,0.0,0.0,0.0,272.99629,237.67918,1741756.0,9.0,1.0,0.0,8.0,9.0,5.0,3.0,4.0,3.0,0.0,2.0,0.0,1.0,64.0,65.0,1.0,2.0,3.0,7.0,24.0,31.0,9.0,0,0.0,0.0,0.0,9.0,294.1444,0.0,0.0,0.0,0.0,0.0,0.0,0.0,0.0,4.0,0.0,0.0,0.0,1801267,239.45867,8,0,0,0,0,236.83900451660156,1886344,321.55999755859375,8,0
200651715,Elektronik Teknolojisi,BAŞKENT ÜNİVERSİTESİ,2,TYT,"21, 64, 75",22016.0,Kahramankazan Meslek Yüksekokulu,(Burslu),ANKARA,VAKIF,1,8.0,0.0,0.0,0.0,0.0,316.08776,298.29159,715551.0,8.0,0.0,1.0,8.0,7.0,2.0,0.0,5.0,7.0,1.0,1.0,0.0,0.0,152.0,138.0,5.0,6.0,19.0,23.0,81.0,90.0,8.0,1,0.0,0.0,0.0,8.0,345.67247,0.0,0.0,0.0,0.0,0.0,0.0,0.0,0.0,0.0,0.0,0.0,1.0,728437,313.81325,6,0,0,0,1,323.4159851074219,620780,333.96099853515625,6,0
200651733,Elektronik Teknolojisi,BAŞKENT ÜNİVERSİTESİ,2,TYT,"21, 64, 75",22017.0,Kahramankazan Meslek Yüksekokulu,(%50 İndirimli),ANKARA,VAKIF,1,17.0,0.0,0.0,0.0,0.0,264.23801,239.58709,1714016.0,17.0,3.0,2.0,14.0,15.0,4.0,2.0,11.0,13.0,2.0,0.0,0.0,1.0,110.0,151.0,0.0,4.0,9.0,18.0,45.0,79.0,17.0,0,0.0,0.0,0.0,17.0,312.75083,0.0,0.0,0.0,0.0,0.0,0.0,0.0,0.0,2.0,0.0,0.0,0.0,1767797,241.29328,17,0,0,0,0,240.0590057373047,1828397,296.06500244140625,17,0
200651751,Otomotiv Teknolojisi,BAŞKENT ÜNİVERSİTESİ,2,TYT,"21, 64, 75",22036.0,Kahramankazan Meslek Yüksekokulu,(Burslu),ANKARA,VAKIF,1,5.0,0.0,0.0,0.0,0.0,342.72438,326.64475,536769.0,5.0,1.0,0.0,4.0,7.0,0.0,3.0,3.0,3.0,1.0,1.0,1.0,0.0,202.0,133.0,29.0,13.0,49.0,30.0,111.0,86.0,5.0,1,0.0,1.0,0.0,5.0,456.89078,0.0,0.0,1.0,288.91567,0.0,0.0,1.0,228.0,0.0,1.0,0.0,0.0,488484,340.87905,4,0,1,0,1,344.6619873046875,447414,354.8500061035156,4,0
200651778,Otomotiv Teknolojisi,BAŞKENT ÜNİVERSİTESİ,2,TYT,"21, 64, 75",22037.0,Kahramankazan Meslek Yüksekokulu,(%50 İndirimli),ANKARA,VAKIF,1,25.0,0.0,0.0,0.0,0.0,314.64896,249.10461,1460048.0,25.0,0.0,1.0,25.0,28.0,10.0,12.0,12.0,14.0,1.0,2.0,0.0,1.0,160.0,149.0,5.0,7.0,26.0,29.0,75.0,79.0,29.0,0,0.0,0.0,0.0,29.0,326.64822,0.0,0.0,0.0,0.0,0.0,0.0,0.0,0.0,6.0,0.0,0.0,0.0,1731841,243.29422,26,0,0,0,0,242.66400146484375,1781762,332.86700439453125,26,0
200651787,İş Sağlığı ve Güvenliği,BAŞKENT ÜNİVERSİTESİ,2,TYT,"21, 64, 75",22060.0,Sağlık Hizmetleri Meslek Yüksekokulu,(%50 İndirimli),ANKARA,VAKIF,1,17.0,0.0,0.0,0.0,0.0,287.16293,236.33195,1771028.0,17.0,7.0,6.0,10.0,11.0,8.0,4.0,9.0,11.0,0.0,1.0,0.0,0.0,132.0,140.0,5.0,5.0,14.0,23.0,60.0,73.0,17.0,0,0.0,0.0,0.0,17.0,292.57108,0.0,0.0,0.0,0.0,0.0,0.0,0.0,0.0,8.0,0.0,0.0,0.0,1812529,238.84451,15,0,0,0,0,235.77999877929688,1905537,269.5929870605469,15,0
200651812,Ağız ve Diş Sağlığı,BAŞKENT ÜNİVERSİTESİ,2,TYT,"21, 64, 75",22042.0,Sağlık Hizmetleri Meslek Yüksekokulu,(Burslu),ANKARA,VAKIF,1,7.0,0.0,0.0,0.0,0.0,346.9768,328.7477,535639.0,7.0,4.0,5.0,3.0,3.0,2.0,1.0,4.0,5.0,0.0,0.0,1.0,2.0,402.0,333.0,23.0,19.0,60.0,57.0,212.0,174.0,7.0,1,0.0,1.0,0.0,7.0,343.59304,0.0,0.0,1.0,315.8503,0.0,0.0,0.0,0.0,1.0,1.0,0.0,0.0,521493,336.55119,6,0,1,0,1,345.9110107421875,438852,375.8399963378906,6,0
200651884,Sağlık Bilgi Sistemleri Teknikerliği,BAŞKENT ÜNİVERSİTESİ,2,TYT,"21, 64, 75",22102.0,Teknik Bilimler Meslek Yüksekokulu,(Burslu),ANKARA,VAKIF,1,5.0,0.0,0.0,0.0,0.0,311.42738,304.99512,684061.0,5.0,1.0,3.0,4.0,2.0,0.0,0.0,4.0,3.0,1.0,1.0,0.0,1.0,138.0,87.0,9.0,6.0,22.0,13.0,68.0,40.0,5.0,1,0.0,0.0,0.0,5.0,340.36582,0.0,0.0,0.0,0.0,0.0,0.0,0.0,0.0,0.0,0.0,0.0,1.0,735475,313.12949,4,0,0,0,1,332.27301025390625,541225,358.0929870605469,4,0
200690350,Çocuk Gelişimi,BAŞKENT ÜNİVERSİTESİ,2,TYT,"64, 75",22077.0,Sosyal Bilimler Meslek Yüksekokulu,(Ücretli),ANKARA,VAKIF,1,5.0,0.0,0.0,0.0,0.0,298.33898,254.47407,1433061.0,5.0,5.0,5.0,0.0,0.0,0.0,2.0,5.0,2.0,0.0,1.0,0.0,0.0,92.0,37.0,8.0,1.0,18.0,9.0,46.0,22.0,5.0,0,0.0,0.0,0.0,5.0,236.9525,0.0,0.0,0.0,0.0,0.0,0.0,0.0,0.0,5.0,0.0,0.0,0.0,2076870,224.91349,5,0,0,0,0,229.66099548339844,2018345,267.78399658203125,5,0
200690351,Çocuk Gelişimi,BAŞKENT ÜNİVERSİTESİ,2,TYT,"21, 64, 75",22078.0,Sosyal Bilimler Meslek Yüksekokulu,(Burslu),ANKARA,VAKIF,1,8.0,0.0,0.0,0.0,0.0,387.02621,331.26504,517030.0,8.0,7.0,9.0,1.0,0.0,1.0,1.0,1.0,7.0,4.0,1.0,2.0,0.0,236.0,155.0,47.0,27.0,84.0,59.0,160.0,113.0,8.0,1,0.0,1.0,0.0,8.0,362.50905,0.0,0.0,1.0,222.92387,0.0,0.0,0.0,0.0,0.0,1.0,0.0,0.0,473337,342.94882,7,0,1,0,1,334.6650085449219,521501,393.1090087890625,7,0
200690354,Diş Hekimliği,BAŞKENT ÜNİVERSİTESİ,5,SAYISAL,"21, 22, 23, 24, 64, 75, 147",8882.0,Diş Hekimliği Fakültesi,(İngilizce) (Burslu),ANKARA,VAKIF,0,10.0,0.0,0.0,0.0,0.0,511.69723,488.3894,25448.0,10.0,5.0,4.0,5.0,6.0,7.0,5.0,3.0,5.0,0.0,0.0,0.0,0.0,462.0,406.0,15.0,10.0,75.0,60.0,297.0,239.0,9.0,1,0.0,1.0,0.0,9.0,491.46535,0.0,0.0,1.0,486.33961,0.0,0.0,0.0,0.0,0.0,1.0,0.0,0.0,27063,487.39725,9,0,1,0,1,464.4049987792969,28750,468.2430114746094,9,0
200690355,Diş Hekimliği,BAŞKENT ÜNİVERSİTESİ,5,SAYISAL,"22, 23, 24, 64, 75, 147",8881.0,Diş Hekimliği Fakültesi,(İngilizce) (Ücretli),ANKARA,VAKIF,0,25.0,0.0,0.0,0.0,0.0,465.59221,451.01196,55686.0,25.0,14.0,16.0,11.0,9.0,16.0,14.0,9.0,11.0,0.0,0.0,0.0,0.0,310.0,195.0,8.0,7.0,43.0,22.0,181.0,99.0,25.0,0,0.0,0.0,0.0,25.0,459.15669,0.0,0.0,0.0,0.0,0.0,0.0,0.0,0.0,1.0,0.0,0.0,0.0,63726,443.98508,25,0,0,0,0,408.22100830078125,74209,431.5830078125,25,0
200690357,Tıp,BAŞKENT ÜNİVERSİTESİ,6,SAYISAL,"22, 23, 24, 64, 75, 155",9061.0,Tıp Fakültesi,(İngilizce) (Ücretli),ANKARA,VAKIF,0,25.0,0.0,0.0,0.0,0.0,508.08554,481.43283,30647.0,25.0,16.0,14.0,9.0,11.0,11.0,17.0,13.0,8.0,0.0,0.0,1.0,0.0,286.0,210.0,12.0,8.0,55.0,41.0,189.0,148.0,25.0,0,0.0,0.0,0.0,25.0,508.91393,0.0,0.0,0.0,0.0,0.0,0.0,0.0,0.0,1.0,0.0,0.0,0.0,34277,477.82395,25,0,0,0,0,442.5419921875,44133,488.489990234375,25,0
200690358,Tıp,BAŞKENT ÜNİVERSİTESİ,6,SAYISAL,"21, 22, 23, 24, 64, 75, 155",9062.0,Tıp Fakültesi,(İngilizce) (Burslu),ANKARA,VAKIF,0,10.0,0.0,0.0,0.0,0.0,527.91262,522.91512,5521.0,10.0,4.0,5.0,6.0,6.0,9.0,9.0,1.0,2.0,0.0,0.0,0.0,0.0,336.0,440.0,10.0,23.0,47.0,80.0,250.0,322.0,9.0,1,0.0,1.0,0.0,9.0,534.40644,0.0,0.0,1.0,523.07266,0.0,0.0,1.0,466.0,0.0,0.0,0.0,0.0,6560,523.18544,9,0,1,0,1,510.9800109863281,6729,518.3090209960938,9,0
200690359,Tıp,BAŞKENT ÜNİVERSİTESİ,6,SAYISAL,"21, 22, 23, 24, 64, 75, 155",9063.0,Tıp Fakültesi,(İngilizce) (%50 İndirimli),ANKARA,VAKIF,0,10.0,0.0,0.0,0.0,0.0,519.81378,510.32411,11341.0,10.0,8.0,6.0,2.0,4.0,7.0,9.0,3.0,1.0,0.0,0.0,0.0,0.0,161.0,177.0,8.0,10.0,41.0,40.0,119.0,123.0,10.0,0,0.0,0.0,0.0,10.0,521.60697,0.0,0.0,0.0,0.0,0.0,0.0,0.0,0.0,0.0,0.0,0.0,0.0,12325,510.76567,10,0,0,0,0,497.9100036621094,11322,506.8630065917969,10,0
200690360,Moleküler Biyoloji ve Genetik,BAŞKENT ÜNİVERSİTESİ,4,SAYISAL,"21, 22, 23, 24, 64, 75",8922.0,Fen-Edebiyat Fakültesi,(İngilizce) (Burslu),ANKARA,VAKIF,0,6.0,0.0,0.0,0.0,0.0,482.28685,473.29884,37016.0,6.0,5.0,4.0,1.0,2.0,2.0,4.0,4.0,2.0,0.0,0.0,0.0,0.0,297.0,189.0,26.0,13.0,77.0,59.0,208.0,126.0,5.0,1,0.0,1.0,0.0,5.0,489.56411,0.0,0.0,1.0,468.91242,0.0,0.0,0.0,0.0,0.0,1.0,0.0,0.0,32441,480.20488,6,0,1,0,1,442.385009765625,44260,476.09600830078125,6,0
200690361,Moleküler Biyoloji ve Genetik,BAŞKENT ÜNİVERSİTESİ,4,SAYISAL,"22, 23, 24, 64, 75",8921.0,Fen-Edebiyat Fakültesi,(İngilizce) (Ücretli),ANKARA,VAKIF,0,4.0,0.0,0.0,0.0,0.0,393.3709,378.65982,132083.0,4.0,2.0,4.0,2.0,0.0,1.0,2.0,3.0,2.0,0.0,0.0,0.0,0.0,81.0,57.0,4.0,4.0,20.0,10.0,54.0,36.0,4.0,0,0.0,0.0,0.0,4.0,373.88634,0.0,0.0,0.0,0.0,0.0,0.0,0.0,0.0,1.0,0.0,0.0,0.0,163667,363.51287,10,0,0,0,0,236.02000427246094,673113,284.13800048828125,8,0
200690362,Moleküler Biyoloji ve Genetik,BAŞKENT ÜNİVERSİTESİ,4,SAYISAL,"21, 22, 23, 24, 64, 75",8923.0,Fen-Edebiyat Fakültesi,(İngilizce) (%50 İndirimli),ANKARA,VAKIF,0,30.0,0.0,0.0,0.0,0.0,459.7925,399.57553,106523.0,30.0,25.0,22.0,5.0,8.0,12.0,17.0,18.0,13.0,0.0,0.0,0.0,0.0,239.0,158.0,28.0,19.0,58.0,54.0,161.0,109.0,30.0,0,0.0,0.0,0.0,30.0,460.85485,0.0,0.0,0.0,0.0,0.0,0.0,0.0,0.0,1.0,0.0,0.0,0.0,140872,377.70083,28,0,0,0,0,320.1910095214844,208056,414.2919921875,28,0
200690364,Bilgisayar Programcılığı,BAŞKENT ÜNİVERSİTESİ,2,TYT,"64, 75",22096.0,Teknik Bilimler Meslek Yüksekokulu,(İÖ) (Ücretli),ANKARA,VAKIF,1,1.0,0.0,0.0,0.0,0.0,271.94027,271.94027,1154676.0,1.0,0.0,0.0,1.0,1.0,1.0,0.0,0.0,0.0,0.0,1.0,0.0,0.0,94.0,46.0,5.0,2.0,14.0,5.0,52.0,25.0,1.0,0,0.0,0.0,0.0,1.0,287.55688,0.0,0.0,0.0,0.0,0.0,0.0,0.0,0.0,2.0,0.0,0.0,0.0,1040274,287.55688,1,0,0,0,0,289.7309875488281,1020866,289.7309875488281,1,0
200690366,Bilgisayar Programcılığı,BAŞKENT ÜNİVERSİTESİ,2,TYT,"21, 64, 75",22098.0,Teknik Bilimler Meslek Yüksekokulu,(İÖ) (%25 İndirimli),ANKARA,VAKIF,1,17.0,0.0,0.0,0.0,0.0,329.51812,259.19101,1352820.0,17.0,1.0,4.0,16.0,23.0,4.0,11.0,11.0,15.0,2.0,1.0,0.0,0.0,220.0,128.0,12.0,6.0,43.0,23.0,120.0,82.0,27.0,0,0.0,0.0,0.0,27.0,290.13945,0.0,0.0,0.0,0.0,0.0,0.0,0.0,0.0,4.0,0.0,0.0,0.0,1649704,247.95444,27,0,0,0,0,179.32899475097656,2730196,267.4259948730469,24,0
200690367,Bilgisayar Programcılığı,BAŞKENT ÜNİVERSİTESİ,2,TYT,"21, 64, 75",22097.0,Teknik Bilimler Meslek Yüksekokulu,(İÖ) (Burslu),ANKARA,VAKIF,1,7.0,0.0,0.0,0.0,0.0,432.72674,385.67948,233431.0,7.0,3.0,1.0,4.0,7.0,0.0,2.0,1.0,0.0,1.0,3.0,5.0,3.0,232.0,141.0,30.0,20.0,86.0,56.0,182.0,105.0,6.0,1,0.0,1.0,0.0,6.0,413.65231,0.0,0.0,1.0,297.03497,0.0,0.0,1.0,372.0,0.0,0.0,0.0,0.0,255561,382.5841,6,0,1,0,1,354.2539978027344,386208,411.3890075683594,6,0
200690368,İlk ve Acil Yardım,BAŞKENT ÜNİVERSİTESİ,2,TYT,"64, 75",22056.0,Sağlık Hizmetleri Meslek Yüksekokulu,(İÖ) (Ücretli),ANKARA,VAKIF,1,2.0,0.0,0.0,0.0,0.0,280.61485,270.02397,1182865.0,2.0,2.0,1.0,0.0,1.0,0.0,1.0,1.0,0.0,1.0,0.0,0.0,1.0,226.0,104.0,5.0,3.0,41.0,20.0,127.0,65.0,2.0,0,0.0,0.0,0.0,2.0,294.12603,0.0,0.0,0.0,0.0,0.0,0.0,0.0,0.0,3.0,0.0,0.0,0.0,1093095,283.68402,3,0,0,0,0,247.56199645996094,1695299,257.5820007324219,3,0
200690370,İlk ve Acil Yardım,BAŞKENT ÜNİVERSİTESİ,2,TYT,"21, 64, 75",22058.0,Sağlık Hizmetleri Meslek Yüksekokulu,(İÖ) (%25 İndirimli),ANKARA,VAKIF,1,40.0,0.0,0.0,0.0,0.0,323.72816,270.10855,1181576.0,40.0,28.0,35.0,12.0,14.0,10.0,8.0,16.0,23.0,7.0,5.0,6.0,9.0,442.0,177.0,32.0,12.0,126.0,38.0,281.0,110.0,49.0,0,0.0,0.0,0.0,49.0,290.76038,0.0,0.0,0.0,0.0,0.0,0.0,0.0,0.0,11.0,0.0,0.0,0.0,1790157,240.06531,39,0,0,0,0,247.8489990234375,1690151,332.2139892578125,39,0
200690371,İlk ve Acil Yardım,BAŞKENT ÜNİVERSİTESİ,2,TYT,"21, 64, 75",22057.0,Sağlık Hizmetleri Meslek Yüksekokulu,(İÖ) (Burslu),ANKARA,VAKIF,1,8.0,0.0,0.0,0.0,0.0,405.95861,328.11547,540558.0,8.0,4.0,4.0,4.0,5.0,1.0,1.0,0.0,1.0,1.0,6.0,6.0,1.0,201.0,265.0,22.0,26.0,57.0,62.0,132.0,166.0,8.0,1,0.0,1.0,0.0,8.0,412.52718,0.0,0.0,1.0,328.8249,0.0,0.0,0.0,0.0,1.0,1.0,0.0,0.0,446714,346.71751,7,0,1,0,1,333.75799560546875,528759,345.90301513671875,7,0
200690376,Görsel İletişim Tasarımı,BAŞKENT ÜNİVERSİTESİ,4,SÖZEL,"21, 64, 75",8950.0,Güzel Sanatlar Tasarım ve Mimarlık Fakültesi,(Burslu),ANKARA,VAKIF,0,4.0,0.0,0.0,0.0,0.0,451.18862,433.61782,5387.0,4.0,1.0,2.0,3.0,3.0,1.0,2.0,2.0,3.0,0.0,0.0,1.0,0.0,207.0,146.0,17.0,11.0,67.0,62.0,164.0,129.0,4.0,1,0.0,1.0,0.0,4.0,451.09737,0.0,0.0,1.0,337.35653,0.0,0.0,0.0,0.0,0.0,1.0,0.0,0.0,2405,446.85826,4,0,1,0,1,458.2590026855469,2273,469.6260070800781,4,0
200690377,Görsel İletişim Tasarımı,BAŞKENT ÜNİVERSİTESİ,4,SÖZEL,"64, 75",8949.0,Güzel Sanatlar Tasarım ve Mimarlık Fakültesi,(Ücretli),ANKARA,VAKIF,0,1.0,0.0,0.0,0.0,0.0,306.52725,306.52725,309771.0,1.0,1.0,1.0,0.0,1.0,1.0,2.0,0.0,0.0,0.0,0.0,0.0,0.0,108.0,37.0,1.0,0.0,6.0,0.0,53.0,21.0,2.0,0,0.0,0.0,0.0,2.0,274.40686,0.0,0.0,0.0,0.0,0.0,0.0,0.0,0.0,1.0,0.0,0.0,0.0,780695,252.89137,2,0,0,0,0,284.5429992675781,517463,285.02398681640625,2,0
200690381,İktisat,BAŞKENT ÜNİVERSİTESİ,4,EŞİT AĞIRLIK,"21, 22, 23, 24, 64, 75",8972.0,İktisadi ve İdari Bilimler Fakültesi,(İngilizce) (%50 İndirimli),ANKARA,VAKIF,0,24.0,0.0,0.0,0.0,0.0,330.32395,288.76274,490371.0,24.0,6.0,9.0,18.0,19.0,13.0,13.0,9.0,15.0,0.0,0.0,1.0,0.0,345.0,255.0,5.0,7.0,38.0,42.0,175.0,142.0,28.0,0,0.0,0.0,0.0,28.0,348.56995,0.0,0.0,0.0,0.0,0.0,0.0,0.0,0.0,1.0,0.0,0.0,0.0,684560,268.18932,30,0,0,0,0,267.6549987792969,625994,323.64801025390625,30,0
200690382,Sağlık Bilgi Sistemleri Teknikerliği,BAŞKENT ÜNİVERSİTESİ,2,TYT,"21, 64, 75",22103.0,Teknik Bilimler Meslek Yüksekokulu,(%50 İndirimli),ANKARA,VAKIF,1,10.0,0.0,0.0,0.0,0.0,303.18443,243.20784,1641775.0,10.0,6.0,3.0,4.0,7.0,2.0,3.0,6.0,7.0,1.0,0.0,0.0,0.0,99.0,77.0,3.0,2.0,16.0,7.0,55.0,39.0,10.0,0,0.0,0.0,0.0,10.0,294.06225,0.0,0.0,0.0,0.0,0.0,0.0,0.0,0.0,2.0,0.0,0.0,0.0,1873182,235.56318,9,0,0,0,0,235.36000061035156,1913263,252.94900512695312,9,0
200690418,Endüstriyel Hammaddeler İşleme Teknolojisi,BAŞKENT ÜNİVERSİTESİ,2,TYT,"21, 64, 75",22018.0,Kahramankazan Meslek Yüksekokulu,(Burslu),ANKARA,VAKIF,1,6.0,0.0,0.0,0.0,0.0,348.94319,258.67118,1361357.0,6.0,1.0,3.0,5.0,4.0,1.0,0.0,4.0,4.0,1.0,1.0,0.0,0.0,47.0,81.0,1.0,7.0,7.0,17.0,20.0,53.0,6.0,1,0.0,0.0,0.0,6.0,337.96332,0.0,0.0,1.0,230.52925,0.0,0.0,0.0,0.0,1.0,0.0,0.0,0.0,1032443,288.15135,5,0,0,0,1,306.40899658203125,803611,334.9490051269531,5,0
200690420,Endüstriyel Hammaddeler İşleme Teknolojisi,BAŞKENT ÜNİVERSİTESİ,2,TYT,"21, 64, 75",22019.0,Kahramankazan Meslek Yüksekokulu,(%50 İndirimli),ANKARA,VAKIF,1,9.0,0.0,0.0,0.0,0.0,269.28456,210.09239,2406364.0,9.0,1.0,1.0,8.0,8.0,3.0,4.0,3.0,4.0,3.0,0.0,0.0,0.0,22.0,62.0,1.0,2.0,2.0,7.0,7.0,26.0,9.0,0,0.0,0.0,0.0,9.0,280.00671,0.0,0.0,0.0,0.0,0.0,0.0,0.0,0.0,3.0,0.0,0.0,0.0,2151137,221.1744,8,0,0,0,0,214.9080047607422,2289684,251.19500732421875,8,0
200690422,Gıda Kalite Kontrolü ve Analizi,BAŞKENT ÜNİVERSİTESİ,2,TYT,"21, 64, 75",22020.0,Kahramankazan Meslek Yüksekokulu,(Burslu),ANKARA,VAKIF,1,6.0,0.0,0.0,0.0,0.0,275.88597,264.49317,1267134.0,6.0,4.0,2.0,2.0,5.0,1.0,1.0,4.0,2.0,1.0,2.0,0.0,2.0,93.0,101.0,3.0,3.0,14.0,19.0,57.0,54.0,6.0,1,0.0,0.0,0.0,6.0,286.14755,0.0,0.0,1.0,170.44174,0.0,0.0,0.0,0.0,0.0,0.0,0.0,0.0,1221604,274.62291,4,0,0,0,1,293.96099853515625,962642,309.0199890136719,4,0
200690423,Gıda Kalite Kontrolü ve Analizi,BAŞKENT ÜNİVERSİTESİ,2,TYT,"21, 64, 75",22021.0,Kahramankazan Meslek Yüksekokulu,(%50 İndirimli),ANKARA,VAKIF,1,9.0,0.0,0.0,0.0,0.0,240.18592,215.56856,2212368.0,9.0,4.0,5.0,5.0,4.0,2.0,2.0,7.0,6.0,0.0,0.0,0.0,0.0,44.0,69.0,1.0,1.0,6.0,8.0,24.0,33.0,9.0,0,0.0,0.0,0.0,9.0,249.69638,0.0,0.0,0.0,0.0,0.0,0.0,0.0,0.0,4.0,0.0,0.0,0.0,2321846,212.76332,9,0,0,0,0,214.3560028076172,2299523,256.2659912109375,9,0
200690426,Gıda Teknolojisi,BAŞKENT ÜNİVERSİTESİ,2,TYT,"21, 64, 75",22022.0,Kahramankazan Meslek Yüksekokulu,(Burslu),ANKARA,VAKIF,1,6.0,0.0,0.0,0.0,0.0,310.26722,282.10647,1014068.0,6.0,6.0,5.0,0.0,1.0,2.0,0.0,3.0,4.0,0.0,1.0,1.0,1.0,53.0,80.0,3.0,5.0,11.0,16.0,33.0,51.0,6.0,1,0.0,0.0,0.0,6.0,324.68978,0.0,0.0,0.0,0.0,0.0,0.0,0.0,0.0,0.0,0.0,0.0,1.0,1100312,283.15838,5,0,0,0,1,303.9800109863281,832872,316.47698974609375,5,0
200690428,Gıda Teknolojisi,BAŞKENT ÜNİVERSİTESİ,2,TYT,"21, 64, 75",22023.0,Kahramankazan Meslek Yüksekokulu,(%50 İndirimli),ANKARA,VAKIF,1,9.0,0.0,0.0,0.0,0.0,262.17769,217.2191,2228609.0,9.0,6.0,3.0,3.0,6.0,3.0,3.0,5.0,5.0,0.0,0.0,1.0,1.0,31.0,75.0,2.0,1.0,4.0,10.0,18.0,31.0,9.0,0,0.0,0.0,0.0,9.0,240.9338,0.0,0.0,0.0,0.0,0.0,0.0,0.0,0.0,5.0,0.0,0.0,0.0,2140419,221.7022,8,0,0,0,0,213.0959930419922,2322198,281.072998046875,8,0
200690430,Elektronik Haberleşme Teknolojisi,BAŞKENT ÜNİVERSİTESİ,2,TYT,"21, 64, 75",22005.0,Anadolu OSB Meslek Yüksekokulu,(Burslu),ANKARA,VAKIF,1,7.0,0.0,0.0,0.0,0.0,303.85244,294.70895,859400.0,7.0,1.0,2.0,6.0,6.0,3.0,2.0,3.0,5.0,0.0,0.0,1.0,1.0,142.0,109.0,4.0,8.0,17.0,15.0,71.0,53.0,7.0,1,0.0,0.0,0.0,7.0,354.06718,0.0,0.0,1.0,227.07046,0.0,0.0,0.0,0.0,2.0,0.0,0.0,0.0,831403,304.38274,6,0,0,0,1,313.7229919433594,720400,339.90301513671875,6,0
200690432,Elektronik Haberleşme Teknolojisi,BAŞKENT ÜNİVERSİTESİ,2,TYT,"21, 64, 75",22006.0,Anadolu OSB Meslek Yüksekokulu,(%50 İndirimli),ANKARA,VAKIF,1,13.0,0.0,0.0,0.0,0.0,258.71623,236.83546,1727416.0,13.0,0.0,2.0,13.0,11.0,2.0,4.0,10.0,7.0,0.0,1.0,1.0,1.0,83.0,112.0,2.0,0.0,6.0,7.0,36.0,41.0,13.0,0,0.0,0.0,0.0,13.0,256.26321,0.0,0.0,0.0,0.0,0.0,0.0,0.0,0.0,4.0,0.0,0.0,0.0,1899727,234.13976,12,0,0,0,0,228.8990020751953,2032251,317.6520080566406,12,0
200690434,Endüstriyel Kalıpçılık,BAŞKENT ÜNİVERSİTESİ,2,TYT,"21, 64, 75",22007.0,Anadolu OSB Meslek Yüksekokulu,(Burslu),ANKARA,VAKIF,1,5.0,0.0,0.0,0.0,0.0,282.63364,270.35387,1177870.0,5.0,0.0,0.0,5.0,6.0,3.0,0.0,1.0,3.0,1.0,2.0,0.0,1.0,94.0,80.0,7.0,2.0,23.0,8.0,46.0,44.0,5.0,1,0.0,0.0,0.0,5.0,292.23816,0.0,0.0,1.0,192.13326,0.0,0.0,0.0,0.0,0.0,0.0,0.0,1.0,1185019,277.1708,5,0,0,0,1,284.2279968261719,1100145,297.927001953125,5,0
200690436,Endüstriyel Kalıpçılık,BAŞKENT ÜNİVERSİTESİ,2,TYT,"21, 64, 75",22008.0,Anadolu OSB Meslek Yüksekokulu,(%50 İndirimli),ANKARA,VAKIF,1,10.0,0.0,0.0,0.0,0.0,240.00344,204.69764,2536274.0,10.0,0.0,1.0,10.0,9.0,2.0,1.0,8.0,9.0,0.0,0.0,0.0,0.0,30.0,87.0,0.0,6.0,4.0,14.0,12.0,44.0,10.0,0,0.0,0.0,0.0,10.0,237.53875,0.0,0.0,0.0,0.0,0.0,0.0,0.0,0.0,1.0,0.0,0.0,0.0,2253111,216.13436,9,0,0,0,0,221.2169952392578,2174238,263.0840148925781,9,0
200690438,Makine,BAŞKENT ÜNİVERSİTESİ,2,TYT,"21, 64, 75",22011.0,Anadolu OSB Meslek Yüksekokulu,(Burslu),ANKARA,VAKIF,1,7.0,0.0,0.0,0.0,0.0,318.25804,309.99167,697714.0,7.0,3.0,0.0,4.0,7.0,1.0,1.0,4.0,6.0,1.0,0.0,1.0,0.0,288.0,209.0,5.0,7.0,28.0,29.0,164.0,130.0,6.0,1,0.0,1.0,0.0,6.0,443.74487,0.0,0.0,1.0,280.61387,0.0,0.0,0.0,0.0,0.0,1.0,0.0,0.0,625024,324.36123,5,0,1,0,1,329.0929870605469,568492,336.6679992675781,5,0
200690440,Makine,BAŞKENT ÜNİVERSİTESİ,2,TYT,"21, 64, 75",22012.0,Anadolu OSB Meslek Yüksekokulu,(%50 İndirimli),ANKARA,VAKIF,1,23.0,0.0,0.0,0.0,0.0,295.7202,247.31403,1557364.0,23.0,1.0,2.0,22.0,21.0,9.0,10.0,14.0,7.0,0.0,4.0,0.0,2.0,201.0,207.0,3.0,6.0,19.0,31.0,107.0,115.0,23.0,0,0.0,0.0,0.0,23.0,304.05578,0.0,0.0,0.0,0.0,0.0,0.0,0.0,0.0,7.0,0.0,0.0,0.0,1592750,251.27973,21,0,0,0,0,252.5469970703125,1608660,310.2749938964844,21,0
200690441,İnşaat Mühendisliği,BAŞKENT ÜNİVERSİTESİ,4,SAYISAL,"21, 22, 23, 24, 64, 75, 144",9026.0,Mühendislik Fakültesi,(İngilizce) (Burslu),ANKARA,VAKIF,0,10.0,0.0,0.0,0.0,0.0,434.84774,391.49496,115924.0,10.0,3.0,1.0,7.0,7.0,5.0,5.0,5.0,3.0,0.0,0.0,0.0,0.0,218.0,230.0,2.0,9.0,24.0,33.0,110.0,139.0,7.0,1,0.0,1.0,0.0,7.0,422.49744,0.0,0.0,1.0,405.36794,0.0,0.0,0.0,0.0,0.0,1.0,0.0,0.0,96928,411.55122,4,0,1,0,1,394.6000061035156,88404,411.3080139160156,4,0
200690453,Makine,BAŞKENT ÜNİVERSİTESİ,2,TYT,"21, 64, 75",22030.0,Kahramankazan Meslek Yüksekokulu,(Burslu),ANKARA,VAKIF,1,8.0,0.0,0.0,0.0,0.0,317.01513,309.4625,702857.0,8.0,1.0,1.0,7.0,8.0,1.0,1.0,5.0,4.0,2.0,1.0,0.0,0.0,226.0,181.0,7.0,6.0,22.0,29.0,129.0,121.0,7.0,1,0.0,1.0,0.0,7.0,323.6774,0.0,0.0,1.0,258.15309,0.0,0.0,1.0,247.0,0.0,1.0,0.0,0.0,687275,317.83608,6,0,1,0,1,338.22100830078125,494056,440.875,6,0
200690454,Makine,BAŞKENT ÜNİVERSİTESİ,2,TYT,"21, 64, 75",22031.0,Kahramankazan Meslek Yüksekokulu,(%50 İndirimli),ANKARA,VAKIF,1,22.0,0.0,0.0,0.0,0.0,449.13276,239.94299,1698793.0,22.0,3.0,4.0,19.0,23.0,2.0,6.0,17.0,17.0,1.0,1.0,0.0,1.0,174.0,199.0,7.0,5.0,22.0,34.0,100.0,113.0,27.0,0,0.0,0.0,0.0,27.0,292.22081,0.0,0.0,0.0,0.0,0.0,0.0,0.0,0.0,3.0,0.0,0.0,0.0,1691100,245.59496,24,0,0,0,0,250.54100036621094,1643183,316.2049865722656,24,0
200690473,Makine Mühendisliği,BAŞKENT ÜNİVERSİTESİ,4,SAYISAL,"21, 22, 23, 24, 64, 75, 144",9032.0,Mühendislik Fakültesi,(İngilizce) (Burslu),ANKARA,VAKIF,0,10.0,0.0,0.0,0.0,0.0,463.06281,447.77374,58563.0,10.0,2.0,1.0,8.0,7.0,5.0,7.0,5.0,1.0,0.0,0.0,0.0,0.0,462.0,463.0,12.0,25.0,61.0,71.0,224.0,269.0,7.0,1,0.0,1.0,0.0,7.0,474.96071,0.0,0.0,1.0,459.78349,0.0,0.0,0.0,0.0,0.0,1.0,0.0,0.0,45131,464.74014,4,0,1,0,1,437.9800109863281,47700,450.82000732421875,4,0
200690474,Elektrik-Elektronik Mühendisliği,BAŞKENT ÜNİVERSİTESİ,4,SAYISAL,"21, 22, 23, 24, 64, 75, 144",9015.0,Mühendislik Fakültesi,(İngilizce) (Burslu),ANKARA,VAKIF,0,10.0,0.0,0.0,0.0,0.0,488.39319,477.03686,34037.0,10.0,3.0,2.0,7.0,3.0,7.0,3.0,3.0,2.0,0.0,0.0,0.0,0.0,583.0,539.0,22.0,21.0,94.0,82.0,320.0,292.0,4.0,1,0.0,1.0,0.0,4.0,495.67637,0.0,0.0,1.0,487.39661,0.0,0.0,0.0,0.0,0.0,1.0,0.0,0.0,23596,492.38085,4,0,1,0,1,475.2080078125,22287,481.76800537109375,4,0
200690475,Film Tasarımı ve Yönetimi,BAŞKENT ÜNİVERSİTESİ,4,SÖZEL,"64, 75",8943.0,Güzel Sanatlar Tasarım ve Mimarlık Fakültesi,(Ücretli),ANKARA,VAKIF,0,2.0,0.0,0.0,0.0,0.0,265.90488,260.5056,703313.0,2.0,1.0,0.0,1.0,1.0,1.0,1.0,1.0,0.0,0.0,0.0,0.0,0.0,41.0,29.0,0.0,0.0,3.0,1.0,16.0,18.0,2.0,0,0.0,0.0,0.0,1.0,210.13055,0.0,0.0,0.0,0.0,0.0,0.0,0.0,0.0,2.0,0.0,0.0,0.0,0,0.0,2,0,0,0,0,233.02099609375,1038459,233.02099609375,1,0
200690476,Film Tasarımı ve Yönetimi,BAŞKENT ÜNİVERSİTESİ,4,SÖZEL,"21, 64, 75",8944.0,Güzel Sanatlar Tasarım ve Mimarlık Fakültesi,(Burslu),ANKARA,VAKIF,0,3.0,0.0,0.0,0.0,0.0,466.97123,431.357,5973.0,3.0,2.0,2.0,1.0,3.0,1.0,4.0,0.0,1.0,1.0,0.0,1.0,0.0,72.0,64.0,9.0,12.0,18.0,25.0,50.0,48.0,4.0,1,0.0,0.0,0.0,4.0,434.77546,0.0,0.0,1.0,418.92624,0.0,0.0,0.0,0.0,0.0,0.0,0.0,0.0,6580,426.11474,4,0,1,0,1,422.58599853515625,12613,434.8380126953125,4,0
200690489,İngilizce Mütercim ve Tercümanlık,BAŞKENT ÜNİVERSİTESİ,4,DİL,"22, 23, 24, 64, 75, 160",8915.0,Fen-Edebiyat Fakültesi,(Ücretli),ANKARA,VAKIF,0,2.0,0.0,0.0,0.0,0.0,385.31542,377.75334,31823.0,2.0,1.0,2.0,1.0,0.0,1.0,1.0,0.0,1.0,0.0,0.0,0.0,0.0,47.0,40.0,2.0,1.0,6.0,8.0,32.0,23.0,2.0,0,0.0,0.0,0.0,2.0,345.27134,0.0,0.0,0.0,0.0,0.0,0.0,0.0,0.0,1.0,0.0,0.0,0.0,73121,302.32386,5,0,0,0,0,273.406005859375,88609,330.7090148925781,5,0
200690490,İngilizce Mütercim ve Tercümanlık,BAŞKENT ÜNİVERSİTESİ,4,DİL,"21, 22, 23, 24, 64, 75, 160",8916.0,Fen-Edebiyat Fakültesi,(Burslu),ANKARA,VAKIF,0,6.0,0.0,0.0,0.0,0.0,478.40361,457.60868,8008.0,6.0,4.0,6.0,2.0,2.0,2.0,6.0,1.0,2.0,2.0,0.0,1.0,0.0,272.0,283.0,16.0,11.0,69.0,68.0,197.0,207.0,6.0,1,0.0,1.0,0.0,6.0,482.71553,0.0,0.0,1.0,439.8478,0.0,0.0,1.0,432.0,0.0,0.0,0.0,0.0,8568,459.82078,6,0,1,0,1,459.64898681640625,6770,480.4129943847656,6,0
200690491,İngilizce Mütercim ve Tercümanlık,BAŞKENT ÜNİVERSİTESİ,4,DİL,"21, 22, 23, 24, 64, 75, 160",8917.0,Fen-Edebiyat Fakültesi,(%50 İndirimli),ANKARA,VAKIF,0,32.0,0.0,0.0,0.0,0.0,433.89678,392.30205,26548.0,32.0,11.0,20.0,21.0,16.0,20.0,16.0,10.0,15.0,2.0,4.0,0.0,1.0,273.0,198.0,24.0,18.0,67.0,47.0,190.0,146.0,36.0,0,0.0,0.0,0.0,36.0,430.80435,0.0,0.0,0.0,0.0,0.0,0.0,0.0,0.0,3.0,0.0,0.0,0.0,49388,351.49159,33,0,0,0,0,350.39898681640625,46840,427.75799560546875,33,0
200690492,Tekstil ve Moda Tasarımı,BAŞKENT ÜNİVERSİTESİ,4,EŞİT AĞIRLIK,"21, 64, 75",8958.0,Güzel Sanatlar Tasarım ve Mimarlık Fakültesi,(Burslu),ANKARA,VAKIF,0,3.0,0.0,0.0,0.0,0.0,402.19592,357.21895,154766.0,3.0,2.0,5.0,1.0,0.0,0.0,3.0,2.0,2.0,0.0,0.0,1.0,0.0,202.0,153.0,42.0,37.0,81.0,76.0,150.0,127.0,4.0,1,0.0,0.0,0.0,4.0,407.28748,0.0,0.0,1.0,336.51455,0.0,0.0,0.0,0.0,0.0,0.0,0.0,0.0,91971,375.45088,4,0,1,0,1,361.99798583984375,96273,375.6659851074219,4,0
200690493,Tekstil ve Moda Tasarımı,BAŞKENT ÜNİVERSİTESİ,4,EŞİT AĞIRLIK,"21, 64, 75",8959.0,Güzel Sanatlar Tasarım ve Mimarlık Fakültesi,(%50 İndirimli),ANKARA,VAKIF,0,17.0,0.0,0.0,0.0,0.0,350.5651,273.44344,621803.0,17.0,15.0,21.0,2.0,0.0,11.0,9.0,3.0,9.0,2.0,0.0,1.0,2.0,149.0,124.0,9.0,9.0,36.0,32.0,92.0,87.0,21.0,0,0.0,0.0,0.0,21.0,311.06107,0.0,0.0,0.0,0.0,0.0,0.0,0.0,0.0,4.0,0.0,0.0,0.0,942400,245.37248,25,0,0,0,0,245.7969970703125,885935,317.0660095214844,25,0
200690494,İletişim ve Tasarımı,BAŞKENT ÜNİVERSİTESİ,4,SÖZEL,"64, 75",8992.0,İletişim Fakültesi,(Ücretli),ANKARA,VAKIF,0,2.0,0.0,0.0,0.0,0.0,280.39465,262.65732,680994.0,2.0,1.0,1.0,1.0,1.0,0.0,0.0,0.0,1.0,0.0,0.0,1.0,1.0,71.0,59.0,0.0,1.0,6.0,5.0,31.0,27.0,2.0,0,0.0,0.0,0.0,2.0,229.29814,0.0,0.0,0.0,0.0,0.0,0.0,0.0,0.0,2.0,0.0,0.0,0.0,1097897,224.67358,4,0,0,0,0,182.65899658203125,1395014,235.98699951171875,3,0
200690495,İletişim ve Tasarımı,BAŞKENT ÜNİVERSİTESİ,4,SÖZEL,"21, 64, 75",8993.0,İletişim Fakültesi,(Burslu),ANKARA,VAKIF,0,8.0,0.0,0.0,0.0,0.0,449.26436,402.34772,20671.0,8.0,6.0,6.0,2.0,2.0,2.0,3.0,5.0,4.0,0.0,1.0,1.0,0.0,177.0,135.0,8.0,12.0,49.0,30.0,128.0,95.0,7.0,1,0.0,1.0,0.0,7.0,443.6035,0.0,0.0,1.0,363.31384,0.0,0.0,0.0,0.0,0.0,1.0,0.0,0.0,12122,413.22159,7,0,1,0,1,428.218994140625,9707,462.1910095214844,7,0
200690496,İletişim ve Tasarımı,BAŞKENT ÜNİVERSİTESİ,4,SÖZEL,"21, 64, 75",8994.0,İletişim Fakültesi,(%50 İndirimli),ANKARA,VAKIF,0,40.0,0.0,0.0,0.0,0.0,359.0803,277.22944,538413.0,40.0,30.0,27.0,10.0,11.0,18.0,19.0,20.0,14.0,2.0,2.0,0.0,1.0,229.0,169.0,12.0,11.0,46.0,37.0,146.0,114.0,40.0,0,0.0,0.0,0.0,38.0,335.41182,0.0,0.0,0.0,0.0,0.0,0.0,0.0,0.0,6.0,0.0,0.0,0.0,0,0.0,38,0,0,0,0,190.1020050048828,1368151,335.8840026855469,38,0
200690497,Eczacılık,BAŞKENT ÜNİVERSİTESİ,5,SAYISAL,"64, 75, 148, 149",8887.0,Eczacılık Fakültesi,(Ücretli),ANKARA,VAKIF,0,34.0,0.0,0.0,0.0,0.0,449.44953,423.70674,81066.0,34.0,25.0,29.0,9.0,3.0,7.0,10.0,25.0,20.0,0.0,1.0,0.0,0.0,439.0,243.0,21.0,8.0,53.0,29.0,192.0,107.0,32.0,0,0.0,0.0,0.0,32.0,442.18791,0.0,0.0,0.0,0.0,0.0,0.0,0.0,0.0,2.0,0.0,0.0,0.0,82007,425.31297,32,0,0,0,0,384.9259948730469,99340,409.6289978027344,21,0
200690498,Eczacılık,BAŞKENT ÜNİVERSİTESİ,5,SAYISAL,"21, 64, 75, 148, 149",8888.0,Eczacılık Fakültesi,(Burslu),ANKARA,VAKIF,0,11.0,0.0,0.0,0.0,0.0,464.6472,461.5666,46643.0,11.0,7.0,11.0,4.0,0.0,4.0,3.0,6.0,7.0,1.0,0.0,0.0,1.0,722.0,776.0,22.0,11.0,67.0,82.0,362.0,402.0,10.0,1,0.0,2.0,0.0,10.0,465.34709,0.0,0.0,1.0,462.41985,0.0,0.0,0.0,0.0,0.0,2.0,0.0,0.0,47076,462.52709,10,0,2,0,1,438.6080017089844,47212,444.7330017089844,10,0
200690500,Uluslararası Ticaret ve Finansman,BAŞKENT ÜNİVERSİTESİ,4,EŞİT AĞIRLIK,"64, 75",9075.0,Ticari Bilimler Fakültesi,(Ücretli),ANKARA,VAKIF,0,2.0,0.0,0.0,0.0,0.0,270.15772,266.6304,689187.0,2.0,0.0,0.0,2.0,2.0,1.0,1.0,1.0,1.0,0.0,0.0,0.0,0.0,180.0,155.0,1.0,3.0,13.0,19.0,77.0,75.0,2.0,0,0.0,0.0,0.0,2.0,268.98733,0.0,0.0,0.0,0.0,0.0,0.0,0.0,0.0,1.0,0.0,0.0,0.0,677398,268.8913,6,0,0,0,0,238.6269989013672,982631,257.82000732421875,6,0
200690501,Uluslararası Ticaret ve Finansman,BAŞKENT ÜNİVERSİTESİ,4,EŞİT AĞIRLIK,"21, 64, 75",9076.0,Ticari Bilimler Fakültesi,(Burslu),ANKARA,VAKIF,0,5.0,0.0,0.0,0.0,0.0,394.95105,346.59964,187281.0,5.0,4.0,5.0,1.0,2.0,3.0,5.0,1.0,2.0,0.0,0.0,1.0,0.0,340.0,265.0,31.0,22.0,83.0,69.0,222.0,177.0,6.0,1,0.0,1.0,0.0,6.0,407.27714,0.0,0.0,1.0,344.31879,0.0,0.0,0.0,0.0,0.0,1.0,0.0,0.0,136746,357.91928,7,0,1,0,1,360.2229919433594,100371,390.7980041503906,7,0
200690502,Uluslararası Ticaret ve Finansman,BAŞKENT ÜNİVERSİTESİ,4,EŞİT AĞIRLIK,"21, 64, 75",9077.0,Ticari Bilimler Fakültesi,(%50 İndirimli),ANKARA,VAKIF,0,26.0,0.0,0.0,0.0,0.0,331.76629,273.0197,625868.0,26.0,6.0,8.0,20.0,26.0,18.0,17.0,5.0,15.0,3.0,1.0,0.0,0.0,627.0,438.0,32.0,34.0,104.0,107.0,348.0,306.0,34.0,0,0.0,0.0,0.0,34.0,321.86707,0.0,0.0,0.0,0.0,0.0,0.0,0.0,0.0,0.0,0.0,0.0,0.0,642222,272.46383,39,0,0,0,0,266.3590087890625,639585,348.7550048828125,39,0
200690503,Sigortacılık,BAŞKENT ÜNİVERSİTESİ,4,EŞİT AĞIRLIK,"21, 64, 75",9067.0,Ticari Bilimler Fakültesi,(Burslu),ANKARA,VAKIF,0,7.0,0.0,0.0,0.0,0.0,338.73041,311.77276,338336.0,7.0,3.0,4.0,4.0,2.0,0.0,2.0,3.0,4.0,2.0,0.0,2.0,0.0,128.0,64.0,8.0,5.0,29.0,18.0,69.0,41.0,6.0,1,0.0,1.0,0.0,6.0,325.31165,0.0,0.0,0.0,0.0,0.0,0.0,0.0,0.0,1.0,1.0,0.0,1.0,326140,313.38836,6,0,1,0,1,312.3070068359375,274764,321.5929870605469,6,0
200690504,Sigortacılık,BAŞKENT ÜNİVERSİTESİ,4,EŞİT AĞIRLIK,"21, 64, 75",9068.0,Ticari Bilimler Fakültesi,(%50 İndirimli),ANKARA,VAKIF,0,18.0,0.0,0.0,0.0,0.0,276.93245,226.57742,1193707.0,18.0,7.0,4.0,11.0,19.0,7.0,8.0,9.0,12.0,1.0,3.0,1.0,0.0,101.0,216.0,4.0,17.0,11.0,41.0,51.0,107.0,23.0,0,0.0,0.0,0.0,23.0,249.56432,0.0,0.0,0.0,0.0,0.0,0.0,0.0,0.0,4.0,0.0,0.0,0.0,1205060,225.69613,28,0,0,0,0,193.0189971923828,1583658,256.3609924316406,28,0
200690505,Turizm İşletmeciliği,BAŞKENT ÜNİVERSİTESİ,4,EŞİT AĞIRLIK,"21, 64, 75",9069.0,Ticari Bilimler Fakültesi,(Burslu),ANKARA,VAKIF,0,5.0,0.0,0.0,0.0,0.0,330.73364,315.97823,315766.0,5.0,2.0,3.0,3.0,3.0,2.0,0.0,1.0,6.0,2.0,0.0,0.0,0.0,162.0,103.0,18.0,8.0,41.0,24.0,108.0,60.0,5.0,1,0.0,0.0,0.0,5.0,337.8153,0.0,0.0,1.0,251.30062,0.0,0.0,0.0,0.0,0.0,0.0,0.0,0.0,313046,315.62793,5,0,0,0,1,312.83099365234375,271800,322.1409912109375,5,0
200690506,Turizm İşletmeciliği,BAŞKENT ÜNİVERSİTESİ,4,EŞİT AĞIRLIK,"21, 64, 75",9072.0,Ticari Bilimler Fakültesi,(%50 İndirimli),ANKARA,VAKIF,0,15.0,0.0,0.0,0.0,0.0,304.95088,242.2126,976894.0,15.0,4.0,6.0,11.0,9.0,5.0,11.0,6.0,3.0,2.0,1.0,0.0,0.0,134.0,209.0,4.0,6.0,15.0,32.0,68.0,102.0,15.0,0,0.0,0.0,0.0,15.0,290.04441,0.0,0.0,0.0,0.0,0.0,0.0,0.0,0.0,2.0,0.0,0.0,0.0,1117448,231.99825,20,0,0,0,0,221.27099609375,1228770,262.22601318359375,20,0
200690510,İnşaat Mühendisliği,BAŞKENT ÜNİVERSİTESİ,4,SAYISAL,"21, 22, 23, 24, 64, 75, 144",9027.0,Mühendislik Fakültesi,(İngilizce) (%50 İndirimli),ANKARA,VAKIF,0,10.0,0.0,0.0,0.0,0.0,390.82247,313.97773,253581.0,10.0,1.0,5.0,9.0,17.0,7.0,15.0,3.0,7.0,0.0,0.0,0.0,0.0,71.0,161.0,2.0,4.0,5.0,21.0,29.0,90.0,22.0,0,0.0,0.0,0.0,22.0,404.16664,0.0,0.0,0.0,0.0,0.0,0.0,0.0,0.0,1.0,0.0,0.0,0.0,259780,320.49137,17,0,0,0,0,301.8940124511719,258858,373.29901123046875,17,0
200690533,Hukuk,BAŞKENT ÜNİVERSİTESİ,4,EŞİT AĞIRLIK,"21, 22, 24, 34, 64, 75, 162",8963.0,Hukuk Fakültesi,(%50 İndirimli),ANKARA,VAKIF,0,96.0,0.0,0.0,0.0,0.0,441.11638,404.7268,49544.0,96.0,62.0,81.0,34.0,27.0,49.0,47.0,46.0,57.0,0.0,4.0,0.0,0.0,798.0,546.0,45.0,50.0,162.0,158.0,526.0,390.0,108.0,0,0.0,0.0,0.0,108.0,445.9461,0.0,0.0,0.0,0.0,0.0,0.0,0.0,0.0,1.0,0.0,0.0,0.0,56759,392.937,111,0,0,0,0,369.0559997558594,81379,430.697998046875,111,0
200690534,Halkla İlişkiler ve Tanıtım,BAŞKENT ÜNİVERSİTESİ,4,SÖZEL,"64, 75",8989.0,İletişim Fakültesi,(Ücretli),ANKARA,VAKIF,0,2.0,0.0,0.0,0.0,0.0,324.49794,263.1396,676014.0,2.0,0.0,1.0,2.0,1.0,1.0,1.0,0.0,1.0,0.0,0.0,1.0,0.0,79.0,50.0,0.0,0.0,2.0,7.0,28.0,20.0,2.0,0,0.0,0.0,0.0,2.0,273.81175,0.0,0.0,0.0,0.0,0.0,0.0,0.0,0.0,1.0,0.0,0.0,0.0,806210,250.59417,5,0,0,0,0,185.7209930419922,1385177,234.79100036621094,2,0
200690535,Halkla İlişkiler ve Tanıtım,BAŞKENT ÜNİVERSİTESİ,4,SÖZEL,"21, 64, 75",8990.0,İletişim Fakültesi,(Burslu),ANKARA,VAKIF,0,6.0,0.0,0.0,0.0,0.0,393.65914,377.41692,50024.0,6.0,4.0,2.0,2.0,4.0,2.0,3.0,1.0,2.0,2.0,0.0,1.0,0.0,161.0,115.0,10.0,11.0,30.0,37.0,113.0,79.0,5.0,1,0.0,1.0,0.0,5.0,389.99468,0.0,0.0,1.0,310.60736,0.0,0.0,0.0,0.0,0.0,1.0,0.0,0.0,39639,383.34797,6,0,1,0,1,399.4119873046875,32644,414.4429931640625,6,0
200690536,Halkla İlişkiler ve Tanıtım,BAŞKENT ÜNİVERSİTESİ,4,SÖZEL,"21, 64, 75",8991.0,İletişim Fakültesi,(%50 İndirimli),ANKARA,VAKIF,0,32.0,0.0,0.0,0.0,0.0,361.61326,251.29876,804228.0,32.0,17.0,18.0,15.0,14.0,11.0,10.0,14.0,13.0,5.0,7.0,0.0,1.0,197.0,229.0,6.0,19.0,29.0,64.0,112.0,137.0,32.0,0,0.0,0.0,0.0,32.0,298.85208,0.0,0.0,0.0,0.0,0.0,0.0,0.0,0.0,5.0,0.0,0.0,0.0,858504,245.91205,33,0,0,0,0,172.68600463867188,1415454,330.8290100097656,33,0
200690537,"Radyo, Televizyon ve Sinema",BAŞKENT ÜNİVERSİTESİ,4,SÖZEL,"64, 75",8997.0,İletişim Fakültesi,(Ücretli),ANKARA,VAKIF,0,2.0,0.0,0.0,0.0,0.0,299.02936,298.61443,363822.0,2.0,2.0,0.0,0.0,2.0,0.0,1.0,1.0,0.0,0.0,1.0,1.0,0.0,92.0,35.0,2.0,0.0,6.0,2.0,45.0,13.0,2.0,0,0.0,0.0,0.0,2.0,224.35173,0.0,0.0,0.0,0.0,0.0,0.0,0.0,0.0,2.0,0.0,0.0,0.0,1151481,219.78092,2,0,0,0,0,232.0709991455078,1048202,239.36599731445312,2,0
200690538,"Radyo, Televizyon ve Sinema",BAŞKENT ÜNİVERSİTESİ,4,SÖZEL,"21, 64, 75",8998.0,İletişim Fakültesi,(Burslu),ANKARA,VAKIF,0,8.0,0.0,0.0,0.0,0.0,417.11165,389.66359,33166.0,8.0,3.0,4.0,5.0,5.0,2.0,2.0,3.0,4.0,1.0,1.0,2.0,2.0,223.0,166.0,20.0,17.0,81.0,64.0,163.0,127.0,7.0,1,0.0,1.0,0.0,7.0,405.36601,0.0,0.0,1.0,382.90132,0.0,0.0,1.0,364.0,0.0,0.0,0.0,0.0,26591,394.36993,7,0,1,0,1,406.00299072265625,25405,426.2799987792969,7,0
200690539,"Radyo, Televizyon ve Sinema",BAŞKENT ÜNİVERSİTESİ,4,SÖZEL,"21, 64, 75",8999.0,İletişim Fakültesi,(%50 İndirimli),ANKARA,VAKIF,0,45.0,0.0,0.0,0.0,0.0,376.48412,278.71276,524754.0,45.0,29.0,27.0,16.0,18.0,21.0,18.0,16.0,22.0,6.0,2.0,2.0,1.0,292.0,212.0,14.0,24.0,62.0,63.0,178.0,142.0,45.0,0,0.0,0.0,0.0,45.0,358.21691,0.0,0.0,0.0,0.0,0.0,0.0,0.0,0.0,2.0,0.0,0.0,0.0,928991,239.67591,45,0,0,0,0,243.43600463867188,929966,385.4119873046875,45,0
200690540,Fizyoterapi ve Rehabilitasyon,BAŞKENT ÜNİVERSİTESİ,4,SAYISAL,"64, 75",9040.0,Sağlık Bilimleri Fakültesi,(Ücretli),ANKARA,VAKIF,0,3.0,0.0,0.0,0.0,0.0,279.41203,272.80296,394577.0,3.0,1.0,3.0,2.0,1.0,0.0,2.0,3.0,2.0,0.0,0.0,0.0,0.0,189.0,69.0,3.0,2.0,29.0,9.0,99.0,38.0,4.0,0,0.0,0.0,0.0,4.0,272.73491,0.0,0.0,0.0,0.0,0.0,0.0,0.0,0.0,1.0,0.0,0.0,0.0,548030,258.03376,8,0,0,0,0,224.1020050048828,821482,251.64999389648438,8,0
200690541,Fizyoterapi ve Rehabilitasyon,BAŞKENT ÜNİVERSİTESİ,4,SAYISAL,"21, 64, 75",9041.0,Sağlık Bilimleri Fakültesi,(Burslu),ANKARA,VAKIF,0,7.0,0.0,0.0,0.0,0.0,421.91273,400.30248,105770.0,7.0,6.0,7.0,1.0,2.0,2.0,4.0,4.0,5.0,0.0,0.0,1.0,0.0,348.0,196.0,33.0,16.0,105.0,62.0,237.0,136.0,8.0,1,0.0,1.0,0.0,8.0,405.18904,0.0,0.0,1.0,393.34625,0.0,0.0,0.0,0.0,0.0,1.0,0.0,0.0,113868,397.48772,8,0,1,0,1,354.43798828125,140835,372.07598876953125,8,0
200690544,Uluslararası Finans ve Bankacılık,BAŞKENT ÜNİVERSİTESİ,4,EŞİT AĞIRLIK,"21, 64, 75",9073.0,Ticari Bilimler Fakültesi,(Burslu),ANKARA,VAKIF,0,7.0,0.0,0.0,0.0,0.0,342.80795,329.98099,249763.0,7.0,3.0,6.0,4.0,1.0,2.0,4.0,4.0,2.0,0.0,0.0,1.0,0.0,202.0,158.0,14.0,11.0,37.0,30.0,111.0,89.0,6.0,1,0.0,1.0,0.0,6.0,356.29147,0.0,0.0,1.0,329.97675,0.0,0.0,0.0,0.0,0.0,1.0,0.0,0.0,204102,338.35063,6,0,1,0,1,348.3110046386719,130854,353.0950012207031,6,0
200690545,Uluslararası Finans ve Bankacılık,BAŞKENT ÜNİVERSİTESİ,4,EŞİT AĞIRLIK,"21, 64, 75",9074.0,Ticari Bilimler Fakültesi,(%50 İndirimli),ANKARA,VAKIF,0,18.0,0.0,0.0,0.0,0.0,295.58974,251.48842,859234.0,18.0,7.0,7.0,11.0,16.0,4.0,13.0,13.0,8.0,0.0,0.0,1.0,1.0,179.0,342.0,3.0,15.0,27.0,61.0,74.0,195.0,23.0,0,0.0,0.0,0.0,23.0,270.45372,0.0,0.0,0.0,0.0,0.0,0.0,0.0,0.0,5.0,0.0,0.0,0.0,910437,247.95615,28,0,0,0,0,236.3820037841797,1013729,330.0509948730469,28,0
200690552,Elektrik-Elektronik Mühendisliği,BAŞKENT ÜNİVERSİTESİ,4,SAYISAL,"21, 22, 23, 24, 64, 75, 144",9018.0,Mühendislik Fakültesi,(İngilizce) (%25 İndirimli),ANKARA,VAKIF,0,10.0,0.0,0.0,0.0,0.0,448.91809,401.34924,104557.0,10.0,5.0,10.0,5.0,15.0,7.0,10.0,3.0,13.0,0.0,0.0,0.0,1.0,406.0,325.0,14.0,24.0,46.0,66.0,227.0,197.0,25.0,0,0.0,0.0,0.0,25.0,478.93625,0.0,0.0,0.0,0.0,0.0,0.0,0.0,0.0,1.0,0.0,0.0,0.0,124897,389.05099,17,0,0,0,0,352.0639953613281,144779,406.3320007324219,17,0
200690559,Makine Mühendisliği,BAŞKENT ÜNİVERSİTESİ,4,SAYISAL,"21, 22, 23, 24, 64, 75, 144",9033.0,Mühendislik Fakültesi,(İngilizce) (%50 İndirimli),ANKARA,VAKIF,0,10.0,0.0,0.0,0.0,0.0,441.18709,405.55521,99953.0,10.0,1.0,4.0,9.0,18.0,5.0,13.0,5.0,9.0,0.0,0.0,0.0,0.0,328.0,287.0,10.0,16.0,41.0,38.0,149.0,167.0,22.0,0,0.0,0.0,0.0,22.0,463.36312,0.0,0.0,0.0,0.0,0.0,0.0,0.0,0.0,1.0,0.0,0.0,0.0,98407,410.2729,21,0,0,0,0,369.46099853515625,118777,426.8479919433594,21,0
200690566,Hemşirelik,BAŞKENT ÜNİVERSİTESİ,4,SAYISAL,"21, 22, 23, 24, 64, 75",9047.0,Sağlık Bilimleri Fakültesi,(İngilizce) (Burslu),ANKARA,VAKIF,0,10.0,0.0,0.0,0.0,0.0,413.70251,371.01897,142659.0,10.0,9.0,7.0,1.0,1.0,5.0,2.0,5.0,6.0,0.0,0.0,0.0,0.0,701.0,263.0,113.0,11.0,244.0,34.0,510.0,163.0,7.0,1,0.0,1.0,0.0,7.0,400.96329,0.0,0.0,1.0,377.42771,0.0,0.0,0.0,0.0,0.0,1.0,0.0,0.0,129123,385.89753,4,0,1,0,1,370.7430114746094,117015,392.7430114746094,4,0
200690573,Bilgisayar Mühendisliği,BAŞKENT ÜNİVERSİTESİ,4,SAYISAL,"21, 22, 23, 24, 64, 75, 144",9005.0,Mühendislik Fakültesi,(İngilizce) (Burslu),ANKARA,VAKIF,0,10.0,0.0,0.0,0.0,0.0,518.74797,499.57559,17820.0,10.0,2.0,3.0,8.0,5.0,4.0,7.0,6.0,1.0,0.0,0.0,0.0,0.0,2264.0,684.0,287.0,40.0,848.0,137.0,1798.0,440.0,6.0,1,0.0,1.0,0.0,6.0,519.697,0.0,0.0,1.0,509.6009,0.0,0.0,1.0,395.0,0.0,0.0,0.0,0.0,12784,509.90736,7,0,1,0,1,481.9519958496094,18717,491.97601318359375,7,0
200690580,Bilgisayar Mühendisliği,BAŞKENT ÜNİVERSİTESİ,4,SAYISAL,"21, 22, 23, 24, 64, 75, 144",9006.0,Mühendislik Fakültesi,(İngilizce) (%50 İndirimli),ANKARA,VAKIF,0,20.0,0.0,0.0,0.0,0.0,481.69621,457.35911,50208.0,20.0,5.0,9.0,15.0,24.0,8.0,21.0,11.0,12.0,1.0,0.0,0.0,0.0,1412.0,517.0,91.0,56.0,373.0,147.0,976.0,322.0,33.0,0,0.0,0.0,0.0,33.0,492.46124,0.0,0.0,0.0,0.0,0.0,0.0,0.0,0.0,1.0,0.0,0.0,0.0,51473,457.47101,35,0,0,0,0,409.27099609375,73154,447.6889953613281,35,0
200690587,Endüstri Mühendisliği,BAŞKENT ÜNİVERSİTESİ,4,SAYISAL,"21, 22, 23, 24, 64, 75, 144",9023.0,Mühendislik Fakültesi,(İngilizce) (Burslu),ANKARA,VAKIF,0,10.0,0.0,0.0,0.0,0.0,480.23641,459.13646,48735.0,10.0,3.0,6.0,7.0,2.0,1.0,3.0,8.0,5.0,1.0,0.0,0.0,0.0,865.0,639.0,69.0,29.0,209.0,100.0,566.0,340.0,6.0,1,0.0,1.0,0.0,6.0,485.19738,0.0,0.0,1.0,462.11538,0.0,0.0,1.0,401.0,0.0,0.0,0.0,0.0,35680,476.08368,5,0,1,0,1,450.6520080566406,38080,474.3800048828125,5,0
200690594,Endüstri Mühendisliği,BAŞKENT ÜNİVERSİTESİ,4,SAYISAL,"21, 22, 23, 24, 64, 75, 144",9024.0,Mühendislik Fakültesi,(İngilizce) (%50 İndirimli),ANKARA,VAKIF,0,20.0,0.0,0.0,0.0,0.0,448.35839,409.95212,95249.0,20.0,14.0,25.0,6.0,8.0,6.0,15.0,14.0,17.0,0.0,1.0,0.0,0.0,561.0,537.0,13.0,51.0,83.0,130.0,306.0,334.0,33.0,0,0.0,0.0,0.0,33.0,464.51895,0.0,0.0,0.0,0.0,0.0,0.0,0.0,0.0,3.0,0.0,0.0,0.0,93707,414.33854,24,0,0,0,0,383.760986328125,100693,424.5710144042969,24,0
200690601,Biyomedikal Mühendisliği,BAŞKENT ÜNİVERSİTESİ,4,SAYISAL,"21, 22, 23, 24, 64, 75, 144",9009.0,Mühendislik Fakültesi,(İngilizce) (Burslu),ANKARA,VAKIF,0,10.0,0.0,0.0,0.0,0.0,452.91024,427.24841,77551.0,10.0,4.0,9.0,6.0,1.0,7.0,5.0,2.0,5.0,0.0,0.0,0.0,0.0,186.0,169.0,18.0,11.0,43.0,39.0,110.0,103.0,9.0,1,0.0,1.0,0.0,9.0,467.07453,0.0,0.0,1.0,415.37196,0.0,0.0,0.0,0.0,0.0,1.0,0.0,0.0,65692,441.92481,9,0,1,0,1,413.47100830078125,69116,434.47100830078125,9,0
200690608,Biyomedikal Mühendisliği,BAŞKENT ÜNİVERSİTESİ,4,SAYISAL,"21, 22, 23, 24, 64, 75, 144",9010.0,Mühendislik Fakültesi,(İngilizce) (%50 İndirimli),ANKARA,VAKIF,0,20.0,0.0,0.0,0.0,0.0,398.66395,326.23433,223784.0,20.0,10.0,17.0,10.0,3.0,8.0,11.0,11.0,9.0,1.0,0.0,0.0,0.0,93.0,137.0,1.0,3.0,10.0,17.0,48.0,74.0,20.0,0,0.0,0.0,0.0,20.0,402.70362,0.0,0.0,0.0,0.0,0.0,0.0,0.0,0.0,1.0,0.0,0.0,0.0,265728,318.42994,20,0,0,0,0,293.5379943847656,287415,361.822998046875,11,0
200690615,Psikoloji,BAŞKENT ÜNİVERSİTESİ,4,EŞİT AĞIRLIK,"21, 22, 23, 24, 64, 75",8928.0,Fen-Edebiyat Fakültesi,(İngilizce) (Burslu),ANKARA,VAKIF,0,5.0,0.0,0.0,0.0,0.0,452.24032,436.5068,13797.0,5.0,3.0,5.0,2.0,1.0,1.0,5.0,4.0,0.0,0.0,0.0,0.0,1.0,1272.0,390.0,229.0,24.0,479.0,86.0,968.0,283.0,4.0,1,0.0,1.0,0.0,4.0,453.17115,0.0,0.0,1.0,446.37408,0.0,0.0,1.0,340.0,0.0,0.0,0.0,0.0,6655,448.71855,4,0,1,0,1,431.9590148925781,10108,438.9150085449219,4,0
200690622,Psikoloji,BAŞKENT ÜNİVERSİTESİ,4,EŞİT AĞIRLIK,"21, 22, 23, 24, 64, 75",8929.0,Fen-Edebiyat Fakültesi,(İngilizce) (%50 İndirimli),ANKARA,VAKIF,0,15.0,0.0,0.0,0.0,0.0,416.23086,374.40923,110101.0,15.0,13.0,23.0,2.0,2.0,9.0,12.0,6.0,11.0,0.0,2.0,0.0,0.0,1005.0,380.0,97.0,34.0,323.0,116.0,763.0,295.0,25.0,0,0.0,0.0,0.0,25.0,402.58267,0.0,0.0,0.0,0.0,0.0,0.0,0.0,0.0,1.0,0.0,0.0,0.0,131087,359.91962,12,0,0,0,0,355.02801513671875,112967,384.47100830078125,12,0
200690657,Diş Hekimliği,BAŞKENT ÜNİVERSİTESİ,5,SAYISAL,"21, 64, 75, 147",8880.0,Diş Hekimliği Fakültesi,(%50 İndirimli),ANKARA,VAKIF,0,10.0,0.0,0.0,0.0,0.0,487.13051,478.08811,33230.0,10.0,9.0,6.0,1.0,4.0,4.0,7.0,6.0,2.0,0.0,1.0,0.0,0.0,846.0,260.0,66.0,9.0,188.0,36.0,557.0,139.0,10.0,0,0.0,0.0,0.0,10.0,484.06507,0.0,0.0,0.0,0.0,0.0,0.0,0.0,0.0,0.0,0.0,0.0,0.0,37241,474.08429,10,0,0,0,0,448.54400634765625,39679,458.5530090332031,10,0
200690664,Diş Hekimliği,BAŞKENT ÜNİVERSİTESİ,5,SAYISAL,"21, 22, 23, 24, 64, 75, 147",8883.0,Diş Hekimliği Fakültesi,(İngilizce) (%50 İndirimli),ANKARA,VAKIF,0,10.0,0.0,0.0,0.0,0.0,485.00001,471.93254,38085.0,10.0,7.0,8.0,3.0,2.0,7.0,6.0,3.0,4.0,0.0,0.0,0.0,0.0,580.0,253.0,31.0,9.0,114.0,28.0,379.0,123.0,10.0,0,0.0,0.0,0.0,10.0,483.42516,0.0,0.0,0.0,0.0,0.0,0.0,0.0,0.0,0.0,0.0,0.0,0.0,38599,472.37257,10,0,0,0,0,442.09100341796875,44470,450.58099365234375,10,0
200690671,Eczacılık,BAŞKENT ÜNİVERSİTESİ,5,SAYISAL,"21, 64, 75, 148, 149",8889.0,Eczacılık Fakültesi,(%50 İndirimli),ANKARA,VAKIF,0,25.0,0.0,0.0,0.0,0.0,461.25448,449.54012,56989.0,25.0,17.0,22.0,8.0,14.0,14.0,18.0,10.0,17.0,1.0,1.0,0.0,0.0,735.0,369.0,30.0,15.0,111.0,49.0,381.0,162.0,36.0,0,0.0,0.0,0.0,36.0,460.19481,0.0,0.0,0.0,0.0,0.0,0.0,0.0,0.0,0.0,0.0,0.0,0.0,63995,443.69026,36,0,0,0,0,407.1960144042969,75276,431.8739929199219,36,0
200690678,Psikoloji,BAŞKENT ÜNİVERSİTESİ,4,EŞİT AĞIRLIK,"21, 22, 24, 34, 64, 75",8926.0,Fen-Edebiyat Fakültesi,(%50 İndirimli),ANKARA,VAKIF,0,28.0,0.0,0.0,0.0,0.0,393.5175,360.2529,146188.0,28.0,26.0,23.0,2.0,4.0,13.0,14.0,12.0,13.0,0.0,0.0,3.0,0.0,1342.0,428.0,129.0,35.0,399.0,146.0,974.0,314.0,27.0,0,0.0,0.0,0.0,27.0,374.52772,0.0,0.0,0.0,0.0,0.0,0.0,0.0,0.0,2.0,0.0,0.0,0.0,157007,351.30674,24,0,0,0,0,343.38800048828125,145429,360.4859924316406,24,0
200690685,Film Tasarımı ve Yönetimi,BAŞKENT ÜNİVERSİTESİ,4,SÖZEL,"21, 64, 75",8945.0,Güzel Sanatlar Tasarım ve Mimarlık Fakültesi,(%50 İndirimli),ANKARA,VAKIF,0,15.0,0.0,0.0,0.0,0.0,354.69505,254.87778,764203.0,15.0,6.0,11.0,9.0,8.0,6.0,9.0,4.0,6.0,2.0,4.0,2.0,0.0,105.0,117.0,1.0,7.0,21.0,28.0,59.0,72.0,19.0,0,0.0,0.0,0.0,19.0,328.33467,0.0,0.0,0.0,0.0,0.0,0.0,0.0,0.0,3.0,0.0,0.0,0.0,1108740,223.69454,23,0,0,0,0,173.41400146484375,1414517,409.1369934082031,19,0
200690692,Görsel İletişim Tasarımı,BAŞKENT ÜNİVERSİTESİ,4,SÖZEL,"21, 64, 75",8951.0,Güzel Sanatlar Tasarım ve Mimarlık Fakültesi,(%50 İndirimli),ANKARA,VAKIF,0,20.0,0.0,0.0,0.0,0.0,345.88898,316.1432,251642.0,20.0,12.0,18.0,8.0,10.0,15.0,8.0,4.0,12.0,1.0,6.0,0.0,1.0,329.0,133.0,21.0,9.0,72.0,35.0,225.0,103.0,28.0,0,0.0,0.0,0.0,28.0,374.87413,0.0,0.0,0.0,0.0,0.0,0.0,0.0,0.0,3.0,0.0,0.0,0.0,631422,267.01604,28,0,0,0,0,287.6499938964844,491120,363.32598876953125,28,0
200690699,Mimarlık,BAŞKENT ÜNİVERSİTESİ,4,SAYISAL,"21, 22, 24, 34, 64, 75, 143",8957.0,Güzel Sanatlar Tasarım ve Mimarlık Fakültesi,(%50 İndirimli),ANKARA,VAKIF,0,45.0,0.0,0.0,0.0,0.0,405.02593,316.05291,248417.0,45.0,37.0,35.0,8.0,10.0,28.0,21.0,17.0,24.0,0.0,0.0,0.0,0.0,200.0,300.0,5.0,7.0,24.0,51.0,121.0,189.0,45.0,0,0.0,0.0,0.0,45.0,411.82623,0.0,0.0,0.0,0.0,0.0,0.0,0.0,0.0,0.0,0.0,0.0,0.0,236279,329.12689,43,0,0,0,0,305.5039978027344,247729,393.4079895019531,33,0
200690706,Anestezi,BAŞKENT ÜNİVERSİTESİ,2,TYT,"21, 64, 75",21995.0,Adana Sağlık Hizmetleri Meslek Yüksekokulu,(%50 İndirimli),ANKARA,VAKIF,1,38.0,0.0,0.0,0.0,0.0,325.35493,294.54722,861249.0,38.0,28.0,35.0,10.0,9.0,7.0,6.0,27.0,33.0,3.0,1.0,1.0,2.0,902.0,376.0,86.0,36.0,267.0,102.0,583.0,241.0,44.0,0,0.0,0.0,0.0,44.0,338.30264,0.0,0.0,0.0,0.0,0.0,0.0,0.0,0.0,6.0,0.0,0.0,0.0,981265,292.04778,39,0,0,0,0,304.5509948730469,825892,345.4219970703125,39,0
200690713,İlk ve Acil Yardım,BAŞKENT ÜNİVERSİTESİ,2,TYT,"21, 64, 75",22001.0,Adana Sağlık Hizmetleri Meslek Yüksekokulu,(%50 İndirimli),ANKARA,VAKIF,1,43.0,0.0,0.0,0.0,0.0,334.75874,289.51236,920813.0,43.0,33.0,41.0,10.0,10.0,7.0,7.0,26.0,30.0,4.0,4.0,4.0,10.0,893.0,350.0,117.0,40.0,267.0,104.0,567.0,221.0,51.0,0,0.0,0.0,0.0,51.0,335.5459,0.0,0.0,0.0,0.0,0.0,0.0,0.0,0.0,8.0,0.0,0.0,0.0,1160926,278.83717,42,0,0,0,0,290.822998046875,1005671,334.43701171875,42,0
200690720,Fizyoterapi ve Rehabilitasyon,BAŞKENT ÜNİVERSİTESİ,4,SAYISAL,"21, 64, 75",9042.0,Sağlık Bilimleri Fakültesi,(%50 İndirimli),ANKARA,VAKIF,0,35.0,0.0,0.0,0.0,0.0,347.7772,280.36706,362377.0,35.0,16.0,20.0,19.0,23.0,13.0,1.0,20.0,30.0,1.0,0.0,0.0,1.0,651.0,290.0,43.0,24.0,137.0,58.0,376.0,193.0,43.0,0,0.0,0.0,0.0,43.0,370.95624,0.0,0.0,0.0,0.0,0.0,0.0,0.0,0.0,2.0,0.0,0.0,0.0,413012,280.39358,43,0,0,0,0,254.09100341796875,497165,318.97900390625,43,0
200690727,Ağız ve Diş Sağlığı,BAŞKENT ÜNİVERSİTESİ,2,TYT,"21, 64, 75",22043.0,Sağlık Hizmetleri Meslek Yüksekokulu,(%50 İndirimli),ANKARA,VAKIF,1,35.0,0.0,0.0,0.0,0.0,479.32143,270.09544,1178640.0,35.0,29.0,27.0,6.0,15.0,12.0,11.0,21.0,23.0,0.0,3.0,0.0,3.0,714.0,395.0,25.0,14.0,92.0,55.0,340.0,230.0,42.0,0,0.0,0.0,0.0,42.0,333.06417,0.0,0.0,0.0,0.0,0.0,0.0,0.0,0.0,4.0,0.0,0.0,0.0,1318073,268.2089,38,0,0,0,0,273.47198486328125,1263432,315.6510009765625,38,0
200690741,Çocuk Gelişimi,BAŞKENT ÜNİVERSİTESİ,2,TYT,"21, 64, 75",22079.0,Sosyal Bilimler Meslek Yüksekokulu,(%50 İndirimli),ANKARA,VAKIF,1,37.0,0.0,0.0,0.0,0.0,322.19664,255.62689,1411277.0,37.0,37.0,44.0,0.0,2.0,7.0,18.0,24.0,24.0,3.0,1.0,1.0,1.0,252.0,150.0,26.0,15.0,64.0,37.0,145.0,82.0,46.0,0,0.0,0.0,0.0,46.0,308.8344,0.0,0.0,0.0,0.0,0.0,0.0,0.0,0.0,14.0,0.0,0.0,0.0,2043712,226.6107,41,0,0,0,0,237.16799926757812,1880345,312.5539855957031,41,0
200690748,İnsansız Hava Aracı Teknolojisi ve Operatörlüğü,BAŞKENT ÜNİVERSİTESİ,2,TYT,"21, 64, 75",22009.0,Anadolu OSB Meslek Yüksekokulu,(Burslu),ANKARA,VAKIF,1,7.0,0.0,0.0,0.0,0.0,376.57564,368.20206,302906.0,7.0,2.0,3.0,5.0,4.0,4.0,2.0,0.0,4.0,0.0,0.0,3.0,1.0,931.0,318.0,134.0,29.0,320.0,109.0,632.0,228.0,5.0,1,0.0,1.0,0.0,5.0,378.70494,0.0,0.0,1.0,362.27014,0.0,0.0,1.0,338.0,1.0,0.0,0.0,0.0,331049,366.0354,4,0,1,0,1,364.2879943847656,331510,371.5379943847656,4,0
200690755,İnsansız Hava Aracı Teknolojisi ve Operatörlüğü,BAŞKENT ÜNİVERSİTESİ,2,TYT,"21, 64, 75",22010.0,Anadolu OSB Meslek Yüksekokulu,(%50 İndirimli),ANKARA,VAKIF,1,23.0,0.0,0.0,0.0,0.0,353.60408,295.86855,846158.0,23.0,3.0,8.0,20.0,26.0,6.0,1.0,13.0,18.0,3.0,3.0,1.0,2.0,388.0,210.0,20.0,5.0,106.0,48.0,225.0,134.0,34.0,0,0.0,0.0,0.0,34.0,340.28781,0.0,0.0,0.0,0.0,0.0,0.0,0.0,0.0,8.0,0.0,0.0,0.0,1215347,275.04632,31,0,0,0,0,270.6059875488281,1308777,315.3219909667969,31,0
200690762,Pastacılık ve Ekmekçilik,BAŞKENT ÜNİVERSİTESİ,2,TYT,"21, 64, 75",22086.0,Sosyal Bilimler Meslek Yüksekokulu,(Burslu),ANKARA,VAKIF,1,3.0,0.0,0.0,0.0,0.0,396.50617,343.77394,432080.0,3.0,3.0,3.0,0.0,3.0,0.0,1.0,0.0,1.0,0.0,0.0,3.0,4.0,196.0,128.0,31.0,22.0,71.0,47.0,149.0,92.0,5.0,1,0.0,0.0,0.0,5.0,406.83075,0.0,0.0,1.0,230.66877,0.0,0.0,0.0,0.0,0.0,0.0,0.0,0.0,280857,376.58985,4,0,0,0,1,357.61700439453125,366919,374.69500732421875,4,0
200690769,Pastacılık ve Ekmekçilik,BAŞKENT ÜNİVERSİTESİ,2,TYT,"21, 64, 75",22087.0,Sosyal Bilimler Meslek Yüksekokulu,(%25 İndirimli),ANKARA,VAKIF,1,17.0,0.0,0.0,0.0,0.0,275.79453,234.3436,1717403.0,17.0,15.0,14.0,2.0,6.0,6.0,8.0,9.0,9.0,1.0,1.0,0.0,1.0,64.0,47.0,2.0,5.0,18.0,17.0,44.0,33.0,20.0,0,0.0,0.0,0.0,20.0,315.96549,0.0,0.0,0.0,0.0,0.0,0.0,0.0,0.0,8.0,0.0,0.0,0.0,2779562,187.14489,19,0,0,0,0,212.625,2330653,284.42401123046875,19,0
200690776,Hemşirelik,BAŞKENT ÜNİVERSİTESİ,4,SAYISAL,"21, 22, 23, 24, 64, 75",9048.0,Sağlık Bilimleri Fakültesi,(İngilizce) (%50 İndirimli),ANKARA,VAKIF,0,,,,,,,,,,,21.0,,1.0,,8.0,,14.0,,0.0,,0.0,,251.0,,30.0,,65.0,,170.0,22.0,0,0.0,0.0,0.0,22.0,333.34104,0.0,0.0,0.0,0.0,0.0,0.0,0.0,0.0,1.0,0.0,0.0,0.0,374292,288.65626,20,0,0,0,0,270.4729919433594,389581,293.5690002441406,20,0
200690783,Yaşlı Bakımı,BAŞKENT ÜNİVERSİTESİ,2,TYT,"21, 64, 75",22070.0,Sağlık Hizmetleri Meslek Yüksekokulu,(Burslu),ANKARA,VAKIF,1,,,,,,,,,,,,,,,,,,,,,,,,,,,,,,,,,,,,,,,,,,,,,,,,,0,0.0,4,0,0,0,1,305.7040100097656,812005,346.79901123046875,4,0
200690790,Yaşlı Bakımı,BAŞKENT ÜNİVERSİTESİ,2,TYT,"21, 64, 75",22071.0,Sağlık Hizmetleri Meslek Yüksekokulu,(%50 İndirimli),ANKARA,VAKIF,1,,,,,,,,,,,,,,,,,,,,,,,,,,,,,,,,,,,,,,,,,,,,,,,,,0,0.0,21,0,0,0,0,190.98699951171875,2652672,278.69000244140625,21,0
200690797,Mahkeme Büro Hizmetleri,BAŞKENT ÜNİVERSİTESİ,2,TYT,"21, 64, 75",22082.0,Sosyal Bilimler Meslek Yüksekokulu,(Burslu),ANKARA,VAKIF,1,,,,,,,,,,,,,,,,,,,,,,,,,,,,,,,,,,,,,,,,,,,,,,,,,0,0.0,4,0,1,0,1,340.6960144042969,475488,392.39898681640625,4,0
200690804,Mahkeme Büro Hizmetleri,BAŞKENT ÜNİVERSİTESİ,2,TYT,"21, 64, 75",22083.0,Sosyal Bilimler Meslek Yüksekokulu,(%50 İndirimli),ANKARA,VAKIF,1,,,,,,,,,,,,,,,,,,,,,,,,,,,,,,,,,,,,,,,,,,,,,,,,,0,0.0,25,0,0,0,0,220.49099731445312,2187664,286.49200439453125,25,0
200690811,Organik Tarım,BAŞKENT ÜNİVERSİTESİ,2,TYT,"21, 64, 75",22034.0,Kahramankazan Meslek Yüksekokulu,(Burslu),ANKARA,VAKIF,1,,,,,,,,,,,,,,,,,,,,,,,,,,,,,,,,,,,,,,,,,,,,,,,,,0,0.0,4,0,0,0,1,269.22900390625,1331059,321.1969909667969,4,0
200690818,Organik Tarım,BAŞKENT ÜNİVERSİTESİ,2,TYT,"21, 64, 75",22035.0,Kahramankazan Meslek Yüksekokulu,(%50 İndirimli),ANKARA,VAKIF,1,,,,,,,,,,,,,,,,,,,,,,,,,,,,,,,,,,,,,,,,,,,,,,,,,0,0.0,21,0,0,0,0,173.92799377441406,2744312,212.96800231933594,12,0
200690825,Bilgisayar Mühendisliği,BAŞKENT ÜNİVERSİTESİ,4,SAYISAL,"22, 23, 24, 64, 75, 144",9004.0,Mühendislik Fakültesi,(İngilizce) (Ücretli),ANKARA,VAKIF,0,,,,,,,,,,,,,,,,,,,,,,,,,,,,,,,,,,,,,,,,,,,,,,,,,0,0.0,11,0,0,0,0,293.31500244140625,288187,384.3290100097656,11,0
200690832,Elektrik-Elektronik Mühendisliği,BAŞKENT ÜNİVERSİTESİ,4,SAYISAL,"22, 23, 24, 64, 75, 144",9014.0,Mühendislik Fakültesi,(İngilizce) (Ücretli),ANKARA,VAKIF,0,,,,,,,,,,,,,,,,,,,,,,,,,,,,,,,,,,,,,,,,,,,,,,,,,0,0.0,8,0,0,0,0,292.96600341796875,289458,347.90301513671875,5,0
200690839,Endüstri Mühendisliği,BAŞKENT ÜNİVERSİTESİ,4,SAYISAL,"22, 23, 24, 64, 75, 144",9022.0,Mühendislik Fakültesi,(İngilizce) (Ücretli),ANKARA,VAKIF,0,,,,,,,,,,,,,,,,,,,,,,,,,,,,,,,,,,,,,,,,,,,,,,,,,0,0.0,10,0,0,0,0,310.5559997558594,233351,360.6960144042969,10,0
200690846,İnşaat Mühendisliği,BAŞKENT ÜNİVERSİTESİ,4,SAYISAL,"22, 23, 24, 64, 75, 144",9025.0,Mühendislik Fakültesi,(İngilizce) (Ücretli),ANKARA,VAKIF,0,,,,,,,,,,,,,,,,,,,,,,,,,,,,,,,,,,,,,,,,,,,,,,,,,0,0.0,8,0,0,0,0,295.6050109863281,280053,298.3280029296875,2,0
200690853,Makine Mühendisliği,BAŞKENT ÜNİVERSİTESİ,4,SAYISAL,"22, 23, 24, 64, 75, 144",9031.0,Mühendislik Fakültesi,(İngilizce) (Ücretli),ANKARA,VAKIF,0,,,,,,,,,,,,,,,,,,,,,,,,,,,,,,,,,,,,,,,,,,,,,,,,,0,0.0,9,0,0,0,0,292.4549865722656,291315,324.41400146484375,2,0
200690860,Hemşirelik,BAŞKENT ÜNİVERSİTESİ,4,SAYISAL,"22, 23, 24, 64, 75",9046.0,Sağlık Bilimleri Fakültesi,(İngilizce) (Ücretli),ANKARA,VAKIF,0,,,,,,,,,,,,,,,,,,,,,,,,,,,,,,,,,,,,,,,,,,,,,,,,,0,0.0,5,0,0,0,0,233.26100158691406,706023,247.50100708007812,5,0
200690867,Psikoloji,BAŞKENT ÜNİVERSİTESİ,4,EŞİT AĞIRLIK,"22, 23, 24, 64, 75",8927.0,Fen-Edebiyat Fakültesi,(İngilizce) (Ücretli),ANKARA,VAKIF,0,,,,,,,,,,,,,,,,,,,,,,,,,,,,,,,,,,,,,,,,,,,,,,,,,0,0.0,13,0,0,0,0,296.7569885253906,372003,338.1199951171875,13,0
201110023,İngiliz Dili ve Edebiyatı,ÇANKAYA ÜNİVERSİTESİ,4,DİL,"18, 21, 22, 23, 24, 64, 81, 160",9259.0,Fen-Edebiyat Fakültesi,(İngilizce) (Burslu),ANKARA,VAKIF,0,8.0,0.0,0.0,0.0,0.0,452.11337,434.36821,13161.0,8.0,6.0,6.0,2.0,3.0,5.0,3.0,2.0,5.0,0.0,1.0,1.0,0.0,162.0,214.0,0.0,8.0,14.0,31.0,97.0,137.0,8.0,1,0.0,1.0,0.0,8.0,449.53337,0.0,0.0,1.0,403.53837,0.0,0.0,0.0,0.0,1.0,1.0,0.0,0.0,12977,442.15741,6,0,1,0,1,443.9849853515625,10033,454.6189880371094,6,0
201110077,Hukuk,ÇANKAYA ÜNİVERSİTESİ,4,EŞİT AĞIRLIK,"18, 64, 81, 162",9271.0,Hukuk Fakültesi,(Ücretli),ANKARA,VAKIF,0,40.0,0.0,0.0,0.0,0.0,385.02245,371.57969,116800.0,40.0,25.0,14.0,15.0,6.0,15.0,6.0,21.0,12.0,0.0,1.0,2.0,1.0,273.0,214.0,3.0,2.0,10.0,16.0,122.0,126.0,38.0,0,0.0,0.0,0.0,20.0,384.96673,0.0,0.0,0.0,0.0,0.0,0.0,0.0,0.0,19.0,0.0,0.0,0.0,0,0.0,20,0,0,0,0,351.72198486328125,121543,374.2449951171875,3,0
201110086,Hukuk,ÇANKAYA ÜNİVERSİTESİ,4,EŞİT AĞIRLIK,"18, 21, 64, 81, 162",9272.0,Hukuk Fakültesi,(Burslu),ANKARA,VAKIF,0,27.0,0.0,0.0,0.0,0.0,470.92357,433.32898,15566.0,27.0,13.0,18.0,14.0,7.0,8.0,18.0,10.0,6.0,2.0,0.0,7.0,1.0,915.0,792.0,35.0,34.0,153.0,133.0,657.0,602.0,24.0,1,0.0,3.0,0.0,24.0,458.30481,0.0,0.0,1.0,436.69173,0.0,0.0,0.0,0.0,0.0,3.0,0.0,0.0,9758,436.8863,23,0,3,0,1,420.25299072265625,16609,441.31298828125,23,0
201110102,İktisat,ÇANKAYA ÜNİVERSİTESİ,4,EŞİT AĞIRLIK,"18, 21, 22, 23, 24, 64, 81",9277.0,İktisadi ve İdari Bilimler Fakültesi,(İngilizce) (Burslu),ANKARA,VAKIF,0,11.0,0.0,0.0,0.0,0.0,385.29888,362.9288,138949.0,11.0,5.0,6.0,6.0,7.0,5.0,4.0,6.0,8.0,0.0,0.0,0.0,1.0,163.0,213.0,2.0,5.0,14.0,33.0,83.0,133.0,12.0,1,0.0,0.0,0.0,12.0,386.05527,0.0,0.0,1.0,365.08854,0.0,0.0,0.0,0.0,0.0,0.0,0.0,0.0,108648,368.3544,9,0,1,0,1,362.2099914550781,95782,371.39599609375,9,0
201110129,İşletme,ÇANKAYA ÜNİVERSİTESİ,4,EŞİT AĞIRLIK,"18, 21, 22, 23, 24, 64, 81",9279.0,İktisadi ve İdari Bilimler Fakültesi,(İngilizce) (Burslu),ANKARA,VAKIF,0,12.0,0.0,0.0,0.0,0.0,381.45256,362.0699,141262.0,12.0,7.0,10.0,5.0,5.0,6.0,6.0,5.0,7.0,0.0,1.0,1.0,0.0,296.0,335.0,10.0,14.0,44.0,53.0,178.0,200.0,13.0,1,0.0,1.0,0.0,13.0,388.9079,0.0,0.0,1.0,356.57091,0.0,0.0,1.0,364.0,0.0,0.0,0.0,0.0,101794,371.21054,11,0,1,0,1,363.4330139160156,93024,393.9729919433594,11,0
201110147,Siyaset Bilimi ve Uluslararası İlişkiler,ÇANKAYA ÜNİVERSİTESİ,4,EŞİT AĞIRLIK,"18, 21, 22, 23, 24, 64, 81",9281.0,İktisadi ve İdari Bilimler Fakültesi,(İngilizce) (Burslu),ANKARA,VAKIF,0,10.0,0.0,0.0,0.0,0.0,384.61354,379.8659,97656.0,10.0,4.0,6.0,6.0,6.0,4.0,4.0,6.0,8.0,0.0,0.0,0.0,0.0,221.0,174.0,7.0,7.0,36.0,26.0,134.0,114.0,11.0,1,0.0,1.0,0.0,11.0,391.99839,0.0,0.0,1.0,375.59129,0.0,0.0,0.0,0.0,0.0,1.0,0.0,0.0,75603,382.9763,7,0,1,0,1,362.5429992675781,95007,368.68701171875,7,0
201110174,Bilgisayar Mühendisliği,ÇANKAYA ÜNİVERSİTESİ,4,SAYISAL,"18, 22, 23, 24, 64, 81, 144",9298.0,Mühendislik Fakültesi,(İngilizce) (Ücretli),ANKARA,VAKIF,0,,,,,,,,,,,,,,,,,,,,,,,,,,,,,,,,,,,,,,,,,,,,,,,,,0,0.0,4,0,0,0,0,347.4679870605469,152350,364.8340148925781,4,0
201110183,Bilgisayar Mühendisliği,ÇANKAYA ÜNİVERSİTESİ,4,SAYISAL,"18, 21, 22, 23, 24, 64, 81, 144",9299.0,Mühendislik Fakültesi,(İngilizce) (Burslu),ANKARA,VAKIF,0,12.0,0.0,0.0,0.0,0.0,516.79612,507.64805,12833.0,12.0,3.0,4.0,9.0,10.0,10.0,8.0,2.0,6.0,0.0,0.0,0.0,0.0,963.0,580.0,83.0,46.0,276.0,146.0,677.0,378.0,12.0,1,0.0,2.0,0.0,12.0,523.58863,0.0,0.0,1.0,510.03124,0.0,0.0,1.0,343.0,0.0,1.0,0.0,0.0,12380,510.664,10,0,2,0,1,483.1130065917969,18127,510.44000244140625,10,0
201110217,Endüstri Mühendisliği,ÇANKAYA ÜNİVERSİTESİ,4,SAYISAL,"18, 22, 23, 24, 64, 81, 144",9304.0,Mühendislik Fakültesi,(İngilizce) (Ücretli),ANKARA,VAKIF,0,,,,,,,,,,,,,,,,,,,,,,,,,,,,,,,,,,,,,,,,,,,,,,,,,0,0.0,2,0,0,0,0,324.46600341796875,197929,408.9490051269531,2,0
201110226,Endüstri Mühendisliği,ÇANKAYA ÜNİVERSİTESİ,4,SAYISAL,"18, 21, 22, 23, 24, 64, 81, 144",9305.0,Mühendislik Fakültesi,(İngilizce) (Burslu),ANKARA,VAKIF,0,10.0,0.0,0.0,0.0,0.0,488.09632,461.80676,46410.0,10.0,8.0,8.0,2.0,4.0,3.0,0.0,7.0,12.0,0.0,0.0,0.0,0.0,479.0,488.0,16.0,19.0,71.0,89.0,254.0,290.0,11.0,1,0.0,1.0,0.0,11.0,482.14091,0.0,0.0,1.0,463.33966,0.0,0.0,0.0,0.0,0.0,1.0,0.0,0.0,38903,472.02738,9,0,1,0,1,440.0409851074219,46077,451.3580017089844,9,0
201110244,İç Mimarlık,ÇANKAYA ÜNİVERSİTESİ,4,SAYISAL,"18, 21, 22, 23, 24, 64, 81",9291.0,Mimarlık Fakültesi,(İngilizce) (Burslu),ANKARA,VAKIF,0,13.0,0.0,0.0,0.0,0.0,412.29677,365.84262,150317.0,13.0,8.0,13.0,5.0,1.0,6.0,6.0,7.0,7.0,0.0,1.0,0.0,0.0,317.0,294.0,43.0,43.0,93.0,86.0,211.0,187.0,12.0,1,0.0,1.0,0.0,12.0,431.19376,0.0,0.0,1.0,361.03018,0.0,0.0,1.0,293.0,1.0,0.0,0.0,0.0,146607,373.97222,8,0,1,0,1,353.6080017089844,142232,379.7330017089844,8,0
201110368,Mimarlık,ÇANKAYA ÜNİVERSİTESİ,4,SAYISAL,"18, 21, 22, 23, 24, 64, 81, 143",9293.0,Mimarlık Fakültesi,(İngilizce) (Burslu),ANKARA,VAKIF,0,10.0,0.0,0.0,0.0,0.0,444.03279,427.22871,77578.0,10.0,8.0,5.0,2.0,3.0,4.0,5.0,6.0,3.0,0.0,0.0,0.0,0.0,228.0,238.0,14.0,15.0,45.0,61.0,159.0,156.0,7.0,1,0.0,1.0,0.0,7.0,471.69,0.0,0.0,1.0,417.58252,0.0,0.0,0.0,0.0,0.0,1.0,0.0,0.0,68639,438.79429,7,0,1,0,1,388.7460021972656,94965,424.90899658203125,7,0
201110377,Mimarlık,ÇANKAYA ÜNİVERSİTESİ,4,SAYISAL,"18, 21, 22, 23, 24, 64, 81, 143",9294.0,Mimarlık Fakültesi,(İngilizce) (%50 İndirimli),ANKARA,VAKIF,0,50.0,0.0,0.0,0.0,0.0,424.26408,315.41439,249981.0,36.0,28.0,19.0,8.0,12.0,15.0,16.0,20.0,13.0,0.0,2.0,1.0,0.0,190.0,189.0,0.0,5.0,21.0,32.0,100.0,114.0,42.0,0,0.0,0.0,0.0,31.0,391.96316,0.0,0.0,0.0,0.0,0.0,0.0,0.0,0.0,13.0,0.0,0.0,0.0,0,0.0,42,0,0,0,0,307.41400146484375,242239,367.5249938964844,10,0
201110395,Mekatronik Mühendisliği,ÇANKAYA ÜNİVERSİTESİ,4,SAYISAL,"18, 21, 22, 23, 24, 64, 81, 144",9314.0,Mühendislik Fakültesi,(İngilizce) (Burslu),ANKARA,VAKIF,0,8.0,0.0,0.0,0.0,0.0,459.68494,455.95247,51407.0,8.0,1.0,2.0,7.0,6.0,5.0,3.0,3.0,5.0,0.0,0.0,0.0,0.0,140.0,133.0,6.0,12.0,19.0,27.0,62.0,67.0,7.0,1,0.0,1.0,0.0,7.0,468.22158,0.0,0.0,1.0,459.48196,0.0,0.0,0.0,0.0,0.0,1.0,0.0,0.0,46638,463.02422,6,0,1,0,1,432.37799072265625,52324,450.7200012207031,6,0
201110402,Mekatronik Mühendisliği,ÇANKAYA ÜNİVERSİTESİ,4,SAYISAL,"18, 21, 22, 23, 24, 64, 81, 144",9315.0,Mühendislik Fakültesi,(İngilizce) (%50 İndirimli),ANKARA,VAKIF,0,32.0,0.0,0.0,0.0,0.0,378.214,314.7965,251507.0,32.0,8.0,12.0,24.0,23.0,15.0,18.0,15.0,17.0,2.0,0.0,0.0,0.0,171.0,322.0,5.0,8.0,18.0,31.0,84.0,173.0,35.0,0,0.0,0.0,0.0,35.0,381.04803,0.0,0.0,0.0,0.0,0.0,0.0,0.0,0.0,1.0,0.0,0.0,0.0,254706,322.26873,32,0,0,0,0,294.6860046386719,283371,374.10400390625,6,0
201110447,Makine Mühendisliği,ÇANKAYA ÜNİVERSİTESİ,4,SAYISAL,"18, 22, 23, 24, 64, 81, 144",9311.0,Mühendislik Fakültesi,(İngilizce) (Ücretli),ANKARA,VAKIF,0,,,,,,,,,,,,,,,,,,,,,,,,,,,,,,,,,,,,,,,,,,,,,,,,,0,0.0,2,0,0,0,0,0.0,0,0.0,0,0
201110456,Makine Mühendisliği,ÇANKAYA ÜNİVERSİTESİ,4,SAYISAL,"18, 21, 22, 23, 24, 64, 81, 144",9312.0,Mühendislik Fakültesi,(İngilizce) (Burslu),ANKARA,VAKIF,0,13.0,0.0,0.0,0.0,0.0,454.26403,441.55045,64178.0,13.0,3.0,4.0,10.0,10.0,6.0,7.0,6.0,7.0,0.0,0.0,1.0,0.0,333.0,418.0,4.0,7.0,23.0,46.0,143.0,209.0,13.0,1,0.0,1.0,0.0,13.0,469.30582,0.0,0.0,1.0,443.39206,0.0,0.0,0.0,0.0,0.0,1.0,0.0,0.0,54318,454.15173,9,0,1,0,1,430.0429992675781,54258,455.0119934082031,9,0
201110465,Makine Mühendisliği,ÇANKAYA ÜNİVERSİTESİ,4,SAYISAL,"18, 21, 22, 23, 24, 64, 81, 144",9313.0,Mühendislik Fakültesi,(İngilizce) (%50 İndirimli),ANKARA,VAKIF,0,55.0,0.0,0.0,0.0,0.0,431.49563,325.3687,225722.0,55.0,14.0,7.0,41.0,51.0,22.0,29.0,32.0,26.0,1.0,3.0,0.0,0.0,351.0,517.0,13.0,14.0,39.0,70.0,171.0,291.0,58.0,0,0.0,0.0,0.0,58.0,433.90658,0.0,0.0,0.0,0.0,0.0,0.0,0.0,0.0,3.0,0.0,0.0,0.0,226315,333.07721,53,0,0,0,0,290.6409912109375,298134,407.22601318359375,52,0
201110474,İngiliz Dili ve Edebiyatı,ÇANKAYA ÜNİVERSİTESİ,4,DİL,"18, 21, 22, 23, 24, 64, 81, 160",9260.0,Fen-Edebiyat Fakültesi,(İngilizce) (%50 İndirimli),ANKARA,VAKIF,0,26.0,0.0,0.0,0.0,0.0,376.4127,297.35402,63645.0,26.0,13.0,21.0,13.0,7.0,12.0,13.0,9.0,13.0,3.0,2.0,0.0,0.0,247.0,274.0,5.0,13.0,40.0,61.0,164.0,188.0,28.0,0,0.0,0.0,0.0,28.0,350.76874,0.0,0.0,0.0,0.0,0.0,0.0,0.0,0.0,2.0,0.0,0.0,0.0,64853,318.6191,30,0,0,0,0,241.0240020751953,110106,380.2090148925781,30,0
201110508,İktisat,ÇANKAYA ÜNİVERSİTESİ,4,EŞİT AĞIRLIK,"18, 21, 22, 23, 24, 64, 81",9278.0,İktisadi ve İdari Bilimler Fakültesi,(İngilizce) (%50 İndirimli),ANKARA,VAKIF,0,10.0,0.0,0.0,0.0,0.0,297.70932,267.00989,685292.0,10.0,5.0,4.0,5.0,9.0,4.0,5.0,5.0,6.0,1.0,1.0,0.0,1.0,201.0,248.0,0.0,5.0,10.0,19.0,72.0,135.0,13.0,0,0.0,0.0,0.0,13.0,311.15556,0.0,0.0,0.0,0.0,0.0,0.0,0.0,0.0,2.0,0.0,0.0,0.0,777924,259.3856,17,0,0,0,0,238.2989959716797,987225,294.1809997558594,17,0
201110517,İşletme,ÇANKAYA ÜNİVERSİTESİ,4,EŞİT AĞIRLIK,"18, 21, 22, 23, 24, 64, 81",9280.0,İktisadi ve İdari Bilimler Fakültesi,(İngilizce) (%50 İndirimli),ANKARA,VAKIF,0,19.0,0.0,0.0,0.0,0.0,354.15486,283.13385,535543.0,19.0,8.0,9.0,11.0,18.0,12.0,11.0,6.0,12.0,1.0,3.0,0.0,0.0,545.0,392.0,10.0,20.0,47.0,65.0,249.0,245.0,27.0,0,0.0,0.0,0.0,27.0,332.13689,0.0,0.0,0.0,0.0,0.0,0.0,0.0,0.0,3.0,0.0,0.0,0.0,704955,266.21206,35,0,0,0,0,259.2030029296875,719617,312.9259948730469,35,0
201110526,Siyaset Bilimi ve Uluslararası İlişkiler,ÇANKAYA ÜNİVERSİTESİ,4,EŞİT AĞIRLIK,"18, 21, 22, 23, 24, 64, 81",9282.0,İktisadi ve İdari Bilimler Fakültesi,(İngilizce) (%50 İndirimli),ANKARA,VAKIF,0,23.0,0.0,0.0,0.0,0.0,349.35513,267.88992,676283.0,23.0,11.0,19.0,12.0,11.0,13.0,11.0,8.0,16.0,1.0,2.0,1.0,0.0,357.0,298.0,7.0,8.0,36.0,46.0,165.0,185.0,30.0,0,0.0,0.0,0.0,30.0,340.9467,0.0,0.0,0.0,0.0,0.0,0.0,0.0,0.0,6.0,0.0,0.0,0.0,876305,250.78495,30,0,0,0,0,236.45700073242188,1012683,314.8399963378906,30,0
201110544,Bilgisayar Mühendisliği,ÇANKAYA ÜNİVERSİTESİ,4,SAYISAL,"18, 21, 22, 23, 24, 64, 81, 144",9300.0,Mühendislik Fakültesi,(İngilizce) (%50 İndirimli),ANKARA,VAKIF,0,70.0,0.0,0.0,0.0,0.0,494.78264,441.20457,64487.0,70.0,20.0,28.0,50.0,48.0,29.0,40.0,40.0,35.0,0.0,1.0,1.0,0.0,1076.0,680.0,59.0,64.0,196.0,175.0,668.0,430.0,76.0,0,0.0,0.0,0.0,76.0,505.76503,0.0,0.0,0.0,0.0,0.0,0.0,0.0,0.0,1.0,0.0,0.0,0.0,63723,443.98716,65,0,0,0,0,382.75201416015625,101893,466.31298828125,65,0
201110562,Endüstri Mühendisliği,ÇANKAYA ÜNİVERSİTESİ,4,SAYISAL,"18, 21, 22, 23, 24, 64, 81, 144",9306.0,Mühendislik Fakültesi,(İngilizce) (%50 İndirimli),ANKARA,VAKIF,0,59.0,0.0,0.0,0.0,0.0,428.5488,355.20324,166996.0,59.0,42.0,42.0,17.0,18.0,25.0,23.0,33.0,37.0,0.0,0.0,0.0,0.0,530.0,678.0,15.0,36.0,62.0,123.0,266.0,430.0,60.0,0,0.0,0.0,0.0,60.0,431.11624,0.0,0.0,0.0,0.0,0.0,0.0,0.0,0.0,1.0,0.0,0.0,0.0,149481,372.08455,53,0,0,0,0,324.8680114746094,197031,426.35101318359375,53,0
201110571,Psikoloji,ÇANKAYA ÜNİVERSİTESİ,4,EŞİT AĞIRLIK,"18, 22, 23, 24, 64, 81",9267.0,Fen-Edebiyat Fakültesi,(İngilizce) (Ücretli),ANKARA,VAKIF,0,12.0,0.0,0.0,0.0,0.0,338.9134,301.5048,400001.0,12.0,11.0,11.0,1.0,1.0,8.0,7.0,4.0,3.0,0.0,1.0,0.0,0.0,262.0,207.0,6.0,13.0,29.0,41.0,149.0,120.0,12.0,0,0.0,0.0,0.0,12.0,311.34382,0.0,0.0,0.0,0.0,0.0,0.0,0.0,0.0,2.0,0.0,0.0,0.0,496684,288.86547,13,0,0,0,0,278.53399658203125,519307,319.4079895019531,13,0
201110589,Psikoloji,ÇANKAYA ÜNİVERSİTESİ,4,EŞİT AĞIRLIK,"18, 21, 22, 23, 24, 64, 81",9268.0,Fen-Edebiyat Fakültesi,(İngilizce) (Burslu),ANKARA,VAKIF,0,13.0,0.0,0.0,0.0,0.0,432.38835,422.21602,25016.0,13.0,11.0,9.0,2.0,4.0,4.0,6.0,7.0,5.0,2.0,0.0,0.0,2.0,390.0,371.0,12.0,15.0,57.0,63.0,234.0,230.0,11.0,1,0.0,2.0,0.0,11.0,454.72152,0.0,0.0,1.0,403.85824,0.0,0.0,1.0,289.0,0.0,1.0,0.0,0.0,17935,422.93433,11,0,2,0,1,399.40899658203125,35047,420.385986328125,11,0
201110598,Psikoloji,ÇANKAYA ÜNİVERSİTESİ,4,EŞİT AĞIRLIK,"18, 21, 22, 23, 24, 64, 81",9269.0,Fen-Edebiyat Fakültesi,(İngilizce) (%50 İndirimli),ANKARA,VAKIF,0,63.0,0.0,0.0,0.0,0.0,391.57196,346.75603,186787.0,63.0,52.0,50.0,11.0,13.0,19.0,20.0,41.0,39.0,2.0,2.0,0.0,2.0,584.0,425.0,22.0,34.0,108.0,100.0,363.0,301.0,63.0,0,0.0,0.0,0.0,63.0,381.41475,0.0,0.0,0.0,0.0,0.0,0.0,0.0,0.0,3.0,0.0,0.0,0.0,218644,334.77622,59,0,0,0,0,320.28399658203125,233947,354.8240051269531,59,0
201110614,İnşaat Mühendisliği,ÇANKAYA ÜNİVERSİTESİ,4,SAYISAL,"18, 21, 22, 23, 24, 64, 81, 144",9309.0,Mühendislik Fakültesi,(İngilizce) (Burslu),ANKARA,VAKIF,0,9.0,0.0,0.0,0.0,0.0,391.43804,374.10148,138444.0,9.0,3.0,2.0,6.0,8.0,5.0,5.0,4.0,4.0,0.0,0.0,0.0,0.0,181.0,180.0,4.0,4.0,20.0,22.0,99.0,95.0,9.0,1,0.0,1.0,0.0,9.0,417.46833,0.0,0.0,1.0,333.21708,0.0,0.0,0.0,0.0,0.0,1.0,0.0,0.0,118930,393.52638,6,0,1,0,1,374.6730041503906,111928,394.4410095214844,6,0
201110623,İnşaat Mühendisliği,ÇANKAYA ÜNİVERSİTESİ,4,SAYISAL,"18, 21, 22, 23, 24, 64, 81, 144",9310.0,Mühendislik Fakültesi,(İngilizce) (%50 İndirimli),ANKARA,VAKIF,0,21.0,0.0,0.0,0.0,0.0,326.47848,298.10876,299479.0,20.0,4.0,6.0,16.0,17.0,12.0,10.0,7.0,13.0,0.0,0.0,0.0,0.0,75.0,119.0,1.0,2.0,3.0,10.0,30.0,53.0,23.0,0,0.0,0.0,0.0,23.0,340.57357,0.0,0.0,0.0,0.0,0.0,0.0,0.0,0.0,2.0,0.0,0.0,0.0,297381,308.43052,23,0,0,0,0,292.4460144042969,291350,332.8630065917969,6,0
201110668,Şehir ve Bölge Planlama,ÇANKAYA ÜNİVERSİTESİ,4,SAYISAL,"18, 21, 22, 23, 24, 64, 81",9295.0,Mimarlık Fakültesi,(İngilizce) (Burslu),ANKARA,VAKIF,0,7.0,0.0,0.0,0.0,0.0,361.89299,321.86495,234041.0,7.0,5.0,5.0,2.0,3.0,2.0,2.0,4.0,6.0,0.0,0.0,1.0,0.0,144.0,131.0,4.0,9.0,31.0,38.0,81.0,89.0,7.0,1,0.0,1.0,0.0,7.0,365.29676,0.0,0.0,1.0,290.53325,0.0,0.0,0.0,0.0,0.0,1.0,0.0,0.0,209283,340.30457,4,0,1,0,1,338.45098876953125,168717,344.3210144042969,4,0
201110677,Şehir ve Bölge Planlama,ÇANKAYA ÜNİVERSİTESİ,4,SAYISAL,"18, 21, 22, 23, 24, 64, 81",9296.0,Mimarlık Fakültesi,(İngilizce) (%50 İndirimli),ANKARA,VAKIF,0,15.0,0.0,0.0,0.0,0.0,311.66235,252.67757,503197.0,15.0,7.0,12.0,8.0,6.0,6.0,5.0,8.0,12.0,1.0,0.0,0.0,0.0,132.0,158.0,2.0,12.0,17.0,39.0,65.0,107.0,18.0,0,0.0,0.0,0.0,18.0,294.09352,0.0,0.0,0.0,0.0,0.0,0.0,0.0,0.0,1.0,0.0,0.0,0.0,511390,263.31096,23,0,0,0,0,232.86599731445312,710778,266.50799560546875,23,0
201110695,Hukuk,ÇANKAYA ÜNİVERSİTESİ,4,EŞİT AĞIRLIK,"18, 21, 64, 81, 162",9273.0,Hukuk Fakültesi,(%50 İndirimli),ANKARA,VAKIF,0,98.0,0.0,0.0,0.0,0.0,423.53654,389.20448,77940.0,98.0,61.0,69.0,37.0,38.0,28.0,36.0,62.0,65.0,2.0,1.0,5.0,4.0,735.0,825.0,9.0,35.0,89.0,186.0,432.0,546.0,107.0,0,0.0,0.0,0.0,107.0,428.0757,0.0,0.0,0.0,0.0,0.0,0.0,0.0,0.0,1.0,0.0,0.0,0.0,68702,386.44739,126,0,0,0,0,357.3500061035156,107160,411.8940124511719,126,0
201110711,Elektrik-Elektronik Mühendisliği,ÇANKAYA ÜNİVERSİTESİ,4,SAYISAL,"18, 22, 23, 24, 64, 81, 144",9301.0,Mühendislik Fakültesi,(İngilizce) (Ücretli),ANKARA,VAKIF,0,,,,,,,,,,,,,,,,,,,,,,,,,,,,,,,,,,,,,,,,,,,,,,,,,0,0.0,3,0,0,0,0,300.6289978027344,262947,302.6929931640625,2,0
201110729,Elektrik-Elektronik Mühendisliği,ÇANKAYA ÜNİVERSİTESİ,4,SAYISAL,"18, 21, 22, 23, 24, 64, 81, 144",9302.0,Mühendislik Fakültesi,(İngilizce) (Burslu),ANKARA,VAKIF,0,12.0,0.0,0.0,0.0,0.0,482.43461,463.48504,45077.0,12.0,3.0,1.0,9.0,10.0,6.0,6.0,6.0,5.0,0.0,0.0,0.0,0.0,568.0,577.0,22.0,26.0,72.0,92.0,305.0,325.0,10.0,1,0.0,2.0,0.0,10.0,495.26926,0.0,0.0,1.0,475.2565,0.0,0.0,0.0,0.0,0.0,2.0,0.0,0.0,32208,480.50984,10,0,1,0,1,450.0329895019531,38552,467.2030029296875,10,0
201110738,Elektrik-Elektronik Mühendisliği,ÇANKAYA ÜNİVERSİTESİ,4,SAYISAL,"18, 21, 22, 23, 24, 64, 81, 144",9303.0,Mühendislik Fakültesi,(İngilizce) (%50 İndirimli),ANKARA,VAKIF,0,62.0,0.0,0.0,0.0,0.0,437.85108,383.99647,125202.0,62.0,26.0,25.0,36.0,43.0,23.0,32.0,38.0,35.0,1.0,1.0,0.0,0.0,607.0,654.0,20.0,37.0,75.0,121.0,310.0,412.0,68.0,0,0.0,0.0,0.0,68.0,459.95184,0.0,0.0,0.0,0.0,0.0,0.0,0.0,0.0,1.0,0.0,0.0,0.0,117303,394.76525,58,0,0,0,0,340.7560119628906,164269,437.2489929199219,58,0
201110756,Matematik,ÇANKAYA ÜNİVERSİTESİ,4,SAYISAL,"18, 21, 22, 23, 24, 64, 81",9265.0,Fen-Edebiyat Fakültesi,(İngilizce) (Burslu),ANKARA,VAKIF,0,11.0,0.0,0.0,0.0,0.0,404.31619,374.46094,137917.0,11.0,6.0,8.0,5.0,3.0,3.0,5.0,8.0,6.0,0.0,0.0,0.0,0.0,112.0,150.0,3.0,6.0,21.0,28.0,59.0,99.0,9.0,1,0.0,1.0,0.0,9.0,478.25352,0.0,0.0,1.0,379.25272,0.0,0.0,1.0,353.0,0.0,0.0,0.0,0.0,113816,397.52551,6,0,1,0,1,373.52398681640625,113379,401.83599853515625,6,0
201110765,Matematik,ÇANKAYA ÜNİVERSİTESİ,4,SAYISAL,"18, 21, 22, 23, 24, 64, 81",9266.0,Fen-Edebiyat Fakültesi,(İngilizce) (%50 İndirimli),ANKARA,VAKIF,0,12.0,0.0,0.0,0.0,0.0,297.06368,265.0374,431950.0,12.0,6.0,11.0,6.0,7.0,2.0,2.0,9.0,14.0,0.0,2.0,0.0,0.0,102.0,115.0,5.0,6.0,17.0,24.0,52.0,70.0,18.0,0,0.0,0.0,0.0,18.0,305.40628,0.0,0.0,0.0,0.0,0.0,0.0,0.0,0.0,3.0,0.0,0.0,0.0,438977,275.46242,23,0,0,0,0,219.70899963378906,878582,282.4339904785156,10,0
201110774,İç Mimarlık,ÇANKAYA ÜNİVERSİTESİ,4,SAYISAL,"18, 21, 22, 23, 24, 64, 81",9292.0,Mimarlık Fakültesi,(İngilizce) (%50 İndirimli),ANKARA,VAKIF,0,57.0,0.0,0.0,0.0,0.0,333.01816,275.94612,380727.0,57.0,33.0,25.0,24.0,32.0,18.0,22.0,36.0,32.0,2.0,2.0,0.0,0.0,484.0,449.0,36.0,54.0,112.0,131.0,296.0,298.0,57.0,0,0.0,0.0,0.0,57.0,320.82023,0.0,0.0,0.0,0.0,0.0,0.0,0.0,0.0,5.0,0.0,0.0,0.0,380765,287.16518,45,0,0,0,0,266.4150085449219,413209,302.79901123046875,45,0
201110792,Halkla İlişkiler ve Reklamcılık,ÇANKAYA ÜNİVERSİTESİ,4,SÖZEL,"18, 21, 64, 81",9275.0,İktisadi ve İdari Bilimler Fakültesi,(Burslu),ANKARA,VAKIF,0,6.0,0.0,0.0,0.0,0.0,484.43922,373.50064,56617.0,6.0,1.0,6.0,5.0,1.0,0.0,1.0,1.0,3.0,3.0,1.0,2.0,2.0,185.0,112.0,14.0,5.0,44.0,21.0,115.0,61.0,7.0,1,0.0,1.0,0.0,7.0,396.41382,0.0,0.0,0.0,0.0,0.0,0.0,0.0,0.0,2.0,1.0,0.0,1.0,44964,379.60433,5,0,1,0,1,391.87298583984375,42584,505.12200927734375,5,0
201110808,Halkla İlişkiler ve Reklamcılık,ÇANKAYA ÜNİVERSİTESİ,4,SÖZEL,"18, 21, 64, 81",9276.0,İktisadi ve İdari Bilimler Fakültesi,(%50 İndirimli),ANKARA,VAKIF,0,24.0,0.0,0.0,0.0,0.0,293.30728,238.77956,947131.0,24.0,10.0,16.0,14.0,14.0,10.0,8.0,13.0,15.0,1.0,4.0,0.0,0.0,150.0,243.0,1.0,10.0,15.0,37.0,66.0,118.0,30.0,0,0.0,0.0,0.0,30.0,293.35499,0.0,0.0,0.0,0.0,0.0,0.0,0.0,0.0,9.0,0.0,0.0,0.0,1056273,228.41595,28,0,0,0,0,192.63699340820312,1356389,289.9419860839844,24,0
201150049,Dış Ticaret,ÇANKAYA ÜNİVERSİTESİ,2,TYT,"18, 21, 22, 23, 24, 64, 81",22255.0,Çankaya Meslek Yüksekokulu,(İngilizce) (Burslu),ANKARA,VAKIF,1,7.0,0.0,0.0,0.0,0.0,385.25047,355.56551,363982.0,7.0,3.0,2.0,4.0,6.0,0.0,1.0,1.0,2.0,2.0,3.0,4.0,2.0,86.0,125.0,15.0,17.0,46.0,37.0,64.0,97.0,7.0,1,0.0,0.0,0.0,7.0,382.62457,0.0,0.0,1.0,243.74516,0.0,0.0,0.0,0.0,1.0,0.0,0.0,0.0,374644,358.12574,6,0,0,0,1,365.89898681640625,323629,415.1520080566406,6,0
201150058,Dış Ticaret,ÇANKAYA ÜNİVERSİTESİ,2,TYT,"18, 21, 22, 23, 24, 64, 81",22256.0,Çankaya Meslek Yüksekokulu,(İngilizce) (%50 İndirimli),ANKARA,VAKIF,1,20.0,0.0,0.0,0.0,0.0,295.8865,221.76572,2115857.0,20.0,5.0,3.0,15.0,13.0,6.0,8.0,11.0,5.0,1.0,2.0,1.0,1.0,96.0,207.0,5.0,7.0,19.0,35.0,47.0,103.0,16.0,0,0.0,0.0,0.0,16.0,305.37963,0.0,0.0,0.0,0.0,0.0,0.0,0.0,0.0,4.0,0.0,0.0,0.0,1641500,248.43414,17,0,0,0,0,216.0019989013672,2269697,296.9830017089844,17,0
201190053,Yazılım Mühendisliği,ÇANKAYA ÜNİVERSİTESİ,4,SAYISAL,"18, 21, 22, 23, 24, 64, 81, 144",9317.0,Mühendislik Fakültesi,(İngilizce) (Burslu),ANKARA,VAKIF,0,11.0,0.0,0.0,0.0,0.0,499.89725,488.47912,25379.0,11.0,3.0,5.0,8.0,7.0,8.0,7.0,3.0,5.0,0.0,0.0,0.0,0.0,874.0,562.0,34.0,27.0,159.0,109.0,533.0,342.0,11.0,1,0.0,1.0,0.0,11.0,509.98942,0.0,0.0,1.0,500.28069,0.0,0.0,0.0,0.0,0.0,1.0,0.0,0.0,18372,500.37781,8,0,1,0,1,453.1929931640625,36277,486.1369934082031,8,0
201190054,Yazılım Mühendisliği,ÇANKAYA ÜNİVERSİTESİ,4,SAYISAL,"18, 21, 22, 23, 24, 64, 81, 144",9318.0,Mühendislik Fakültesi,(İngilizce) (%50 İndirimli),ANKARA,VAKIF,0,44.0,0.0,0.0,0.0,0.0,471.91752,425.29951,79478.0,44.0,17.0,22.0,27.0,30.0,19.0,17.0,25.0,35.0,0.0,0.0,0.0,0.0,965.0,572.0,33.0,30.0,155.0,138.0,575.0,359.0,52.0,0,0.0,0.0,0.0,52.0,494.26252,0.0,0.0,0.0,0.0,0.0,0.0,0.0,0.0,1.0,0.0,0.0,0.0,74765,432.38231,44,0,0,0,0,344.9679870605469,156662,411.5119934082031,44,0
201190055,İngilizce Mütercim ve Tercümanlık,ÇANKAYA ÜNİVERSİTESİ,4,DİL,"18, 21, 22, 23, 24, 64, 81",9261.0,Fen-Edebiyat Fakültesi,(Burslu),ANKARA,VAKIF,0,8.0,0.0,0.0,0.0,0.0,474.06482,455.58817,8387.0,8.0,6.0,3.0,2.0,5.0,4.0,5.0,2.0,2.0,1.0,0.0,1.0,0.0,233.0,232.0,12.0,7.0,53.0,59.0,185.0,173.0,7.0,1,0.0,1.0,0.0,7.0,500.49541,0.0,0.0,1.0,450.31225,0.0,0.0,0.0,0.0,0.0,1.0,0.0,0.0,9248,456.6528,5,0,1,0,1,455.3869934082031,7588,465.46600341796875,5,0
201190056,İngilizce Mütercim ve Tercümanlık,ÇANKAYA ÜNİVERSİTESİ,4,DİL,"18, 21, 22, 23, 24, 64, 81",9262.0,Fen-Edebiyat Fakültesi,(%50 İndirimli),ANKARA,VAKIF,0,34.0,0.0,0.0,0.0,0.0,437.29697,340.57136,45986.0,34.0,15.0,25.0,19.0,10.0,18.0,17.0,11.0,16.0,3.0,1.0,0.0,0.0,250.0,270.0,13.0,20.0,56.0,68.0,183.0,194.0,35.0,0,0.0,0.0,0.0,35.0,439.24024,0.0,0.0,0.0,0.0,0.0,0.0,0.0,0.0,4.0,0.0,0.0,0.0,49466,351.35751,37,0,0,0,0,303.3689880371094,71194,425.5090026855469,37,0
201190057,Uluslararası Ticaret ve Finansman,ÇANKAYA ÜNİVERSİTESİ,4,EŞİT AĞIRLIK,"18, 21, 22, 23, 24, 64, 81",9283.0,İktisadi ve İdari Bilimler Fakültesi,(İngilizce) (Burslu),ANKARA,VAKIF,0,11.0,0.0,0.0,0.0,0.0,363.94624,356.78152,156000.0,11.0,7.0,4.0,4.0,7.0,4.0,4.0,6.0,5.0,0.0,0.0,1.0,1.0,181.0,240.0,16.0,30.0,38.0,58.0,118.0,159.0,10.0,1,0.0,1.0,0.0,10.0,378.98647,0.0,0.0,1.0,356.37051,0.0,0.0,0.0,0.0,0.0,1.0,0.0,0.0,133670,358.99879,9,0,1,0,1,354.6889953613281,113820,379.9200134277344,9,0
201190058,Uluslararası Ticaret ve Finansman,ÇANKAYA ÜNİVERSİTESİ,4,EŞİT AĞIRLIK,"18, 21, 22, 23, 24, 64, 81",9284.0,İktisadi ve İdari Bilimler Fakültesi,(İngilizce) (%50 İndirimli),ANKARA,VAKIF,0,19.0,0.0,0.0,0.0,0.0,337.00249,268.05964,674575.0,19.0,2.0,9.0,17.0,13.0,8.0,13.0,11.0,9.0,0.0,0.0,0.0,0.0,302.0,361.0,11.0,13.0,48.0,63.0,141.0,222.0,22.0,0,0.0,0.0,0.0,22.0,351.42784,0.0,0.0,0.0,0.0,0.0,0.0,0.0,0.0,1.0,0.0,0.0,0.0,627661,273.99479,30,0,0,0,0,255.75799560546875,760144,305.44000244140625,30,0
201190059,Yönetim Bilişim Sistemleri,ÇANKAYA ÜNİVERSİTESİ,4,EŞİT AĞIRLIK,"18, 21, 22, 23, 24, 64, 81",9288.0,İktisadi ve İdari Bilimler Fakültesi,(İngilizce) (Burslu),ANKARA,VAKIF,0,12.0,0.0,0.0,0.0,0.0,405.04393,386.80226,82851.0,12.0,7.0,8.0,5.0,6.0,1.0,5.0,11.0,9.0,0.0,0.0,0.0,0.0,534.0,463.0,25.0,34.0,109.0,121.0,359.0,326.0,13.0,1,0.0,1.0,0.0,13.0,415.93691,0.0,0.0,1.0,392.52182,0.0,0.0,0.0,0.0,1.0,1.0,0.0,0.0,51833,395.82271,11,0,1,0,1,394.2099914550781,41237,436.3940124511719,11,0
201190060,Yönetim Bilişim Sistemleri,ÇANKAYA ÜNİVERSİTESİ,4,EŞİT AĞIRLIK,"18, 21, 22, 23, 24, 64, 81",9289.0,İktisadi ve İdari Bilimler Fakültesi,(İngilizce) (%50 İndirimli),ANKARA,VAKIF,0,26.0,0.0,0.0,0.0,0.0,347.1558,295.328,441799.0,26.0,10.0,15.0,16.0,19.0,11.0,12.0,14.0,21.0,1.0,0.0,0.0,0.0,387.0,331.0,13.0,26.0,59.0,98.0,236.0,232.0,34.0,0,0.0,0.0,0.0,34.0,379.36304,0.0,0.0,0.0,0.0,0.0,0.0,0.0,0.0,1.0,0.0,0.0,0.0,423978,298.38602,44,0,0,0,0,277.3689880371094,530061,351.510986328125,44,0
201190061,Bilgisayar Programcılığı,ÇANKAYA ÜNİVERSİTESİ,2,TYT,"18, 21, 22, 23, 24, 64, 81",22253.0,Çankaya Meslek Yüksekokulu,(İngilizce) (Burslu),ANKARA,VAKIF,1,7.0,0.0,0.0,0.0,0.0,444.79758,409.82485,161033.0,7.0,0.0,4.0,7.0,4.0,1.0,0.0,3.0,6.0,1.0,1.0,2.0,1.0,377.0,276.0,102.0,42.0,187.0,96.0,294.0,196.0,6.0,1,0.0,1.0,0.0,6.0,450.98597,0.0,0.0,1.0,405.93729,0.0,0.0,1.0,333.0,1.0,0.0,0.0,0.0,155564,413.41837,6,0,1,0,1,414.0849914550781,153478,447.0710144042969,6,0
201190062,Bilgisayar Programcılığı,ÇANKAYA ÜNİVERSİTESİ,2,TYT,"18, 21, 22, 23, 24, 64, 81",22254.0,Çankaya Meslek Yüksekokulu,(İngilizce) (%50 İndirimli),ANKARA,VAKIF,1,28.0,0.0,0.0,0.0,0.0,415.83723,278.27316,1065427.0,28.0,6.0,5.0,22.0,17.0,14.0,0.0,13.0,18.0,1.0,2.0,0.0,2.0,250.0,267.0,16.0,20.0,48.0,55.0,150.0,153.0,22.0,0,0.0,0.0,0.0,22.0,345.56857,0.0,0.0,0.0,0.0,0.0,0.0,0.0,0.0,7.0,0.0,0.0,0.0,1120101,281.72276,25,0,0,0,0,268.0090026855469,1350750,340.3919982910156,25,0
201190069,E-Ticaret ve Pazarlama,ÇANKAYA ÜNİVERSİTESİ,2,TYT,"18, 21, 22, 23, 24, 64, 81",22257.0,Çankaya Meslek Yüksekokulu,(İngilizce) (Burslu),ANKARA,VAKIF,1,,,,,,,,,,,1.0,,8.0,,2.0,,3.0,,3.0,,1.0,,356.0,,27.0,,86.0,,218.0,7.0,1,0.0,1.0,0.0,7.0,492.01555,0.0,0.0,1.0,298.19018,0.0,0.0,1.0,212.0,0.0,0.0,0.0,0.0,389496,355.59721,6,0,1,0,1,351.85400390625,400600,437.8909912109375,6,0
201190076,E-Ticaret ve Pazarlama,ÇANKAYA ÜNİVERSİTESİ,2,TYT,"18, 21, 22, 23, 24, 64, 81",22258.0,Çankaya Meslek Yüksekokulu,(İngilizce) (%50 İndirimli),ANKARA,VAKIF,1,,,,,,,,,,,4.0,,19.0,,7.0,,13.0,,1.0,,0.0,,106.0,,1.0,,13.0,,42.0,23.0,0,0.0,0.0,0.0,23.0,280.15547,0.0,0.0,0.0,0.0,0.0,0.0,0.0,0.0,10.0,0.0,0.0,0.0,2276091,215.00216,23,0,0,0,0,208.78399658203125,2398050,351.7489929199219,23,0
201190083,Yönetim Bilişim Sistemleri,ÇANKAYA ÜNİVERSİTESİ,4,EŞİT AĞIRLIK,"18, 22, 23, 24, 64, 81",9285.0,İktisadi ve İdari Bilimler Fakültesi,(İngilizce) (Ücretli),ANKARA,VAKIF,0,,,,,,,,,,,,,,,,,,,,,,,,,,,,,,,,,,,,,,,,,,,,,,,,,0,0.0,2,0,0,0,0,253.76199340820312,784572,272.1889953613281,2,0
201190090,Yazılım Mühendisliği,ÇANKAYA ÜNİVERSİTESİ,4,SAYISAL,"18, 22, 23, 24, 64, 81, 144",9316.0,Mühendislik Fakültesi,(İngilizce) (Ücretli),ANKARA,VAKIF,0,,,,,,,,,,,,,,,,,,,,,,,,,,,,,,,,,,,,,,,,,,,,,,,,,0,0.0,4,0,0,0,0,293.7929992675781,286510,352.6700134277344,4,0
202110065,Fizik,İHSAN DOĞRAMACI BİLKENT ÜNİVERSİTESİ,4,SAYISAL,"21, 22, 23, 24, 64, 218",9869.0,Fen Fakültesi,(İngilizce) (Burslu),ANKARA,VAKIF,0,20.0,0.0,0.0,0.0,0.0,544.97022,532.65378,2449.0,20.0,3.0,6.0,17.0,14.0,18.0,17.0,2.0,3.0,0.0,0.0,0.0,0.0,256.0,286.0,68.0,76.0,145.0,156.0,219.0,229.0,19.0,1,0.0,1.0,0.0,19.0,549.81141,0.0,0.0,1.0,528.49138,0.0,0.0,0.0,0.0,0.0,1.0,0.0,0.0,3863,530.7719,19,0,1,0,1,525.927001953125,3035,550.3980102539062,19,0
202110083,Kimya,İHSAN DOĞRAMACI BİLKENT ÜNİVERSİTESİ,4,SAYISAL,"21, 22, 23, 24, 64, 218",9872.0,Fen Fakültesi,(İngilizce) (Burslu),ANKARA,VAKIF,0,20.0,0.0,0.0,0.0,0.0,527.76357,480.43986,31418.0,20.0,11.0,10.0,9.0,11.0,16.0,15.0,4.0,6.0,0.0,0.0,0.0,0.0,364.0,307.0,25.0,38.0,96.0,92.0,256.0,212.0,19.0,1,0.0,1.0,0.0,19.0,525.13492,0.0,0.0,1.0,477.63749,0.0,0.0,1.0,319.0,0.0,0.0,0.0,0.0,22017,494.78804,19,0,1,0,1,472.39801025390625,23906,523.1859741210938,19,0
202110108,Matematik,İHSAN DOĞRAMACI BİLKENT ÜNİVERSİTESİ,4,SAYISAL,"21, 22, 23, 24, 64, 218",9875.0,Fen Fakültesi,(İngilizce) (Burslu),ANKARA,VAKIF,0,20.0,0.0,0.0,0.0,0.0,539.50275,518.16534,7501.0,20.0,6.0,4.0,14.0,17.0,15.0,18.0,5.0,3.0,0.0,0.0,0.0,0.0,348.0,328.0,45.0,43.0,107.0,107.0,258.0,227.0,19.0,1,0.0,1.0,0.0,19.0,534.18403,0.0,0.0,1.0,521.28443,0.0,0.0,1.0,296.0,0.0,0.0,0.0,0.0,6062,524.42991,19,0,1,0,1,520.1199951171875,4276,545.06298828125,19,0
202110117,Moleküler Biyoloji ve Genetik,İHSAN DOĞRAMACI BİLKENT ÜNİVERSİTESİ,4,SAYISAL,"22, 23, 24, 64, 218",9877.0,Fen Fakültesi,(İngilizce) (Ücretli),ANKARA,VAKIF,0,20.0,0.0,0.0,0.0,0.0,479.14813,456.49963,50945.0,20.0,16.0,19.0,4.0,5.0,16.0,22.0,4.0,1.0,0.0,1.0,0.0,0.0,209.0,133.0,21.0,13.0,73.0,42.0,163.0,99.0,24.0,0,0.0,0.0,0.0,24.0,481.11911,0.0,0.0,0.0,0.0,0.0,0.0,0.0,0.0,1.0,0.0,0.0,0.0,61942,445.91406,24,0,0,0,0,382.99798583984375,101589,450.5369873046875,24,0
202110126,Moleküler Biyoloji ve Genetik,İHSAN DOĞRAMACI BİLKENT ÜNİVERSİTESİ,4,SAYISAL,"21, 22, 23, 24, 64, 218",9878.0,Fen Fakültesi,(İngilizce) (Burslu),ANKARA,VAKIF,0,12.0,0.0,0.0,0.0,0.0,547.25868,534.2593,2110.0,12.0,5.0,1.0,7.0,12.0,11.0,9.0,1.0,4.0,0.0,0.0,0.0,0.0,412.0,332.0,113.0,76.0,228.0,172.0,346.0,262.0,11.0,1,0.0,1.0,0.0,11.0,541.71194,0.0,0.0,1.0,529.17991,0.0,0.0,1.0,400.0,0.0,0.0,0.0,0.0,3105,533.41513,11,0,1,0,1,527.2059936523438,2786,546.635986328125,11,0
202110135,İç Mimarlık ve Çevre Tasarımı,İHSAN DOĞRAMACI BİLKENT ÜNİVERSİTESİ,4,EŞİT AĞIRLIK,"22, 23, 24, 64, 218",9886.0,Güzel Sanatlar Tasarım ve Mimarlık Fakültesi,(İngilizce) (Ücretli),ANKARA,VAKIF,0,94.0,0.0,0.0,0.0,0.0,359.96137,299.91901,410500.0,94.0,72.0,74.0,22.0,20.0,74.0,70.0,17.0,21.0,3.0,2.0,0.0,1.0,612.0,472.0,80.0,75.0,217.0,180.0,459.0,354.0,94.0,0,0.0,0.0,0.0,94.0,348.22617,0.0,0.0,0.0,0.0,0.0,0.0,0.0,0.0,6.0,0.0,0.0,0.0,479849,290.95261,72,0,0,0,0,294.4649963378906,388620,340.9169921875,72,0
202110198,İktisat,İHSAN DOĞRAMACI BİLKENT ÜNİVERSİTESİ,4,EŞİT AĞIRLIK,"22, 23, 24, 64, 218",9904.0,"İktisadi, İdari ve Sosyal Bilimler Fakültesi",(İngilizce) (Ücretli),ANKARA,VAKIF,0,42.0,0.0,0.0,0.0,0.0,419.92256,359.71045,147731.0,42.0,20.0,24.0,22.0,18.0,31.0,26.0,8.0,15.0,3.0,0.0,0.0,0.0,478.0,379.0,26.0,24.0,175.0,139.0,372.0,323.0,42.0,0,0.0,0.0,0.0,42.0,425.02963,0.0,0.0,0.0,0.0,0.0,0.0,0.0,0.0,3.0,0.0,0.0,0.0,156435,351.49418,42,0,0,0,0,350.24798583984375,125565,424.4849853515625,42,0
202110205,İktisat,İHSAN DOĞRAMACI BİLKENT ÜNİVERSİTESİ,4,EŞİT AĞIRLIK,"21, 22, 23, 24, 64, 218",9905.0,"İktisadi, İdari ve Sosyal Bilimler Fakültesi",(İngilizce) (Burslu),ANKARA,VAKIF,0,21.0,0.0,0.0,0.0,0.0,537.36369,503.92199,970.0,21.0,8.0,5.0,13.0,17.0,14.0,17.0,3.0,4.0,4.0,1.0,0.0,0.0,646.0,835.0,93.0,158.0,269.0,406.0,571.0,734.0,18.0,1,0.0,3.0,0.0,18.0,545.01073,0.0,0.0,1.0,513.52843,0.0,0.0,3.0,288.0,0.0,1.0,0.0,0.0,477,517.39508,18,0,3,0,1,511.51800537109375,315,553.6690063476562,18,0
202110232,Psikoloji,İHSAN DOĞRAMACI BİLKENT ÜNİVERSİTESİ,4,EŞİT AĞIRLIK,"22, 23, 24, 64, 218",9907.0,"İktisadi, İdari ve Sosyal Bilimler Fakültesi",(İngilizce) (Ücretli),ANKARA,VAKIF,0,41.0,0.0,0.0,0.0,0.0,440.93731,382.01605,92914.0,41.0,36.0,35.0,5.0,6.0,28.0,31.0,13.0,8.0,0.0,2.0,0.0,0.0,343.0,251.0,76.0,67.0,167.0,141.0,287.0,206.0,41.0,0,0.0,0.0,0.0,41.0,434.34231,0.0,0.0,0.0,0.0,0.0,0.0,0.0,0.0,3.0,0.0,0.0,0.0,90029,376.3507,41,0,0,0,0,338.1839904785156,161912,400.2340087890625,41,0
202110241,Psikoloji,İHSAN DOĞRAMACI BİLKENT ÜNİVERSİTESİ,4,EŞİT AĞIRLIK,"21, 22, 23, 24, 64, 218",9908.0,"İktisadi, İdari ve Sosyal Bilimler Fakültesi",(İngilizce) (Burslu),ANKARA,VAKIF,0,12.0,0.0,0.0,0.0,0.0,544.95342,508.42276,742.0,12.0,12.0,9.0,0.0,4.0,8.0,10.0,3.0,3.0,1.0,0.0,0.0,0.0,527.0,483.0,174.0,169.0,320.0,291.0,446.0,414.0,10.0,1,0.0,2.0,0.0,10.0,543.18059,0.0,0.0,1.0,507.5214,0.0,0.0,2.0,292.0,0.0,0.0,0.0,0.0,491,516.85717,10,0,2,0,1,507.0260009765625,414,550.3579711914062,10,0
202110268,Siyaset Bilimi ve Kamu Yönetimi,İHSAN DOĞRAMACI BİLKENT ÜNİVERSİTESİ,4,EŞİT AĞIRLIK,"21, 22, 23, 24, 64, 218",9911.0,"İktisadi, İdari ve Sosyal Bilimler Fakültesi",(İngilizce) (Burslu),ANKARA,VAKIF,0,21.0,0.0,0.0,0.0,0.0,491.56263,477.68691,3136.0,21.0,11.0,11.0,10.0,10.0,10.0,12.0,10.0,8.0,1.0,1.0,0.0,0.0,412.0,581.0,35.0,59.0,115.0,162.0,317.0,436.0,18.0,1,0.0,3.0,0.0,18.0,505.71872,0.0,0.0,1.0,477.3559,0.0,0.0,2.0,281.0,1.0,1.0,0.0,0.0,1939,485.68443,18,0,3,0,1,474.9909973144531,1671,489.6239929199219,18,0
202110277,Uluslararası İlişkiler,İHSAN DOĞRAMACI BİLKENT ÜNİVERSİTESİ,4,EŞİT AĞIRLIK,"22, 23, 24, 64, 218",9913.0,"İktisadi, İdari ve Sosyal Bilimler Fakültesi",(İngilizce) (Ücretli),ANKARA,VAKIF,0,40.0,0.0,0.0,0.0,0.0,456.86312,349.42513,178148.0,40.0,25.0,27.0,15.0,13.0,27.0,25.0,11.0,13.0,2.0,0.0,0.0,2.0,452.0,334.0,20.0,15.0,138.0,98.0,355.0,278.0,40.0,0,0.0,0.0,0.0,40.0,375.66918,0.0,0.0,0.0,0.0,0.0,0.0,0.0,0.0,4.0,0.0,0.0,0.0,210224,336.823,40,0,0,0,0,332.8550109863281,180892,366.1310119628906,40,0
202110286,Uluslararası İlişkiler,İHSAN DOĞRAMACI BİLKENT ÜNİVERSİTESİ,4,EŞİT AĞIRLIK,"21, 22, 23, 24, 64, 218",9914.0,"İktisadi, İdari ve Sosyal Bilimler Fakültesi",(İngilizce) (Burslu),ANKARA,VAKIF,0,21.0,0.0,0.0,0.0,0.0,507.67936,493.72301,1589.0,21.0,10.0,12.0,11.0,8.0,15.0,14.0,5.0,6.0,1.0,0.0,0.0,0.0,506.0,631.0,66.0,77.0,198.0,235.0,403.0,505.0,18.0,1,0.0,3.0,0.0,18.0,547.36708,0.0,0.0,1.0,489.77478,0.0,0.0,1.0,285.0,0.0,2.0,0.0,0.0,829,506.64269,18,0,3,0,1,494.5740051269531,765,510.94000244140625,18,0
202110374,İşletme,İHSAN DOĞRAMACI BİLKENT ÜNİVERSİTESİ,4,EŞİT AĞIRLIK,"22, 23, 24, 64, 218",9930.0,İşletme Fakültesi,(İngilizce) (Ücretli),ANKARA,VAKIF,0,100.0,0.0,0.0,0.0,0.0,462.79553,364.35369,135151.0,100.0,51.0,52.0,49.0,48.0,72.0,74.0,24.0,24.0,4.0,2.0,0.0,0.0,782.0,595.0,160.0,128.0,345.0,275.0,628.0,497.0,100.0,0,0.0,0.0,0.0,100.0,436.61171,0.0,0.0,0.0,0.0,0.0,0.0,0.0,0.0,1.0,0.0,0.0,0.0,149747,353.57899,100,0,0,0,0,345.60699462890625,138675,424.875,100,0
202110383,İşletme,İHSAN DOĞRAMACI BİLKENT ÜNİVERSİTESİ,4,EŞİT AĞIRLIK,"21, 22, 23, 24, 64, 218",9931.0,İşletme Fakültesi,(İngilizce) (Burslu),ANKARA,VAKIF,0,27.0,0.0,0.0,0.0,0.0,529.23205,503.6364,977.0,27.0,11.0,14.0,16.0,14.0,21.0,20.0,5.0,8.0,1.0,0.0,0.0,0.0,888.0,948.0,142.0,165.0,376.0,431.0,752.0,822.0,23.0,1,0.0,4.0,0.0,23.0,528.67715,0.0,0.0,1.0,503.98285,0.0,0.0,4.0,301.0,0.0,0.0,0.0,0.0,654,511.57536,23,0,4,0,1,502.7929992675781,515,544.9500122070312,23,0
202110392,Bilgisayar Mühendisliği,İHSAN DOĞRAMACI BİLKENT ÜNİVERSİTESİ,4,SAYISAL,"22, 23, 24, 64, 144, 218",9934.0,Mühendislik Fakültesi,(İngilizce) (Ücretli),ANKARA,VAKIF,0,80.0,0.0,0.0,0.0,0.0,535.15066,521.23829,6177.0,80.0,17.0,13.0,63.0,67.0,67.0,63.0,13.0,15.0,0.0,1.0,0.0,0.0,754.0,396.0,161.0,105.0,384.0,213.0,682.0,347.0,80.0,0,0.0,0.0,0.0,80.0,534.94418,0.0,0.0,0.0,0.0,0.0,0.0,0.0,0.0,1.0,0.0,0.0,0.0,8126,519.55611,80,0,0,0,0,492.6510009765625,13447,528.2449951171875,80,0
202110408,Bilgisayar Mühendisliği,İHSAN DOĞRAMACI BİLKENT ÜNİVERSİTESİ,4,SAYISAL,"21, 22, 23, 24, 64, 144, 218",9935.0,Mühendislik Fakültesi,(İngilizce) (Burslu),ANKARA,VAKIF,0,45.0,0.0,0.0,0.0,0.0,560.21051,546.6008,350.0,45.0,12.0,12.0,33.0,34.0,45.0,42.0,0.0,4.0,0.0,0.0,0.0,0.0,1545.0,1531.0,447.0,453.0,1114.0,1098.0,1443.0,1423.0,42.0,1,0.0,3.0,0.0,42.0,574.36921,0.0,0.0,1.0,549.21252,0.0,0.0,3.0,462.0,0.0,0.0,0.0,0.0,242,549.81483,42,0,3,0,1,547.385986328125,292,563.5260009765625,42,0
202110417,Elektrik-Elektronik Mühendisliği,İHSAN DOĞRAMACI BİLKENT ÜNİVERSİTESİ,4,SAYISAL,"22, 23, 24, 64, 144, 218",9937.0,Mühendislik Fakültesi,(İngilizce) (Ücretli),ANKARA,VAKIF,0,80.0,0.0,0.0,0.0,0.0,529.33758,513.37109,9761.0,80.0,12.0,15.0,68.0,65.0,71.0,66.0,9.0,14.0,0.0,0.0,0.0,0.0,498.0,366.0,48.0,33.0,188.0,135.0,431.0,306.0,80.0,0,0.0,0.0,0.0,80.0,533.99743,0.0,0.0,0.0,0.0,0.0,0.0,0.0,0.0,1.0,0.0,0.0,0.0,14017,507.7268,80,0,0,0,0,487.15301513671875,16053,524.7410278320312,80,0
202110426,Elektrik-Elektronik Mühendisliği,İHSAN DOĞRAMACI BİLKENT ÜNİVERSİTESİ,4,SAYISAL,"21, 22, 23, 24, 64, 144, 218",9938.0,Mühendislik Fakültesi,(İngilizce) (Burslu),ANKARA,VAKIF,0,45.0,0.0,0.0,0.0,0.0,557.40758,541.58154,811.0,45.0,8.0,11.0,37.0,35.0,42.0,46.0,3.0,0.0,0.0,0.0,0.0,0.0,819.0,1080.0,153.0,222.0,462.0,584.0,762.0,984.0,42.0,1,0.0,3.0,0.0,42.0,569.32992,0.0,0.0,1.0,546.47301,0.0,0.0,3.0,453.0,0.0,0.0,0.0,0.0,480,546.9404,42,0,3,0,1,544.6710205078125,450,559.6430053710938,42,0
202110435,Endüstri Mühendisliği,İHSAN DOĞRAMACI BİLKENT ÜNİVERSİTESİ,4,SAYISAL,"22, 23, 24, 64, 144, 218",9940.0,Mühendislik Fakültesi,(İngilizce) (Ücretli),ANKARA,VAKIF,0,80.0,0.0,0.0,0.0,0.0,517.13442,491.36198,23334.0,80.0,31.0,48.0,49.0,32.0,64.0,63.0,15.0,17.0,1.0,0.0,0.0,0.0,680.0,496.0,115.0,74.0,284.0,217.0,563.0,405.0,80.0,0,0.0,0.0,0.0,80.0,521.89677,0.0,0.0,0.0,0.0,0.0,0.0,0.0,0.0,1.0,0.0,0.0,0.0,22754,493.66244,80,0,0,0,0,454.0820007324219,35661,528.56201171875,80,0
202110444,Endüstri Mühendisliği,İHSAN DOĞRAMACI BİLKENT ÜNİVERSİTESİ,4,SAYISAL,"21, 22, 23, 24, 64, 144, 218",9941.0,Mühendislik Fakültesi,(İngilizce) (Burslu),ANKARA,VAKIF,0,45.0,0.0,0.0,0.0,0.0,546.01684,533.821,2192.0,45.0,16.0,16.0,29.0,30.0,38.0,43.0,7.0,3.0,0.0,0.0,0.0,0.0,980.0,1161.0,140.0,180.0,405.0,488.0,845.0,992.0,42.0,1,0.0,3.0,0.0,42.0,552.05808,0.0,0.0,1.0,539.21236,0.0,0.0,3.0,422.0,0.0,0.0,0.0,0.0,1660,539.21691,42,0,3,0,1,533.9000244140625,1676,546.7830200195312,42,0
202110586,Fizik,İHSAN DOĞRAMACI BİLKENT ÜNİVERSİTESİ,4,SAYISAL,"21, 22, 23, 24, 64, 218",9870.0,Fen Fakültesi,(İngilizce) (%50 İndirimli),ANKARA,VAKIF,0,5.0,0.0,0.0,0.0,0.0,525.22813,481.7183,30401.0,5.0,2.0,1.0,3.0,4.0,5.0,3.0,0.0,2.0,0.0,0.0,0.0,0.0,48.0,96.0,1.0,5.0,20.0,39.0,37.0,77.0,5.0,0,0.0,0.0,0.0,5.0,529.09471,0.0,0.0,0.0,0.0,0.0,0.0,0.0,0.0,0.0,0.0,0.0,0.0,24309,491.36625,5,0,0,0,0,488.8340148925781,15217,520.4749755859375,5,0
202110595,Kimya,İHSAN DOĞRAMACI BİLKENT ÜNİVERSİTESİ,4,SAYISAL,"21, 22, 23, 24, 64, 218",9873.0,Fen Fakültesi,(İngilizce) (%50 İndirimli),ANKARA,VAKIF,0,5.0,0.0,0.0,0.0,0.0,477.49954,458.82416,48993.0,5.0,3.0,4.0,2.0,1.0,3.0,3.0,2.0,2.0,0.0,0.0,0.0,0.0,84.0,74.0,1.0,2.0,15.0,18.0,54.0,56.0,5.0,0,0.0,0.0,0.0,5.0,484.07347,0.0,0.0,0.0,0.0,0.0,0.0,0.0,0.0,0.0,0.0,0.0,0.0,42444,467.78681,5,0,0,0,0,427.8330078125,56141,445.47601318359375,5,0
202110602,Matematik,İHSAN DOĞRAMACI BİLKENT ÜNİVERSİTESİ,4,SAYISAL,"21, 22, 23, 24, 64, 218",9876.0,Fen Fakültesi,(İngilizce) (%50 İndirimli),ANKARA,VAKIF,0,8.0,0.0,0.0,0.0,0.0,500.26566,468.54136,40872.0,8.0,2.0,3.0,6.0,5.0,5.0,6.0,2.0,2.0,1.0,0.0,0.0,0.0,98.0,117.0,7.0,4.0,19.0,24.0,62.0,83.0,8.0,0,0.0,0.0,0.0,8.0,522.35578,0.0,0.0,0.0,0.0,0.0,0.0,0.0,0.0,0.0,0.0,0.0,0.0,33492,478.87592,8,0,0,0,0,463.5,29328,482.0249938964844,8,0
202110611,Moleküler Biyoloji ve Genetik,İHSAN DOĞRAMACI BİLKENT ÜNİVERSİTESİ,4,SAYISAL,"21, 22, 23, 24, 64, 218",9879.0,Fen Fakültesi,(İngilizce) (%50 İndirimli),ANKARA,VAKIF,0,28.0,0.0,0.0,0.0,0.0,513.13532,480.68694,31207.0,28.0,17.0,17.0,11.0,7.0,19.0,17.0,8.0,7.0,1.0,0.0,0.0,0.0,325.0,235.0,34.0,28.0,125.0,85.0,259.0,184.0,24.0,0,0.0,0.0,0.0,24.0,510.08087,0.0,0.0,0.0,0.0,0.0,0.0,0.0,0.0,0.0,0.0,0.0,0.0,29274,484.34718,24,0,0,0,0,454.2019958496094,35576,521.4390258789062,24,0
202110629,İç Mimarlık ve Çevre Tasarımı,İHSAN DOĞRAMACI BİLKENT ÜNİVERSİTESİ,4,EŞİT AĞIRLIK,"21, 22, 23, 24, 64, 218",9888.0,Güzel Sanatlar Tasarım ve Mimarlık Fakültesi,(İngilizce) (%50 İndirimli),ANKARA,VAKIF,0,45.0,0.0,0.0,0.0,0.0,426.67834,350.89245,173582.0,45.0,37.0,32.0,8.0,13.0,26.0,28.0,18.0,15.0,1.0,2.0,0.0,0.0,530.0,470.0,97.0,79.0,221.0,179.0,430.0,372.0,45.0,0,0.0,0.0,0.0,45.0,422.58743,0.0,0.0,0.0,0.0,0.0,0.0,0.0,0.0,1.0,0.0,0.0,0.0,162624,349.59782,34,0,0,0,0,342.60198974609375,147799,420.31201171875,34,0
202110638,Kentsel Tasarım ve Peyzaj Mimarlığı,İHSAN DOĞRAMACI BİLKENT ÜNİVERSİTESİ,4,SAYISAL,"21, 22, 23, 24, 64, 218",9893.0,Güzel Sanatlar Tasarım ve Mimarlık Fakültesi,(İngilizce) (%50 İndirimli),ANKARA,VAKIF,0,31.0,0.0,0.0,0.0,0.0,397.65933,322.18559,233274.0,31.0,21.0,12.0,10.0,13.0,24.0,22.0,7.0,3.0,0.0,0.0,0.0,0.0,133.0,184.0,10.0,13.0,26.0,42.0,80.0,117.0,25.0,0,0.0,0.0,0.0,25.0,422.2257,0.0,0.0,0.0,0.0,0.0,0.0,0.0,0.0,1.0,0.0,0.0,0.0,169416,360.20083,25,0,0,0,0,326.03900146484375,194408,411.9949951171875,25,0
202110647,İktisat,İHSAN DOĞRAMACI BİLKENT ÜNİVERSİTESİ,4,EŞİT AĞIRLIK,"21, 22, 23, 24, 64, 218",9906.0,"İktisadi, İdari ve Sosyal Bilimler Fakültesi",(İngilizce) (%50 İndirimli),ANKARA,VAKIF,0,80.0,0.0,0.0,0.0,0.0,483.06514,422.07802,25181.0,80.0,32.0,36.0,48.0,44.0,43.0,47.0,34.0,30.0,3.0,3.0,0.0,0.0,559.0,496.0,71.0,60.0,224.0,188.0,449.0,418.0,80.0,0,0.0,0.0,0.0,80.0,492.48544,0.0,0.0,0.0,0.0,0.0,0.0,0.0,0.0,0.0,0.0,0.0,0.0,14414,427.74437,80,0,0,0,0,425.4119873046875,13554,496.48699951171875,80,0
202110656,Psikoloji,İHSAN DOĞRAMACI BİLKENT ÜNİVERSİTESİ,4,EŞİT AĞIRLIK,"21, 22, 23, 24, 64, 218",9909.0,"İktisadi, İdari ve Sosyal Bilimler Fakültesi",(İngilizce) (%50 İndirimli),ANKARA,VAKIF,0,30.0,0.0,0.0,0.0,0.0,481.25427,441.25398,11616.0,30.0,25.0,25.0,5.0,5.0,22.0,23.0,5.0,7.0,2.0,0.0,0.0,0.0,358.0,260.0,68.0,47.0,164.0,125.0,300.0,218.0,30.0,0,0.0,0.0,0.0,30.0,499.72633,0.0,0.0,0.0,0.0,0.0,0.0,0.0,0.0,2.0,0.0,0.0,0.0,8899,439.61768,30,0,0,0,0,412.5740051269531,22362,497.87701416015625,30,0
202110665,Siyaset Bilimi ve Kamu Yönetimi,İHSAN DOĞRAMACI BİLKENT ÜNİVERSİTESİ,4,EŞİT AĞIRLIK,"21, 22, 23, 24, 64, 218",9912.0,"İktisadi, İdari ve Sosyal Bilimler Fakültesi",(İngilizce) (%50 İndirimli),ANKARA,VAKIF,0,100.0,0.0,0.0,0.0,0.0,425.55498,346.26653,188417.0,100.0,49.0,44.0,51.0,48.0,55.0,56.0,41.0,32.0,4.0,3.0,0.0,0.0,512.0,504.0,61.0,74.0,175.0,183.0,401.0,413.0,92.0,0,0.0,0.0,0.0,92.0,431.80212,0.0,0.0,0.0,0.0,0.0,0.0,0.0,0.0,1.0,0.0,0.0,0.0,158340,350.90946,92,0,0,0,0,341.21099853515625,152107,408.67498779296875,92,0
202110674,Uluslararası İlişkiler,İHSAN DOĞRAMACI BİLKENT ÜNİVERSİTESİ,4,EŞİT AĞIRLIK,"21, 22, 23, 24, 64, 218",9915.0,"İktisadi, İdari ve Sosyal Bilimler Fakültesi",(İngilizce) (%50 İndirimli),ANKARA,VAKIF,0,82.0,0.0,0.0,0.0,0.0,458.15833,389.96029,76360.0,82.0,44.0,48.0,38.0,34.0,52.0,56.0,28.0,24.0,2.0,2.0,0.0,0.0,605.0,525.0,60.0,78.0,224.0,214.0,482.0,430.0,82.0,0,0.0,0.0,0.0,82.0,446.32123,0.0,0.0,0.0,0.0,0.0,0.0,0.0,0.0,1.0,0.0,0.0,0.0,59616,391.33184,82,0,0,0,0,382.02099609375,58514,459.010986328125,82,0
202110683,Amerikan Kültürü ve Edebiyatı,İHSAN DOĞRAMACI BİLKENT ÜNİVERSİTESİ,4,DİL,"21, 22, 23, 24, 64, 160, 218",9918.0,İnsani Bilimler ve Edebiyat Fakültesi,(İngilizce) (%50 İndirimli),ANKARA,VAKIF,0,37.0,0.0,0.0,0.0,0.0,431.01967,400.28373,23754.0,37.0,23.0,21.0,14.0,16.0,27.0,26.0,8.0,10.0,1.0,0.0,0.0,0.0,197.0,213.0,18.0,27.0,61.0,76.0,146.0,163.0,37.0,0,0.0,0.0,0.0,37.0,471.48253,0.0,0.0,0.0,0.0,0.0,0.0,0.0,0.0,3.0,0.0,0.0,0.0,27513,401.94021,37,0,0,0,0,390.0979919433594,28622,436.1050109863281,37,0
202110717,İngiliz Dili ve Edebiyatı,İHSAN DOĞRAMACI BİLKENT ÜNİVERSİTESİ,4,DİL,"21, 22, 23, 24, 64, 160, 218",9925.0,İnsani Bilimler ve Edebiyat Fakültesi,(İngilizce) (%50 İndirimli),ANKARA,VAKIF,0,48.0,0.0,0.0,0.0,0.0,488.1055,419.37757,17419.0,48.0,41.0,36.0,7.0,12.0,37.0,28.0,10.0,17.0,0.0,2.0,0.0,0.0,260.0,210.0,19.0,24.0,63.0,76.0,190.0,167.0,48.0,0,0.0,0.0,0.0,48.0,501.60713,0.0,0.0,0.0,0.0,0.0,0.0,0.0,0.0,4.0,0.0,0.0,0.0,22527,414.41876,48,0,0,0,0,410.6210021972656,20408,476.864013671875,48,0
202110726,İşletme,İHSAN DOĞRAMACI BİLKENT ÜNİVERSİTESİ,4,EŞİT AĞIRLIK,"21, 22, 23, 24, 64, 218",9932.0,İşletme Fakültesi,(İngilizce) (%50 İndirimli),ANKARA,VAKIF,0,56.0,0.0,0.0,0.0,0.0,502.52948,439.15342,12544.0,56.0,28.0,28.0,28.0,28.0,35.0,31.0,18.0,23.0,1.0,2.0,1.0,0.0,691.0,550.0,160.0,118.0,314.0,231.0,565.0,462.0,56.0,0,0.0,0.0,0.0,56.0,488.50337,0.0,0.0,0.0,0.0,0.0,0.0,0.0,0.0,0.0,0.0,0.0,0.0,7582,444.60414,56,0,0,0,0,437.3810119628906,7858,476.8699951171875,56,0
202110735,Bilgisayar Mühendisliği,İHSAN DOĞRAMACI BİLKENT ÜNİVERSİTESİ,4,SAYISAL,"21, 22, 23, 24, 64, 144, 218",9936.0,Mühendislik Fakültesi,(İngilizce) (%50 İndirimli),ANKARA,VAKIF,0,35.0,0.0,0.0,0.0,0.0,544.37164,535.36269,1879.0,35.0,7.0,8.0,28.0,27.0,30.0,31.0,5.0,4.0,0.0,0.0,0.0,0.0,718.0,395.0,139.0,74.0,356.0,179.0,671.0,359.0,35.0,0,0.0,0.0,0.0,35.0,545.17599,0.0,0.0,0.0,0.0,0.0,0.0,0.0,0.0,0.0,0.0,0.0,0.0,2364,536.07254,35,0,0,0,0,529.39501953125,2391,543.7210083007812,35,0
202110744,Elektrik-Elektronik Mühendisliği,İHSAN DOĞRAMACI BİLKENT ÜNİVERSİTESİ,4,SAYISAL,"21, 22, 23, 24, 64, 144, 218",9939.0,Mühendislik Fakültesi,(İngilizce) (%50 İndirimli),ANKARA,VAKIF,0,35.0,0.0,0.0,0.0,0.0,540.79736,529.3584,3283.0,35.0,7.0,10.0,28.0,25.0,30.0,29.0,5.0,6.0,0.0,0.0,0.0,0.0,460.0,376.0,39.0,31.0,188.0,149.0,407.0,335.0,35.0,0,0.0,0.0,0.0,35.0,546.67595,0.0,0.0,0.0,0.0,0.0,0.0,0.0,0.0,0.0,0.0,0.0,0.0,3163,533.19663,35,0,0,0,0,525.7969970703125,3062,544.6190185546875,35,0
202110753,Endüstri Mühendisliği,İHSAN DOĞRAMACI BİLKENT ÜNİVERSİTESİ,4,SAYISAL,"21, 22, 23, 24, 64, 144, 218",9942.0,Mühendislik Fakültesi,(İngilizce) (%50 İndirimli),ANKARA,VAKIF,0,35.0,0.0,0.0,0.0,0.0,528.92747,518.73936,7269.0,35.0,15.0,20.0,20.0,15.0,28.0,26.0,7.0,8.0,0.0,1.0,0.0,0.0,602.0,490.0,68.0,76.0,242.0,198.0,500.0,410.0,35.0,0,0.0,0.0,0.0,35.0,538.52029,0.0,0.0,0.0,0.0,0.0,0.0,0.0,0.0,0.0,0.0,0.0,0.0,6885,522.45896,35,0,0,0,0,508.1709899902344,7583,528.677001953125,35,0
202110841,Arkeoloji,İHSAN DOĞRAMACI BİLKENT ÜNİVERSİTESİ,4,EŞİT AĞIRLIK,"21, 22, 23, 24, 64, 218",9920.0,İnsani Bilimler ve Edebiyat Fakültesi,(İngilizce) (%50 İndirimli),ANKARA,VAKIF,0,10.0,0.0,0.0,0.0,0.0,409.76616,318.27894,303991.0,10.0,6.0,8.0,4.0,2.0,7.0,4.0,2.0,4.0,1.0,2.0,0.0,0.0,75.0,61.0,6.0,5.0,20.0,19.0,52.0,44.0,10.0,0,0.0,0.0,0.0,10.0,418.94211,0.0,0.0,0.0,0.0,0.0,0.0,0.0,0.0,1.0,0.0,0.0,0.0,233350,331.4161,10,0,0,0,0,303.27801513671875,328352,428.1929931640625,10,0
202110868,Makine Mühendisliği,İHSAN DOĞRAMACI BİLKENT ÜNİVERSİTESİ,4,SAYISAL,"22, 23, 24, 64, 144, 218",9943.0,Mühendislik Fakültesi,(İngilizce) (Ücretli),ANKARA,VAKIF,0,42.0,0.0,0.0,0.0,0.0,511.93519,489.03354,24971.0,42.0,4.0,13.0,38.0,37.0,35.0,37.0,7.0,12.0,0.0,1.0,0.0,0.0,302.0,286.0,32.0,25.0,80.0,97.0,234.0,230.0,50.0,0,0.0,0.0,0.0,50.0,524.2058,0.0,0.0,0.0,0.0,0.0,0.0,0.0,0.0,1.0,0.0,0.0,0.0,30788,482.33714,50,0,0,0,0,436.2070007324219,49195,506.60101318359375,50,0
202110877,Makine Mühendisliği,İHSAN DOĞRAMACI BİLKENT ÜNİVERSİTESİ,4,SAYISAL,"21, 22, 23, 24, 64, 144, 218",9946.0,Mühendislik Fakültesi,(İngilizce) (Burslu),ANKARA,VAKIF,0,27.0,0.0,0.0,0.0,0.0,543.6484,531.18445,2813.0,27.0,5.0,4.0,22.0,25.0,24.0,22.0,3.0,7.0,0.0,0.0,0.0,0.0,600.0,652.0,60.0,53.0,196.0,218.0,480.0,521.0,26.0,1,0.0,2.0,0.0,26.0,545.11757,0.0,0.0,1.0,534.87745,0.0,0.0,2.0,393.0,0.0,0.0,0.0,0.0,2562,535.34807,26,0,2,0,1,531.18701171875,2083,546.93798828125,26,0
202110886,Makine Mühendisliği,İHSAN DOĞRAMACI BİLKENT ÜNİVERSİTESİ,4,SAYISAL,"21, 22, 23, 24, 64, 144, 218",9947.0,Mühendislik Fakültesi,(İngilizce) (%50 İndirimli),ANKARA,VAKIF,0,26.0,0.0,0.0,0.0,0.0,525.31048,512.48953,10223.0,26.0,8.0,2.0,18.0,20.0,18.0,19.0,8.0,3.0,0.0,0.0,0.0,0.0,338.0,322.0,15.0,18.0,84.0,113.0,267.0,259.0,22.0,0,0.0,0.0,0.0,22.0,527.53847,0.0,0.0,0.0,0.0,0.0,0.0,0.0,0.0,0.0,0.0,0.0,0.0,8495,518.69503,22,0,0,0,0,507.6919860839844,7756,521.5869750976562,22,0
202110902,Amerikan Kültürü ve Edebiyatı,İHSAN DOĞRAMACI BİLKENT ÜNİVERSİTESİ,4,DİL,"21, 22, 23, 24, 64, 160, 218",9917.0,İnsani Bilimler ve Edebiyat Fakültesi,(İngilizce) (Burslu),ANKARA,VAKIF,0,6.0,0.0,0.0,0.0,0.0,501.57698,490.67774,3248.0,6.0,4.0,4.0,2.0,3.0,3.0,4.0,2.0,2.0,1.0,0.0,0.0,1.0,238.0,259.0,24.0,28.0,95.0,129.0,200.0,226.0,5.0,1,0.0,1.0,0.0,5.0,511.31999,0.0,0.0,1.0,482.91362,0.0,0.0,1.0,425.0,0.0,1.0,0.0,0.0,2166,505.28462,5,0,1,0,1,497.4289855957031,2067,515.3920288085938,5,0
202110911,Arkeoloji,İHSAN DOĞRAMACI BİLKENT ÜNİVERSİTESİ,4,EŞİT AĞIRLIK,"21, 22, 23, 24, 64, 218",9919.0,İnsani Bilimler ve Edebiyat Fakültesi,(İngilizce) (Burslu),ANKARA,VAKIF,0,4.0,0.0,0.0,0.0,0.0,459.96567,430.12666,17731.0,4.0,2.0,2.0,2.0,3.0,1.0,2.0,3.0,3.0,0.0,0.0,0.0,0.0,99.0,116.0,23.0,18.0,45.0,40.0,78.0,82.0,4.0,1,0.0,0.0,0.0,4.0,457.35101,0.0,0.0,1.0,325.15359,0.0,0.0,0.0,0.0,1.0,0.0,0.0,0.0,8782,439.9653,4,0,0,0,1,434.3840026855469,9042,444.5570068359375,4,0
202110929,Felsefe,İHSAN DOĞRAMACI BİLKENT ÜNİVERSİTESİ,4,EŞİT AĞIRLIK,"21, 22, 23, 24, 64, 218",9921.0,İnsani Bilimler ve Edebiyat Fakültesi,(İngilizce) (Burslu),ANKARA,VAKIF,0,15.0,0.0,0.0,0.0,0.0,530.48229,438.26698,12982.0,15.0,5.0,6.0,10.0,10.0,5.0,8.0,5.0,8.0,5.0,0.0,0.0,0.0,159.0,151.0,33.0,27.0,79.0,59.0,128.0,113.0,15.0,1,0.0,0.0,0.0,15.0,527.36456,0.0,0.0,1.0,436.6556,0.0,0.0,0.0,0.0,0.0,0.0,0.0,0.0,7134,446.57289,15,0,0,0,1,419.93701171875,16818,454.0320129394531,15,0
202110938,İngiliz Dili ve Edebiyatı,İHSAN DOĞRAMACI BİLKENT ÜNİVERSİTESİ,4,DİL,"21, 22, 23, 24, 64, 160, 218",9922.0,İnsani Bilimler ve Edebiyat Fakültesi,(İngilizce) (Burslu),ANKARA,VAKIF,0,8.0,0.0,0.0,0.0,0.0,512.39057,502.07623,2120.0,8.0,7.0,4.0,1.0,5.0,5.0,5.0,2.0,4.0,1.0,0.0,0.0,0.0,430.0,346.0,55.0,72.0,189.0,195.0,367.0,300.0,7.0,1,0.0,1.0,0.0,7.0,529.45187,0.0,0.0,1.0,500.88148,0.0,0.0,1.0,260.0,0.0,0.0,0.0,0.0,1656,511.36086,7,0,1,0,1,502.20599365234375,1710,535.3579711914062,7,0
202110956,İç Mimarlık ve Çevre Tasarımı,İHSAN DOĞRAMACI BİLKENT ÜNİVERSİTESİ,4,EŞİT AĞIRLIK,"21, 22, 23, 24, 64, 218",9887.0,Güzel Sanatlar Tasarım ve Mimarlık Fakültesi,(İngilizce) (Burslu),ANKARA,VAKIF,0,24.0,0.0,0.0,0.0,0.0,488.81373,439.17937,12534.0,24.0,19.0,16.0,5.0,7.0,13.0,9.0,10.0,13.0,1.0,0.0,0.0,1.0,412.0,390.0,92.0,89.0,179.0,163.0,315.0,294.0,21.0,1,0.0,3.0,0.0,21.0,469.60338,0.0,0.0,1.0,435.85254,0.0,0.0,1.0,352.0,0.0,2.0,0.0,0.0,6694,448.56574,16,0,3,0,1,449.71600341796875,4332,476.0060119628906,16,0
202110965,Kentsel Tasarım ve Peyzaj Mimarlığı,İHSAN DOĞRAMACI BİLKENT ÜNİVERSİTESİ,4,SAYISAL,"21, 22, 23, 24, 64, 218",9892.0,Güzel Sanatlar Tasarım ve Mimarlık Fakültesi,(İngilizce) (Burslu),ANKARA,VAKIF,0,5.0,0.0,0.0,0.0,0.0,452.74279,436.24846,69011.0,5.0,3.0,1.0,2.0,3.0,3.0,3.0,2.0,1.0,0.0,0.0,0.0,0.0,123.0,137.0,8.0,9.0,29.0,22.0,72.0,76.0,3.0,1,0.0,1.0,0.0,3.0,462.59953,0.0,0.0,1.0,357.10628,0.0,0.0,0.0,0.0,0.0,1.0,0.0,0.0,51555,457.38181,3,0,1,0,1,420.4830017089844,62636,440.4419860839844,3,0
202111063,Mimarlık,İHSAN DOĞRAMACI BİLKENT ÜNİVERSİTESİ,4,SAYISAL,"22, 23, 24, 64, 143, 218",9894.0,Güzel Sanatlar Tasarım ve Mimarlık Fakültesi,(İngilizce) (Ücretli),ANKARA,VAKIF,0,49.0,0.0,0.0,0.0,0.0,461.20303,399.52396,106575.0,49.0,31.0,31.0,18.0,18.0,32.0,41.0,16.0,8.0,1.0,0.0,0.0,0.0,221.0,303.0,28.0,38.0,85.0,102.0,179.0,226.0,49.0,0,0.0,0.0,0.0,49.0,461.44822,0.0,0.0,0.0,0.0,0.0,0.0,0.0,0.0,4.0,0.0,0.0,0.0,107499,402.54553,49,0,0,0,0,363.4809875488281,127191,426.875,49,0
202111072,Mimarlık,İHSAN DOĞRAMACI BİLKENT ÜNİVERSİTESİ,4,SAYISAL,"21, 22, 23, 24, 64, 143, 218",9895.0,Güzel Sanatlar Tasarım ve Mimarlık Fakültesi,(İngilizce) (Burslu),ANKARA,VAKIF,0,10.0,0.0,0.0,0.0,0.0,519.22166,506.90443,13251.0,10.0,5.0,5.0,5.0,6.0,7.0,9.0,3.0,1.0,0.0,1.0,0.0,0.0,340.0,299.0,135.0,102.0,191.0,154.0,278.0,225.0,9.0,1,0.0,1.0,0.0,9.0,527.52832,0.0,0.0,1.0,507.07987,0.0,0.0,1.0,431.0,0.0,0.0,0.0,0.0,12057,511.28368,9,0,1,0,1,493.97900390625,12896,526.6740112304688,9,0
202111081,Mimarlık,İHSAN DOĞRAMACI BİLKENT ÜNİVERSİTESİ,4,SAYISAL,"21, 22, 23, 24, 64, 143, 218",9896.0,Güzel Sanatlar Tasarım ve Mimarlık Fakültesi,(İngilizce) (%50 İndirimli),ANKARA,VAKIF,0,10.0,0.0,0.0,0.0,0.0,477.5274,465.08225,43774.0,10.0,9.0,8.0,1.0,2.0,8.0,8.0,2.0,2.0,0.0,0.0,0.0,0.0,244.0,248.0,28.0,39.0,85.0,103.0,184.0,197.0,10.0,0,0.0,0.0,0.0,10.0,481.45776,0.0,0.0,0.0,0.0,0.0,0.0,0.0,0.0,0.0,0.0,0.0,0.0,46161,463.58821,10,0,0,0,0,433.8349914550781,51110,463.08599853515625,10,0
202111099,Siyaset Bilimi ve Kamu Yönetimi,İHSAN DOĞRAMACI BİLKENT ÜNİVERSİTESİ,4,EŞİT AĞIRLIK,"22, 23, 24, 64, 218",9910.0,"İktisadi, İdari ve Sosyal Bilimler Fakültesi",(İngilizce) (Ücretli),ANKARA,VAKIF,0,22.0,0.0,0.0,0.0,0.0,372.22728,333.53117,234963.0,22.0,13.0,15.0,9.0,15.0,14.0,21.0,7.0,7.0,0.0,2.0,0.0,0.0,278.0,218.0,11.0,12.0,61.0,50.0,214.0,175.0,30.0,0,0.0,0.0,0.0,30.0,349.44968,0.0,0.0,0.0,0.0,0.0,0.0,0.0,0.0,4.0,0.0,0.0,0.0,269727,323.82051,30,0,0,0,0,322.09100341796875,225685,337.0190124511719,30,0
202111106,Hukuk,İHSAN DOĞRAMACI BİLKENT ÜNİVERSİTESİ,4,EŞİT AĞIRLIK,"21, 22, 24, 34, 64, 162, 218",9899.0,Hukuk Fakültesi,(Burslu),ANKARA,VAKIF,0,24.0,0.0,0.0,0.0,0.0,538.36981,520.22409,329.0,24.0,12.0,10.0,12.0,15.0,18.0,23.0,6.0,2.0,0.0,0.0,0.0,0.0,682.0,640.0,222.0,255.0,483.0,465.0,630.0,580.0,21.0,1,0.0,3.0,0.0,21.0,552.60487,0.0,0.0,1.0,520.3195,0.0,0.0,3.0,396.0,0.0,0.0,0.0,0.0,271,525.78762,21,0,3,0,1,511.7720031738281,310,545.7069702148438,21,0
202111115,Hukuk,İHSAN DOĞRAMACI BİLKENT ÜNİVERSİTESİ,4,EŞİT AĞIRLIK,"21, 22, 24, 34, 64, 162, 218",9900.0,Hukuk Fakültesi,(%50 İndirimli),ANKARA,VAKIF,0,16.0,0.0,0.0,0.0,0.0,515.90728,492.33596,1689.0,16.0,8.0,7.0,8.0,3.0,13.0,10.0,3.0,0.0,0.0,0.0,0.0,0.0,276.0,239.0,58.0,59.0,168.0,156.0,248.0,219.0,10.0,0,0.0,0.0,0.0,10.0,520.4192,0.0,0.0,0.0,0.0,0.0,0.0,0.0,0.0,1.0,0.0,0.0,0.0,1262,497.14206,10,0,0,0,0,484.1940002441406,1191,511.5270080566406,10,0
202111124,Hukuk,İHSAN DOĞRAMACI BİLKENT ÜNİVERSİTESİ,4,EŞİT AĞIRLIK,"22, 24, 34, 64, 162, 218",9898.0,Hukuk Fakültesi,(Ücretli),ANKARA,VAKIF,0,123.0,0.0,0.0,0.0,0.0,488.62318,410.67178,40098.0,123.0,68.0,87.0,55.0,42.0,87.0,90.0,33.0,30.0,3.0,5.0,0.0,2.0,470.0,364.0,111.0,107.0,231.0,208.0,389.0,315.0,129.0,0,0.0,0.0,0.0,129.0,496.09631,0.0,0.0,0.0,0.0,0.0,0.0,0.0,0.0,3.0,0.0,0.0,0.0,42977,401.48871,129,0,0,0,0,371.7820129394531,76065,479.8389892578125,129,0
202190179,"İngilizce, Fransızca Mütercim ve Tercümanlık",İHSAN DOĞRAMACI BİLKENT ÜNİVERSİTESİ,4,DİL,"21, 22, 23, 24, 64, 167, 218",9927.0,İnsani Bilimler ve Edebiyat Fakültesi,(Burslu),ANKARA,VAKIF,0,8.0,0.0,0.0,0.0,0.0,544.78343,513.5174,1244.0,8.0,5.0,6.0,3.0,2.0,8.0,4.0,0.0,3.0,0.0,0.0,0.0,0.0,396.0,392.0,177.0,189.0,264.0,267.0,343.0,333.0,7.0,1,0.0,1.0,0.0,7.0,532.57664,0.0,0.0,1.0,516.90698,0.0,0.0,0.0,0.0,0.0,1.0,0.0,0.0,918,521.99109,7,0,1,0,1,517.8590087890625,795,538.1290283203125,7,0
202190180,"İngilizce, Fransızca Mütercim ve Tercümanlık",İHSAN DOĞRAMACI BİLKENT ÜNİVERSİTESİ,4,DİL,"21, 22, 23, 24, 64, 167, 218",9928.0,İnsani Bilimler ve Edebiyat Fakültesi,(%50 İndirimli),ANKARA,VAKIF,0,48.0,0.0,0.0,0.0,0.0,507.83745,448.7708,9718.0,48.0,38.0,27.0,10.0,11.0,32.0,22.0,11.0,14.0,5.0,1.0,0.0,0.0,229.0,211.0,32.0,41.0,97.0,91.0,189.0,174.0,38.0,0,0.0,0.0,0.0,38.0,513.6806,0.0,0.0,0.0,0.0,0.0,0.0,0.0,0.0,0.0,0.0,0.0,0.0,10366,452.10519,38,0,0,0,0,426.27301025390625,15053,495.739013671875,38,0
202190181,Grafik Tasarımı,İHSAN DOĞRAMACI BİLKENT ÜNİVERSİTESİ,4,EŞİT AĞIRLIK,"22, 23, 24, 64, 218",9883.0,Güzel Sanatlar Tasarım ve Mimarlık Fakültesi,(İngilizce) (Ücretli),ANKARA,VAKIF,0,5.0,0.0,0.0,0.0,0.0,356.82595,351.83956,170632.0,5.0,4.0,4.0,1.0,1.0,3.0,2.0,1.0,3.0,0.0,0.0,0.0,0.0,133.0,93.0,7.0,4.0,42.0,27.0,104.0,58.0,5.0,0,0.0,0.0,0.0,5.0,346.9947,0.0,0.0,0.0,0.0,0.0,0.0,0.0,0.0,1.0,0.0,0.0,0.0,200750,339.17946,5,0,0,0,0,330.7170104980469,189061,340.802001953125,5,0
202190182,Grafik Tasarımı,İHSAN DOĞRAMACI BİLKENT ÜNİVERSİTESİ,4,EŞİT AĞIRLIK,"21, 22, 23, 24, 64, 218",9884.0,Güzel Sanatlar Tasarım ve Mimarlık Fakültesi,(İngilizce) (Burslu),ANKARA,VAKIF,0,5.0,0.0,0.0,0.0,0.0,513.29289,494.06439,1563.0,5.0,2.0,4.0,3.0,2.0,4.0,3.0,1.0,1.0,0.0,2.0,0.0,0.0,227.0,191.0,78.0,69.0,115.0,98.0,186.0,150.0,4.0,1,0.0,1.0,0.0,4.0,493.34898,0.0,0.0,1.0,417.01221,0.0,0.0,1.0,245.0,0.0,1.0,0.0,0.0,3523,468.60959,4,0,1,0,1,469.4750061035156,2030,527.823974609375,4,0
202190183,Grafik Tasarımı,İHSAN DOĞRAMACI BİLKENT ÜNİVERSİTESİ,4,EŞİT AĞIRLIK,"21, 22, 23, 24, 64, 218",9885.0,Güzel Sanatlar Tasarım ve Mimarlık Fakültesi,(İngilizce) (%50 İndirimli),ANKARA,VAKIF,0,26.0,0.0,0.0,0.0,0.0,450.59923,358.26951,151765.0,26.0,22.0,20.0,4.0,6.0,17.0,18.0,8.0,7.0,0.0,1.0,0.0,0.0,272.0,202.0,48.0,34.0,102.0,88.0,218.0,163.0,26.0,0,0.0,0.0,0.0,26.0,441.29921,0.0,0.0,0.0,0.0,0.0,0.0,0.0,0.0,1.0,0.0,0.0,0.0,131644,359.72361,26,0,0,0,0,343.07598876953125,146345,437.8999938964844,26,0
202190186,İletişim ve Tasarımı,İHSAN DOĞRAMACI BİLKENT ÜNİVERSİTESİ,4,SÖZEL,"22, 23, 24, 64, 218",9889.0,Güzel Sanatlar Tasarım ve Mimarlık Fakültesi,(İngilizce) (Ücretli),ANKARA,VAKIF,0,10.0,0.0,0.0,0.0,0.0,379.59578,351.08196,107699.0,10.0,4.0,7.0,6.0,3.0,6.0,8.0,2.0,0.0,1.0,2.0,1.0,0.0,121.0,74.0,14.0,10.0,47.0,37.0,95.0,62.0,10.0,0,0.0,0.0,0.0,10.0,363.73512,0.0,0.0,0.0,0.0,0.0,0.0,0.0,0.0,2.0,0.0,0.0,0.0,106365,351.23166,15,0,0,0,0,306.2359924316406,352470,350.22601318359375,15,0
202190187,İletişim ve Tasarımı,İHSAN DOĞRAMACI BİLKENT ÜNİVERSİTESİ,4,SÖZEL,"21, 22, 23, 24, 64, 218",9890.0,Güzel Sanatlar Tasarım ve Mimarlık Fakültesi,(İngilizce) (Burslu),ANKARA,VAKIF,0,11.0,0.0,0.0,0.0,0.0,493.59063,474.62517,859.0,11.0,7.0,9.0,4.0,2.0,5.0,7.0,4.0,4.0,2.0,0.0,0.0,0.0,304.0,294.0,103.0,116.0,190.0,210.0,280.0,273.0,9.0,1,0.0,2.0,0.0,9.0,512.09036,0.0,0.0,1.0,470.41058,0.0,0.0,1.0,367.0,0.0,1.0,0.0,0.0,464,481.90813,9,0,2,0,1,494.1090087890625,377,518.7269897460938,9,0
202190188,İletişim ve Tasarımı,İHSAN DOĞRAMACI BİLKENT ÜNİVERSİTESİ,4,SÖZEL,"21, 22, 23, 24, 64, 218",9891.0,Güzel Sanatlar Tasarım ve Mimarlık Fakültesi,(İngilizce) (%50 İndirimli),ANKARA,VAKIF,0,55.0,0.0,0.0,0.0,0.0,459.79616,378.19766,48771.0,55.0,45.0,45.0,10.0,10.0,43.0,41.0,11.0,13.0,0.0,1.0,1.0,0.0,216.0,140.0,37.0,32.0,108.0,77.0,185.0,124.0,55.0,0,0.0,0.0,0.0,55.0,471.74284,0.0,0.0,0.0,0.0,0.0,0.0,0.0,0.0,1.0,0.0,0.0,0.0,66580,367.4727,50,0,0,0,0,368.39300537109375,87364,462.0830078125,50,0
202190189,Fizik,İHSAN DOĞRAMACI BİLKENT ÜNİVERSİTESİ,4,SAYISAL,"22, 23, 24, 64, 218",9868.0,Fen Fakültesi,(İngilizce) (Ücretli),ANKARA,VAKIF,0,10.0,0.0,0.0,0.0,0.0,473.55876,425.11344,79655.0,10.0,4.0,3.0,6.0,7.0,6.0,7.0,3.0,3.0,0.0,0.0,1.0,0.0,65.0,80.0,10.0,5.0,23.0,18.0,53.0,61.0,10.0,0,0.0,0.0,0.0,10.0,488.18031,0.0,0.0,0.0,0.0,0.0,0.0,0.0,0.0,1.0,0.0,0.0,0.0,59171,448.97348,10,0,0,0,0,424.3280029296875,59233,481.3269958496094,10,0
202190190,Kimya,İHSAN DOĞRAMACI BİLKENT ÜNİVERSİTESİ,4,SAYISAL,"22, 23, 24, 64, 218",9871.0,Fen Fakültesi,(İngilizce) (Ücretli),ANKARA,VAKIF,0,10.0,0.0,0.0,0.0,0.0,456.27905,411.08374,94050.0,10.0,10.0,6.0,0.0,4.0,5.0,10.0,5.0,0.0,0.0,0.0,0.0,0.0,78.0,77.0,1.0,3.0,13.0,16.0,53.0,55.0,10.0,0,0.0,0.0,0.0,10.0,445.04678,0.0,0.0,0.0,0.0,0.0,0.0,0.0,0.0,1.0,0.0,0.0,0.0,92579,415.36722,10,0,0,0,0,347.6510009765625,152053,416.2200012207031,10,0
202190191,Matematik,İHSAN DOĞRAMACI BİLKENT ÜNİVERSİTESİ,4,SAYISAL,"22, 23, 24, 64, 218",9874.0,Fen Fakültesi,(İngilizce) (Ücretli),ANKARA,VAKIF,0,10.0,0.0,0.0,0.0,0.0,457.03511,397.76509,108640.0,10.0,3.0,6.0,7.0,4.0,9.0,8.0,1.0,2.0,0.0,0.0,0.0,0.0,84.0,96.0,7.0,4.0,20.0,20.0,52.0,66.0,10.0,0,0.0,0.0,0.0,10.0,470.48365,0.0,0.0,0.0,0.0,0.0,0.0,0.0,0.0,1.0,0.0,0.0,0.0,96549,411.87942,10,0,0,0,0,366.4729919433594,122825,462.84698486328125,10,0
202190192,Bilişim Sistemleri ve Teknolojileri,İHSAN DOĞRAMACI BİLKENT ÜNİVERSİTESİ,4,SAYISAL,"22, 23, 24, 64, 218",9949.0,Uygulamalı Bilimler Fakültesi,(İngilizce) (Ücretli),ANKARA,VAKIF,0,5.0,0.0,0.0,0.0,0.0,450.77311,447.55926,58756.0,5.0,1.0,5.0,4.0,16.0,4.0,15.0,1.0,6.0,0.0,0.0,0.0,0.0,224.0,171.0,9.0,13.0,97.0,67.0,181.0,133.0,21.0,0,0.0,0.0,0.0,21.0,469.36774,0.0,0.0,0.0,0.0,0.0,0.0,0.0,0.0,1.0,0.0,0.0,0.0,58958,449.18134,31,0,0,0,0,358.0090026855469,135196,433.6610107421875,31,0
202190193,Bilişim Sistemleri ve Teknolojileri,İHSAN DOĞRAMACI BİLKENT ÜNİVERSİTESİ,4,SAYISAL,"21, 22, 23, 24, 64, 218",9950.0,Uygulamalı Bilimler Fakültesi,(İngilizce) (Burslu),ANKARA,VAKIF,0,12.0,0.0,0.0,0.0,0.0,528.8084,516.8205,8101.0,12.0,1.0,3.0,11.0,12.0,6.0,10.0,6.0,5.0,0.0,0.0,0.0,0.0,630.0,556.0,164.0,110.0,303.0,216.0,509.0,424.0,12.0,1,0.0,2.0,0.0,12.0,537.10464,0.0,0.0,1.0,527.39419,0.0,0.0,2.0,340.0,0.0,0.0,0.0,0.0,3702,531.32417,12,0,2,0,1,520.7930297851562,4130,538.3270263671875,12,0
202190194,Bilişim Sistemleri ve Teknolojileri,İHSAN DOĞRAMACI BİLKENT ÜNİVERSİTESİ,4,SAYISAL,"21, 22, 23, 24, 64, 218",9951.0,Uygulamalı Bilimler Fakültesi,(İngilizce) (%50 İndirimli),ANKARA,VAKIF,0,66.0,0.0,0.0,0.0,0.0,509.36006,453.66714,53366.0,66.0,18.0,15.0,48.0,43.0,39.0,35.0,23.0,23.0,2.0,0.0,0.0,0.0,580.0,439.0,112.0,90.0,256.0,171.0,446.0,329.0,58.0,0,0.0,0.0,0.0,58.0,526.79442,0.0,0.0,0.0,0.0,0.0,0.0,0.0,0.0,1.0,0.0,0.0,0.0,40949,469.53074,51,0,0,0,0,433.677001953125,51256,493.8110046386719,51,0
202190195,Turizm ve Otel İşletmeciliği,İHSAN DOĞRAMACI BİLKENT ÜNİVERSİTESİ,4,EŞİT AĞIRLIK,"21, 22, 23, 24, 64, 218",9952.0,Uygulamalı Bilimler Fakültesi,(İngilizce) (Burslu),ANKARA,VAKIF,0,5.0,0.0,0.0,0.0,0.0,470.94825,463.40369,5397.0,5.0,0.0,2.0,5.0,3.0,1.0,1.0,3.0,4.0,1.0,0.0,0.0,0.0,137.0,148.0,12.0,14.0,37.0,34.0,86.0,89.0,4.0,1,0.0,1.0,0.0,4.0,482.18203,0.0,0.0,1.0,471.1928,0.0,0.0,0.0,0.0,0.0,1.0,0.0,0.0,2967,473.73433,5,0,1,0,1,454.677001953125,3446,468.47900390625,5,0
202190196,Turizm ve Otel İşletmeciliği,İHSAN DOĞRAMACI BİLKENT ÜNİVERSİTESİ,4,EŞİT AĞIRLIK,"21, 22, 23, 24, 64, 218",9953.0,Uygulamalı Bilimler Fakültesi,(İngilizce) (%50 İndirimli),ANKARA,VAKIF,0,31.0,0.0,0.0,0.0,0.0,342.36846,299.55248,412925.0,31.0,10.0,16.0,21.0,15.0,19.0,15.0,10.0,11.0,1.0,3.0,0.0,1.0,243.0,218.0,34.0,33.0,67.0,82.0,172.0,166.0,31.0,0,0.0,0.0,0.0,31.0,407.03455,0.0,0.0,0.0,0.0,0.0,0.0,0.0,0.0,3.0,0.0,0.0,0.0,410572,300.2732,35,0,0,0,0,297.1400146484375,369310,409.16900634765625,35,0
202190203,"İngilizce, Fransızca Mütercim ve Tercümanlık",İHSAN DOĞRAMACI BİLKENT ÜNİVERSİTESİ,4,DİL,"22, 23, 24, 64, 167, 218",9926.0,İnsani Bilimler ve Edebiyat Fakültesi,(Ücretli),ANKARA,VAKIF,0,,,,,,,,,,,4.0,,6.0,,3.0,,6.0,,0.0,,0.0,,89.0,,8.0,,32.0,,64.0,10.0,0,0.0,0.0,0.0,10.0,446.95433,0.0,0.0,0.0,0.0,0.0,0.0,0.0,0.0,1.0,0.0,0.0,0.0,30740,394.19494,10,0,0,0,0,378.18701171875,33788,418.0580139160156,10,0
202190210,Sınıf Öğretmenliği,İHSAN DOĞRAMACI BİLKENT ÜNİVERSİTESİ,4,EŞİT AĞIRLIK,"1, 21, 22, 24, 34, 64, 150, 218",9865.0,Eğitim Fakültesi,(Burslu),ANKARA,VAKIF,0,,,,,,,,,,,,,,,,,,,,,,,,,,,,,,,,,,,,,,,,,,,,,,,,,0,0.0,9,0,1,0,1,381.5360107421875,59283,439.8290100097656,9,0
202190217,Sınıf Öğretmenliği,İHSAN DOĞRAMACI BİLKENT ÜNİVERSİTESİ,4,EŞİT AĞIRLIK,"1, 22, 24, 34, 64, 150, 218",9864.0,Eğitim Fakültesi,(Ücretli),ANKARA,VAKIF,0,,,,,,,,,,,,,,,,,,,,,,,,,,,,,,,,,,,,,,,,,,,,,,,,,0,0.0,5,0,0,0,0,0.0,0,0.0,0,0
202190224,Sınıf Öğretmenliği,İHSAN DOĞRAMACI BİLKENT ÜNİVERSİTESİ,4,EŞİT AĞIRLIK,"1, 21, 22, 24, 34, 64, 150, 218",9866.0,Eğitim Fakültesi,(%50 İndirimli),ANKARA,VAKIF,0,,,,,,,,,,,,,,,,,,,,,,,,,,,,,,,,,,,,,,,,,,,,,,,,,0,0.0,15,0,0,0,0,311.1419982910156,281274,348.885009765625,8,0
205410026,Tarih,TOBB EKONOMİ VE TEKNOLOJİ ÜNİVERSİTESİ,4,SÖZEL,"18, 21, 22, 24, 34, 64, 268",13237.0,Fen-Edebiyat Fakültesi,(Burslu),ANKARA,VAKIF,0,3.0,0.0,0.0,0.0,0.0,485.24524,471.91666,980.0,3.0,2.0,1.0,1.0,3.0,2.0,1.0,1.0,3.0,0.0,0.0,0.0,0.0,91.0,89.0,12.0,14.0,30.0,37.0,79.0,76.0,3.0,1,0.0,0.0,0.0,3.0,507.72887,0.0,0.0,1.0,348.70961,0.0,0.0,0.0,0.0,0.0,0.0,0.0,0.0,364,486.8636,3,0,0,0,1,494.41900634765625,372,518.323974609375,3,0
205410035,Türk Dili ve Edebiyatı,TOBB EKONOMİ VE TEKNOLOJİ ÜNİVERSİTESİ,4,SÖZEL,"18, 21, 64, 268",13241.0,Fen-Edebiyat Fakültesi,(Burslu),ANKARA,VAKIF,0,3.0,0.0,0.0,0.0,0.0,475.62444,462.50449,1514.0,3.0,3.0,1.0,0.0,3.0,2.0,1.0,1.0,2.0,0.0,1.0,0.0,0.0,53.0,45.0,8.0,5.0,16.0,21.0,40.0,34.0,3.0,1,0.0,0.0,0.0,3.0,469.70987,0.0,0.0,1.0,336.32072,0.0,0.0,0.0,0.0,0.0,0.0,0.0,0.0,937,466.13213,3,0,0,0,1,481.5400085449219,711,502.9880065917969,3,0
205410044,İktisat,TOBB EKONOMİ VE TEKNOLOJİ ÜNİVERSİTESİ,4,EŞİT AĞIRLIK,"18, 22, 24, 34, 64, 268",13248.0,İktisadi ve İdari Bilimler Fakültesi,(Ücretli),ANKARA,VAKIF,0,12.0,0.0,0.0,0.0,0.0,345.72529,328.77928,254793.0,12.0,5.0,8.0,7.0,9.0,6.0,6.0,5.0,9.0,1.0,1.0,0.0,0.0,147.0,121.0,3.0,4.0,18.0,13.0,88.0,70.0,17.0,0,0.0,0.0,0.0,17.0,355.04975,0.0,0.0,0.0,0.0,0.0,0.0,0.0,0.0,2.0,0.0,0.0,0.0,479487,291.0012,17,0,0,0,0,298.5870056152344,359207,358.77899169921875,17,0
205410053,İktisat,TOBB EKONOMİ VE TEKNOLOJİ ÜNİVERSİTESİ,4,EŞİT AĞIRLIK,"18, 21, 22, 24, 34, 64, 268",13249.0,İktisadi ve İdari Bilimler Fakültesi,(Burslu),ANKARA,VAKIF,0,6.0,0.0,0.0,0.0,0.0,495.42032,481.38887,2708.0,6.0,2.0,2.0,4.0,5.0,2.0,4.0,4.0,3.0,0.0,0.0,0.0,0.0,380.0,511.0,14.0,18.0,81.0,99.0,268.0,357.0,6.0,1,0.0,1.0,0.0,6.0,506.30233,0.0,0.0,1.0,487.2458,0.0,0.0,0.0,0.0,0.0,1.0,0.0,0.0,1430,493.81489,6,0,1,0,1,489.0780029296875,980,502.7139892578125,6,0
205410062,İşletme,TOBB EKONOMİ VE TEKNOLOJİ ÜNİVERSİTESİ,4,EŞİT AĞIRLIK,"18, 22, 24, 34, 64, 268",13251.0,İktisadi ve İdari Bilimler Fakültesi,(Ücretli),ANKARA,VAKIF,0,21.0,0.0,0.0,0.0,0.0,366.13123,333.23111,236168.0,21.0,8.0,10.0,13.0,13.0,10.0,12.0,11.0,10.0,0.0,0.0,0.0,0.0,253.0,181.0,15.0,13.0,57.0,36.0,171.0,127.0,23.0,0,0.0,0.0,0.0,23.0,377.96382,0.0,0.0,0.0,0.0,0.0,0.0,0.0,0.0,1.0,0.0,0.0,0.0,279653,321.86494,23,0,0,0,0,315.27801513671875,258782,345.50799560546875,23,0
205410071,İşletme,TOBB EKONOMİ VE TEKNOLOJİ ÜNİVERSİTESİ,4,EŞİT AĞIRLIK,"18, 21, 22, 24, 34, 64, 268",13252.0,İktisadi ve İdari Bilimler Fakültesi,(Burslu),ANKARA,VAKIF,0,8.0,0.0,0.0,0.0,0.0,502.78053,488.48818,2012.0,8.0,5.0,3.0,3.0,6.0,6.0,4.0,2.0,3.0,0.0,2.0,0.0,0.0,408.0,499.0,24.0,36.0,102.0,121.0,299.0,359.0,7.0,1,0.0,1.0,0.0,7.0,501.86084,0.0,0.0,1.0,490.69627,0.0,0.0,1.0,277.0,0.0,0.0,0.0,0.0,1343,495.70526,7,0,1,0,1,489.1549987792969,976,498.6990051269531,7,0
205410105,Bilgisayar Mühendisliği,TOBB EKONOMİ VE TEKNOLOJİ ÜNİVERSİTESİ,4,SAYISAL,"18, 22, 24, 34, 64, 144, 268",13276.0,Mühendislik Fakültesi,(Ücretli),ANKARA,VAKIF,0,40.0,0.0,0.0,0.0,0.0,519.97733,495.99003,20149.0,40.0,12.0,11.0,28.0,29.0,28.0,26.0,12.0,14.0,0.0,0.0,0.0,0.0,492.0,250.0,57.0,29.0,155.0,68.0,371.0,182.0,40.0,0,0.0,0.0,0.0,40.0,519.31121,0.0,0.0,0.0,0.0,0.0,0.0,0.0,0.0,1.0,0.0,0.0,0.0,25822,489.17889,40,0,0,0,0,426.27301025390625,57514,491.6969909667969,40,0
205410114,Bilgisayar Mühendisliği,TOBB EKONOMİ VE TEKNOLOJİ ÜNİVERSİTESİ,4,SAYISAL,"18, 21, 22, 24, 34, 64, 144, 268",13277.0,Mühendislik Fakültesi,(Burslu),ANKARA,VAKIF,0,15.0,0.0,0.0,0.0,0.0,544.10434,536.88931,1578.0,15.0,9.0,4.0,6.0,12.0,14.0,13.0,1.0,3.0,0.0,0.0,0.0,0.0,1020.0,943.0,95.0,74.0,381.0,301.0,885.0,802.0,13.0,1,0.0,2.0,0.0,13.0,544.81581,0.0,0.0,1.0,538.90828,0.0,0.0,2.0,431.0,0.0,0.0,0.0,0.0,1511,539.92305,13,0,2,0,1,532.9710083007812,1806,538.9869995117188,13,0
205410123,Elektrik-Elektronik Mühendisliği,TOBB EKONOMİ VE TEKNOLOJİ ÜNİVERSİTESİ,4,SAYISAL,"18, 22, 24, 34, 64, 144, 268",13284.0,Mühendislik Fakültesi,(Ücretli),ANKARA,VAKIF,0,40.0,0.0,0.0,0.0,0.0,495.19351,464.88245,43928.0,40.0,12.0,5.0,28.0,35.0,33.0,27.0,7.0,13.0,0.0,0.0,0.0,0.0,273.0,264.0,6.0,24.0,48.0,55.0,176.0,172.0,40.0,0,0.0,0.0,0.0,40.0,511.80577,0.0,0.0,0.0,0.0,0.0,0.0,0.0,0.0,1.0,0.0,0.0,0.0,48450,460.97802,40,0,0,0,0,393.6910095214844,89387,471.3609924316406,40,0
205410132,Elektrik-Elektronik Mühendisliği,TOBB EKONOMİ VE TEKNOLOJİ ÜNİVERSİTESİ,4,SAYISAL,"18, 21, 22, 24, 34, 64, 144, 268",13285.0,Mühendislik Fakültesi,(Burslu),ANKARA,VAKIF,0,15.0,0.0,0.0,0.0,0.0,540.3304,531.84496,2651.0,15.0,4.0,6.0,11.0,10.0,13.0,13.0,2.0,2.0,0.0,1.0,0.0,0.0,510.0,553.0,21.0,23.0,100.0,112.0,368.0,406.0,13.0,1,0.0,2.0,0.0,13.0,539.15563,0.0,0.0,1.0,532.32492,0.0,0.0,2.0,353.0,0.0,0.0,0.0,0.0,3110,533.39678,13,0,2,0,1,527.8800048828125,2679,532.322998046875,13,0
205410141,Endüstri Mühendisliği,TOBB EKONOMİ VE TEKNOLOJİ ÜNİVERSİTESİ,4,SAYISAL,"18, 22, 24, 34, 64, 144, 268",13287.0,Mühendislik Fakültesi,(Ücretli),ANKARA,VAKIF,0,35.0,0.0,0.0,0.0,0.0,481.33977,442.98642,62826.0,35.0,19.0,16.0,16.0,19.0,26.0,21.0,9.0,14.0,0.0,0.0,0.0,0.0,345.0,266.0,15.0,15.0,75.0,47.0,228.0,164.0,35.0,0,0.0,0.0,0.0,35.0,487.66025,0.0,0.0,0.0,0.0,0.0,0.0,0.0,0.0,1.0,0.0,0.0,0.0,84918,422.59833,35,0,0,0,0,386.9540100097656,97016,459.4360046386719,35,0
205410159,Endüstri Mühendisliği,TOBB EKONOMİ VE TEKNOLOJİ ÜNİVERSİTESİ,4,SAYISAL,"18, 21, 22, 24, 34, 64, 144, 268",13288.0,Mühendislik Fakültesi,(Burslu),ANKARA,VAKIF,0,12.0,0.0,0.0,0.0,0.0,534.86776,524.11536,5018.0,12.0,4.0,5.0,8.0,8.0,8.0,10.0,4.0,3.0,0.0,0.0,0.0,0.0,550.0,611.0,34.0,50.0,118.0,151.0,392.0,446.0,10.0,1,0.0,2.0,0.0,10.0,538.20671,0.0,0.0,1.0,532.12429,0.0,0.0,2.0,395.0,0.0,0.0,0.0,0.0,3272,532.81897,10,0,2,0,1,522.3259887695312,3786,533.3280029296875,10,0
205410168,Makine Mühendisliği,TOBB EKONOMİ VE TEKNOLOJİ ÜNİVERSİTESİ,4,SAYISAL,"18, 22, 24, 34, 64, 144, 268",13290.0,Mühendislik Fakültesi,(Ücretli),ANKARA,VAKIF,0,35.0,0.0,0.0,0.0,0.0,471.90419,426.94888,77828.0,35.0,6.0,6.0,29.0,29.0,14.0,19.0,21.0,16.0,0.0,0.0,0.0,0.0,189.0,221.0,13.0,11.0,40.0,47.0,126.0,144.0,35.0,0,0.0,0.0,0.0,35.0,474.55832,0.0,0.0,0.0,0.0,0.0,0.0,0.0,0.0,1.0,0.0,0.0,0.0,73527,433.63535,35,0,0,0,0,378.49798583984375,107087,435.0469970703125,35,0
205410177,Makine Mühendisliği,TOBB EKONOMİ VE TEKNOLOJİ ÜNİVERSİTESİ,4,SAYISAL,"18, 21, 22, 24, 34, 64, 144, 268",13291.0,Mühendislik Fakültesi,(Burslu),ANKARA,VAKIF,0,12.0,0.0,0.0,0.0,0.0,528.55056,520.41853,6503.0,12.0,0.0,1.0,12.0,10.0,6.0,9.0,6.0,2.0,0.0,0.0,0.0,0.0,347.0,405.0,14.0,23.0,87.0,98.0,242.0,281.0,10.0,1,0.0,2.0,0.0,10.0,530.6933,0.0,0.0,1.0,524.18653,0.0,0.0,0.0,0.0,0.0,2.0,0.0,0.0,4973,527.48902,10,0,2,0,1,517.7650146484375,4842,525.6530151367188,10,0
205410265,Hukuk,TOBB EKONOMİ VE TEKNOLOJİ ÜNİVERSİTESİ,4,EŞİT AĞIRLIK,"18, 22, 24, 34, 64, 162, 268",13244.0,Hukuk Fakültesi,(Ücretli),ANKARA,VAKIF,0,55.0,0.0,0.0,0.0,0.0,426.90961,384.63741,87310.0,55.0,28.0,38.0,27.0,17.0,31.0,27.0,24.0,28.0,0.0,0.0,0.0,0.0,345.0,213.0,13.0,17.0,77.0,70.0,228.0,179.0,55.0,0,0.0,0.0,0.0,55.0,426.23154,0.0,0.0,0.0,0.0,0.0,0.0,0.0,0.0,3.0,0.0,0.0,0.0,105404,369.69938,60,0,0,0,0,352.41400146484375,119766,403.12701416015625,60,0
205410283,Hukuk,TOBB EKONOMİ VE TEKNOLOJİ ÜNİVERSİTESİ,4,EŞİT AĞIRLIK,"18, 21, 22, 24, 34, 64, 162, 268",13245.0,Hukuk Fakültesi,(Burslu),ANKARA,VAKIF,0,16.0,0.0,0.0,0.0,0.0,520.00739,509.85158,689.0,16.0,7.0,9.0,9.0,8.0,14.0,14.0,2.0,3.0,0.0,0.0,0.0,0.0,397.0,403.0,46.0,69.0,209.0,232.0,354.0,355.0,14.0,1,0.0,2.0,0.0,14.0,524.35021,0.0,0.0,1.0,511.2971,0.0,0.0,2.0,379.0,0.0,0.0,0.0,0.0,658,511.46057,15,0,2,0,1,496.9070129394531,689,511.1260070800781,15,0
205410292,İktisat,TOBB EKONOMİ VE TEKNOLOJİ ÜNİVERSİTESİ,4,EŞİT AĞIRLIK,"18, 21, 22, 24, 34, 64, 268",13250.0,İktisadi ve İdari Bilimler Fakültesi,(%50 İndirimli),ANKARA,VAKIF,0,25.0,0.0,0.0,0.0,0.0,435.36852,357.77298,153184.0,25.0,7.0,6.0,18.0,19.0,10.0,16.0,11.0,9.0,4.0,0.0,0.0,0.0,302.0,264.0,19.0,11.0,92.0,61.0,217.0,195.0,25.0,0,0.0,0.0,0.0,25.0,458.70133,0.0,0.0,0.0,0.0,0.0,0.0,0.0,0.0,0.0,0.0,0.0,0.0,120602,363.74809,25,0,0,0,0,360.46600341796875,99819,480.0769958496094,25,0
205410308,İşletme,TOBB EKONOMİ VE TEKNOLOJİ ÜNİVERSİTESİ,4,EŞİT AĞIRLIK,"18, 21, 22, 24, 34, 64, 268",13253.0,İktisadi ve İdari Bilimler Fakültesi,(%50 İndirimli),ANKARA,VAKIF,0,27.0,0.0,0.0,0.0,0.0,456.97817,372.66425,114218.0,27.0,11.0,12.0,16.0,13.0,11.0,13.0,16.0,12.0,0.0,0.0,0.0,0.0,407.0,337.0,47.0,41.0,130.0,108.0,294.0,256.0,25.0,0,0.0,0.0,0.0,25.0,466.46361,0.0,0.0,0.0,0.0,0.0,0.0,0.0,0.0,0.0,0.0,0.0,0.0,80006,380.87412,25,0,0,0,0,368.9630126953125,81561,480.9949951171875,25,0
205410326,Bilgisayar Mühendisliği,TOBB EKONOMİ VE TEKNOLOJİ ÜNİVERSİTESİ,4,SAYISAL,"18, 21, 22, 24, 34, 64, 144, 268",13278.0,Mühendislik Fakültesi,(%50 İndirimli),ANKARA,VAKIF,0,25.0,0.0,0.0,0.0,0.0,536.48755,520.9785,6275.0,25.0,3.0,4.0,22.0,21.0,20.0,20.0,5.0,5.0,0.0,0.0,0.0,0.0,570.0,310.0,47.0,36.0,180.0,93.0,456.0,247.0,25.0,0,0.0,0.0,0.0,25.0,536.39955,0.0,0.0,0.0,0.0,0.0,0.0,0.0,0.0,0.0,0.0,0.0,0.0,6158,524.16967,25,0,0,0,0,503.5899963378906,9189,526.5659790039062,25,0
205410335,Elektrik-Elektronik Mühendisliği,TOBB EKONOMİ VE TEKNOLOJİ ÜNİVERSİTESİ,4,SAYISAL,"18, 21, 22, 24, 34, 64, 144, 268",13286.0,Mühendislik Fakültesi,(%50 İndirimli),ANKARA,VAKIF,0,25.0,0.0,0.0,0.0,0.0,529.00436,510.06341,11482.0,25.0,4.0,9.0,21.0,16.0,18.0,17.0,7.0,8.0,0.0,0.0,0.0,0.0,433.0,319.0,33.0,21.0,103.0,77.0,292.0,227.0,25.0,0,0.0,0.0,0.0,25.0,526.54245,0.0,0.0,0.0,0.0,0.0,0.0,0.0,0.0,0.0,0.0,0.0,0.0,9573,516.39526,25,0,0,0,0,481.864013671875,18764,518.322021484375,25,0
205410344,Endüstri Mühendisliği,TOBB EKONOMİ VE TEKNOLOJİ ÜNİVERSİTESİ,4,SAYISAL,"18, 21, 22, 24, 34, 64, 144, 268",13289.0,Mühendislik Fakültesi,(%50 İndirimli),ANKARA,VAKIF,0,33.0,0.0,0.0,0.0,0.0,518.36569,483.69848,28921.0,33.0,16.0,19.0,17.0,14.0,19.0,21.0,13.0,10.0,1.0,2.0,0.0,0.0,505.0,366.0,38.0,35.0,126.0,89.0,369.0,268.0,33.0,0,0.0,0.0,0.0,33.0,523.3632,0.0,0.0,0.0,0.0,0.0,0.0,0.0,0.0,0.0,0.0,0.0,0.0,25169,490.09773,33,0,0,0,0,460.3179931640625,31449,501.56298828125,33,0
205410353,Makine Mühendisliği,TOBB EKONOMİ VE TEKNOLOJİ ÜNİVERSİTESİ,4,SAYISAL,"18, 21, 22, 24, 34, 64, 144, 268",13292.0,Mühendislik Fakültesi,(%50 İndirimli),ANKARA,VAKIF,0,33.0,0.0,0.0,0.0,0.0,509.74011,474.10369,36382.0,33.0,3.0,7.0,30.0,26.0,20.0,22.0,12.0,11.0,1.0,0.0,0.0,0.0,297.0,311.0,28.0,18.0,86.0,84.0,213.0,222.0,33.0,0,0.0,0.0,0.0,33.0,511.06861,0.0,0.0,0.0,0.0,0.0,0.0,0.0,0.0,0.0,0.0,0.0,0.0,34927,477.00037,33,0,0,0,0,444.0090026855469,43052,512.489013671875,33,0
205410362,Hukuk,TOBB EKONOMİ VE TEKNOLOJİ ÜNİVERSİTESİ,4,EŞİT AĞIRLIK,"18, 21, 22, 24, 34, 64, 162, 268",13246.0,Hukuk Fakültesi,(%50 İndirimli),ANKARA,VAKIF,0,38.0,0.0,0.0,0.0,0.0,499.58287,429.3915,18317.0,38.0,22.0,23.0,16.0,15.0,26.0,21.0,12.0,17.0,0.0,0.0,0.0,0.0,485.0,301.0,46.0,36.0,141.0,101.0,362.0,243.0,38.0,0,0.0,0.0,0.0,38.0,499.42757,0.0,0.0,0.0,0.0,0.0,0.0,0.0,0.0,0.0,0.0,0.0,0.0,15043,426.79623,38,0,0,0,0,414.7449951171875,20737,453.58099365234375,38,0
205410371,Uluslararası Girişimcilik,TOBB EKONOMİ VE TEKNOLOJİ ÜNİVERSİTESİ,4,EŞİT AĞIRLIK,"18, 22, 24, 34, 64, 268",13257.0,İktisadi ve İdari Bilimler Fakültesi,(Ücretli),ANKARA,VAKIF,0,8.0,0.0,0.0,0.0,0.0,330.04359,297.55083,426496.0,8.0,2.0,4.0,6.0,5.0,6.0,6.0,2.0,2.0,0.0,0.0,0.0,0.0,73.0,62.0,2.0,4.0,18.0,14.0,41.0,41.0,9.0,0,0.0,0.0,0.0,9.0,342.20198,0.0,0.0,0.0,0.0,0.0,0.0,0.0,0.0,1.0,0.0,0.0,0.0,682778,268.36639,10,0,0,0,0,287.12701416015625,445189,332.72900390625,10,0
205410389,Uluslararası Girişimcilik,TOBB EKONOMİ VE TEKNOLOJİ ÜNİVERSİTESİ,4,EŞİT AĞIRLIK,"18, 21, 22, 24, 34, 64, 268",13258.0,İktisadi ve İdari Bilimler Fakültesi,(Burslu),ANKARA,VAKIF,0,2.0,0.0,0.0,0.0,0.0,492.21331,489.6067,1908.0,2.0,2.0,1.0,0.0,2.0,2.0,2.0,0.0,1.0,0.0,0.0,0.0,0.0,88.0,101.0,8.0,8.0,29.0,17.0,62.0,65.0,2.0,1,0.0,0.0,0.0,2.0,503.04121,0.0,0.0,1.0,475.21117,0.0,0.0,0.0,0.0,0.0,0.0,0.0,0.0,1711,488.83341,2,0,0,0,1,487.9930114746094,1028,494.885986328125,2,0
205410398,Uluslararası Girişimcilik,TOBB EKONOMİ VE TEKNOLOJİ ÜNİVERSİTESİ,4,EŞİT AĞIRLIK,"18, 21, 22, 24, 34, 64, 268",13261.0,İktisadi ve İdari Bilimler Fakültesi,(%50 İndirimli),ANKARA,VAKIF,0,6.0,0.0,0.0,0.0,0.0,372.9966,343.10739,199117.0,6.0,3.0,2.0,3.0,3.0,3.0,2.0,2.0,2.0,0.0,1.0,0.0,0.0,109.0,95.0,12.0,9.0,33.0,26.0,72.0,67.0,5.0,0,0.0,0.0,0.0,5.0,362.55644,0.0,0.0,0.0,0.0,0.0,0.0,0.0,0.0,0.0,0.0,0.0,0.0,181609,344.14209,4,0,0,0,0,349.0090026855469,128910,373.3080139160156,4,0
205410405,Biyomedikal Mühendisliği,TOBB EKONOMİ VE TEKNOLOJİ ÜNİVERSİTESİ,4,SAYISAL,"18, 22, 24, 34, 64, 144, 268",13279.0,Mühendislik Fakültesi,(Ücretli),ANKARA,VAKIF,0,8.0,0.0,0.0,0.0,0.0,390.77957,348.13396,179290.0,8.0,5.0,2.0,3.0,3.0,7.0,1.0,1.0,1.0,0.0,0.0,0.0,0.0,78.0,40.0,2.0,0.0,14.0,7.0,37.0,24.0,5.0,0,0.0,0.0,0.0,5.0,386.6045,0.0,0.0,0.0,0.0,0.0,0.0,0.0,0.0,1.0,0.0,0.0,0.0,175657,356.71564,5,0,0,0,0,293.3290100097656,288135,321.031005859375,4,0
205410414,Biyomedikal Mühendisliği,TOBB EKONOMİ VE TEKNOLOJİ ÜNİVERSİTESİ,4,SAYISAL,"18, 21, 22, 24, 34, 64, 144, 268",13280.0,Mühendislik Fakültesi,(Burslu),ANKARA,VAKIF,0,6.0,0.0,0.0,0.0,0.0,499.26877,484.39479,28403.0,6.0,4.0,6.0,2.0,2.0,2.0,5.0,4.0,3.0,0.0,0.0,0.0,0.0,114.0,108.0,21.0,11.0,39.0,30.0,76.0,69.0,6.0,1,0.0,1.0,0.0,6.0,494.42226,0.0,0.0,1.0,458.74126,0.0,0.0,1.0,386.0,0.0,0.0,0.0,0.0,25344,489.8107,6,0,1,0,1,456.5639953613281,33983,503.06500244140625,6,0
205410423,Biyomedikal Mühendisliği,TOBB EKONOMİ VE TEKNOLOJİ ÜNİVERSİTESİ,4,SAYISAL,"18, 21, 22, 24, 34, 64, 144, 268",13283.0,Mühendislik Fakültesi,(%50 İndirimli),ANKARA,VAKIF,0,29.0,0.0,0.0,0.0,0.0,464.2173,401.44892,104456.0,29.0,20.0,25.0,9.0,12.0,21.0,21.0,8.0,15.0,0.0,1.0,0.0,0.0,162.0,146.0,17.0,17.0,41.0,41.0,106.0,94.0,37.0,0,0.0,0.0,0.0,37.0,485.44443,0.0,0.0,0.0,0.0,0.0,0.0,0.0,0.0,1.0,0.0,0.0,0.0,120326,392.43459,37,0,0,0,0,346.1319885253906,154636,440.94000244140625,37,0
205410432,Mimarlık,TOBB EKONOMİ VE TEKNOLOJİ ÜNİVERSİTESİ,4,SAYISAL,"18, 21, 22, 24, 34, 64, 143, 268",13273.0,Mimarlık ve Tasarım Fakültesi,(Burslu),ANKARA,VAKIF,0,8.0,0.0,0.0,0.0,0.0,477.74488,473.11022,37138.0,8.0,5.0,7.0,3.0,2.0,4.0,8.0,4.0,1.0,0.0,0.0,0.0,0.0,237.0,249.0,8.0,13.0,81.0,96.0,184.0,182.0,7.0,1,0.0,1.0,0.0,7.0,481.33425,0.0,0.0,1.0,472.12028,0.0,0.0,1.0,345.0,0.0,0.0,0.0,0.0,34210,477.90495,7,0,1,0,1,440.6159973144531,45605,452.3429870605469,7,0
205410441,Mimarlık,TOBB EKONOMİ VE TEKNOLOJİ ÜNİVERSİTESİ,4,SAYISAL,"18, 21, 22, 24, 34, 64, 143, 268",13274.0,Mimarlık ve Tasarım Fakültesi,(%50 İndirimli),ANKARA,VAKIF,0,10.0,0.0,0.0,0.0,0.0,472.08818,449.66907,56886.0,10.0,7.0,7.0,3.0,3.0,5.0,8.0,5.0,2.0,0.0,0.0,0.0,0.0,129.0,127.0,17.0,14.0,43.0,42.0,99.0,95.0,10.0,0,0.0,0.0,0.0,10.0,459.69599,0.0,0.0,0.0,0.0,0.0,0.0,0.0,0.0,0.0,0.0,0.0,0.0,80034,427.25392,10,0,0,0,0,396.8240051269531,85957,454.7760009765625,10,0
205410468,Tarih,TOBB EKONOMİ VE TEKNOLOJİ ÜNİVERSİTESİ,4,SÖZEL,"18, 21, 22, 24, 34, 64, 268",13240.0,Fen-Edebiyat Fakültesi,(%50 İndirimli),ANKARA,VAKIF,0,10.0,0.0,0.0,0.0,0.0,378.25517,260.87932,699350.0,8.0,1.0,4.0,7.0,3.0,1.0,0.0,6.0,5.0,0.0,1.0,1.0,0.0,32.0,88.0,1.0,8.0,6.0,24.0,19.0,53.0,7.0,0,0.0,0.0,0.0,7.0,388.23613,0.0,0.0,0.0,0.0,0.0,0.0,0.0,0.0,2.0,0.0,0.0,0.0,471308,284.23397,7,0,0,0,0,330.9159851074219,215609,483.0570068359375,7,0
205410477,Türk Dili ve Edebiyatı,TOBB EKONOMİ VE TEKNOLOJİ ÜNİVERSİTESİ,4,SÖZEL,"18, 21, 64, 268",13242.0,Fen-Edebiyat Fakültesi,(%50 İndirimli),ANKARA,VAKIF,0,10.0,0.0,0.0,0.0,0.0,375.70675,198.59778,1356469.0,10.0,5.0,6.0,5.0,1.0,2.0,2.0,7.0,1.0,1.0,2.0,0.0,1.0,24.0,174.0,0.0,21.0,3.0,40.0,12.0,97.0,7.0,0,0.0,0.0,0.0,7.0,436.29325,0.0,0.0,0.0,0.0,0.0,0.0,0.0,0.0,2.0,0.0,0.0,0.0,896037,242.59782,7,0,0,0,0,250.03799438476562,859706,422.0320129394531,7,0
205410486,İngiliz Dili ve Edebiyatı,TOBB EKONOMİ VE TEKNOLOJİ ÜNİVERSİTESİ,4,DİL,"18, 21, 22, 23, 24, 64, 268",13232.0,Fen-Edebiyat Fakültesi,(İngilizce) (Burslu),ANKARA,VAKIF,0,6.0,0.0,0.0,0.0,0.0,501.40949,481.11131,4334.0,6.0,3.0,5.0,3.0,1.0,5.0,3.0,0.0,3.0,1.0,0.0,0.0,0.0,215.0,189.0,15.0,16.0,66.0,70.0,168.0,132.0,5.0,1,0.0,1.0,0.0,5.0,504.14996,0.0,0.0,1.0,477.56309,0.0,0.0,0.0,0.0,0.0,1.0,0.0,0.0,4086,486.99234,5,0,1,0,1,484.0589904785156,3296,487.7229919433594,5,0
205410495,İngiliz Dili ve Edebiyatı,TOBB EKONOMİ VE TEKNOLOJİ ÜNİVERSİTESİ,4,DİL,"18, 21, 22, 23, 24, 64, 268",13233.0,Fen-Edebiyat Fakültesi,(İngilizce) (%50 İndirimli),ANKARA,VAKIF,0,32.0,0.0,0.0,0.0,0.0,413.45888,350.7916,41980.0,32.0,20.0,26.0,12.0,4.0,17.0,18.0,11.0,12.0,3.0,0.0,0.0,0.0,263.0,235.0,18.0,18.0,67.0,53.0,184.0,162.0,30.0,0,0.0,0.0,0.0,30.0,413.20471,0.0,0.0,0.0,0.0,0.0,0.0,0.0,0.0,1.0,0.0,0.0,0.0,45797,359.40202,30,0,0,0,0,355.9750061035156,44075,476.5039978027344,30,0
205410502,Mimarlık,TOBB EKONOMİ VE TEKNOLOJİ ÜNİVERSİTESİ,4,SAYISAL,"18, 22, 24, 34, 64, 143, 268",13272.0,Mimarlık ve Tasarım Fakültesi,(Ücretli),ANKARA,VAKIF,0,38.0,0.0,0.0,0.0,0.0,424.85767,345.04776,184937.0,38.0,28.0,27.0,10.0,11.0,23.0,24.0,15.0,14.0,0.0,0.0,0.0,0.0,133.0,143.0,7.0,8.0,29.0,30.0,93.0,95.0,38.0,0,0.0,0.0,0.0,38.0,410.80778,0.0,0.0,0.0,0.0,0.0,0.0,0.0,0.0,2.0,0.0,0.0,0.0,200211,344.46468,38,0,0,0,0,308.3429870605469,239554,364.7120056152344,23,0
205410511,Malzeme Bilimi ve Nanoteknoloji Mühendisliği,TOBB EKONOMİ VE TEKNOLOJİ ÜNİVERSİTESİ,4,SAYISAL,"18, 22, 24, 34, 64, 144, 268",13293.0,Mühendislik Fakültesi,(Ücretli),ANKARA,VAKIF,0,8.0,0.0,0.0,0.0,0.0,410.38434,378.20587,132708.0,8.0,2.0,1.0,6.0,4.0,0.0,3.0,8.0,2.0,0.0,0.0,0.0,0.0,65.0,55.0,0.0,0.0,11.0,11.0,37.0,37.0,5.0,0,0.0,0.0,0.0,5.0,419.94639,0.0,0.0,0.0,0.0,0.0,0.0,0.0,0.0,1.0,0.0,0.0,0.0,103406,405.93738,5,0,0,0,0,308.91400146484375,237849,382.572998046875,5,0
205410529,Malzeme Bilimi ve Nanoteknoloji Mühendisliği,TOBB EKONOMİ VE TEKNOLOJİ ÜNİVERSİTESİ,4,SAYISAL,"18, 21, 22, 24, 34, 64, 144, 268",13294.0,Mühendislik Fakültesi,(Burslu),ANKARA,VAKIF,0,6.0,0.0,0.0,0.0,0.0,516.89751,501.59847,16496.0,6.0,3.0,3.0,3.0,4.0,6.0,5.0,0.0,2.0,0.0,0.0,0.0,0.0,166.0,180.0,16.0,16.0,37.0,40.0,106.0,108.0,6.0,1,0.0,1.0,0.0,6.0,523.28673,0.0,0.0,1.0,504.19165,0.0,0.0,0.0,0.0,0.0,1.0,0.0,0.0,10594,514.24694,6,0,1,0,1,504.260009765625,8961,511.2650146484375,6,0
205410538,Malzeme Bilimi ve Nanoteknoloji Mühendisliği,TOBB EKONOMİ VE TEKNOLOJİ ÜNİVERSİTESİ,4,SAYISAL,"18, 21, 22, 24, 34, 64, 144, 268",13295.0,Mühendislik Fakültesi,(%50 İndirimli),ANKARA,VAKIF,0,29.0,0.0,0.0,0.0,0.0,470.61911,411.58195,93531.0,29.0,9.0,12.0,20.0,25.0,9.0,19.0,20.0,18.0,0.0,0.0,0.0,0.0,187.0,215.0,10.0,17.0,43.0,57.0,104.0,130.0,37.0,0,0.0,0.0,0.0,37.0,466.57244,0.0,0.0,0.0,0.0,0.0,0.0,0.0,0.0,0.0,0.0,0.0,0.0,84802,422.70779,37,0,0,0,0,387.45098876953125,96467,480.5899963378906,37,0
205410698,İç Mimarlık ve Çevre Tasarımı,TOBB EKONOMİ VE TEKNOLOJİ ÜNİVERSİTESİ,4,EŞİT AĞIRLIK,"18, 64, 268",13269.0,Mimarlık ve Tasarım Fakültesi,(Ücretli),ANKARA,VAKIF,0,33.0,0.0,0.0,0.0,0.0,348.17089,287.1188,503161.0,33.0,24.0,24.0,9.0,8.0,13.0,17.0,19.0,14.0,0.0,0.0,1.0,0.0,453.0,297.0,22.0,25.0,102.0,77.0,301.0,218.0,32.0,0,0.0,0.0,0.0,32.0,338.71479,0.0,0.0,0.0,0.0,0.0,0.0,0.0,0.0,1.0,0.0,0.0,0.0,727453,264.04542,30,0,0,0,0,278.2430114746094,521967,336.06500244140625,30,0
205410705,İç Mimarlık ve Çevre Tasarımı,TOBB EKONOMİ VE TEKNOLOJİ ÜNİVERSİTESİ,4,EŞİT AĞIRLIK,"18, 21, 64, 268",13270.0,Mimarlık ve Tasarım Fakültesi,(Burslu),ANKARA,VAKIF,0,6.0,0.0,0.0,0.0,0.0,435.00164,421.35918,25952.0,6.0,6.0,6.0,0.0,2.0,3.0,5.0,3.0,3.0,0.0,0.0,0.0,0.0,254.0,229.0,21.0,21.0,90.0,92.0,181.0,176.0,6.0,1,0.0,1.0,0.0,6.0,445.58478,0.0,0.0,1.0,370.829,0.0,0.0,1.0,284.0,0.0,0.0,0.0,1.0,12396,431.13115,6,0,1,0,1,440.97198486328125,6615,446.5140075683594,6,0
205410714,İç Mimarlık ve Çevre Tasarımı,TOBB EKONOMİ VE TEKNOLOJİ ÜNİVERSİTESİ,4,EŞİT AĞIRLIK,"18, 21, 64, 268",13271.0,Mimarlık ve Tasarım Fakültesi,(%50 İndirimli),ANKARA,VAKIF,0,4.0,0.0,0.0,0.0,0.0,374.97755,358.454,151207.0,4.0,3.0,8.0,1.0,2.0,1.0,7.0,2.0,2.0,1.0,0.0,0.0,1.0,366.0,220.0,42.0,15.0,105.0,64.0,267.0,170.0,10.0,0,0.0,0.0,0.0,10.0,395.94902,0.0,0.0,0.0,0.0,0.0,0.0,0.0,0.0,1.0,0.0,0.0,0.0,170883,347.17385,8,0,0,0,0,338.25299072265625,161675,414.1709899902344,8,0
205410892,Görsel İletişim Tasarımı,TOBB EKONOMİ VE TEKNOLOJİ ÜNİVERSİTESİ,4,SÖZEL,"18, 21, 64, 268",13267.0,Mimarlık ve Tasarım Fakültesi,(Burslu),ANKARA,VAKIF,0,6.0,0.0,0.0,0.0,0.0,471.50764,461.10794,1611.0,6.0,5.0,6.0,1.0,1.0,2.0,3.0,3.0,4.0,1.0,0.0,0.0,0.0,188.0,158.0,37.0,25.0,90.0,87.0,158.0,148.0,5.0,1,0.0,1.0,0.0,5.0,481.88452,0.0,0.0,1.0,416.7544,0.0,0.0,1.0,274.0,0.0,0.0,0.0,0.0,684,472.8005,5,0,1,0,1,490.2909851074219,466,512.9500122070312,5,0
205410908,Görsel İletişim Tasarımı,TOBB EKONOMİ VE TEKNOLOJİ ÜNİVERSİTESİ,4,SÖZEL,"18, 21, 64, 268",13268.0,Mimarlık ve Tasarım Fakültesi,(%50 İndirimli),ANKARA,VAKIF,0,22.0,0.0,0.0,0.0,0.0,438.2932,337.44012,152939.0,22.0,12.0,15.0,10.0,7.0,7.0,12.0,10.0,9.0,3.0,1.0,0.0,0.0,161.0,118.0,12.0,16.0,38.0,47.0,128.0,94.0,22.0,0,0.0,0.0,0.0,22.0,452.4685,0.0,0.0,0.0,0.0,0.0,0.0,0.0,0.0,1.0,0.0,0.0,0.0,144878,339.43049,22,0,0,0,0,313.177001953125,308765,480.2019958496094,22,0
205410962,Görsel İletişim Tasarımı,TOBB EKONOMİ VE TEKNOLOJİ ÜNİVERSİTESİ,4,SÖZEL,"18, 64, 268",13266.0,Mimarlık ve Tasarım Fakültesi,(Ücretli),ANKARA,VAKIF,0,15.0,0.0,0.0,0.0,0.0,332.06318,272.78141,580142.0,15.0,11.0,12.0,4.0,3.0,10.0,12.0,5.0,1.0,0.0,0.0,0.0,0.0,73.0,71.0,3.0,1.0,6.0,17.0,33.0,43.0,15.0,0,0.0,0.0,0.0,15.0,335.78986,0.0,0.0,0.0,0.0,0.0,0.0,0.0,0.0,2.0,0.0,0.0,0.0,941283,238.59033,15,0,0,0,0,237.83099365234375,988904,312.8030090332031,15,0
205410971,Psikoloji,TOBB EKONOMİ VE TEKNOLOJİ ÜNİVERSİTESİ,4,EŞİT AĞIRLIK,"18, 22, 24, 34, 64, 268",13234.0,Fen-Edebiyat Fakültesi,(Ücretli),ANKARA,VAKIF,0,35.0,0.0,0.0,0.0,0.0,383.19576,323.8639,276920.0,35.0,28.0,29.0,7.0,6.0,17.0,15.0,17.0,19.0,0.0,1.0,0.0,0.0,366.0,202.0,35.0,17.0,91.0,58.0,259.0,132.0,35.0,0,0.0,0.0,0.0,35.0,369.67483,0.0,0.0,0.0,0.0,0.0,0.0,0.0,0.0,4.0,0.0,0.0,0.0,369846,306.28452,35,0,0,0,0,305.70599365234375,313369,343.0069885253906,35,0
205410989,Psikoloji,TOBB EKONOMİ VE TEKNOLOJİ ÜNİVERSİTESİ,4,EŞİT AĞIRLIK,"18, 21, 22, 24, 34, 64, 268",13235.0,Fen-Edebiyat Fakültesi,(Burslu),ANKARA,VAKIF,0,10.0,0.0,0.0,0.0,0.0,494.79446,476.58761,3269.0,10.0,8.0,8.0,2.0,3.0,7.0,5.0,3.0,4.0,0.0,2.0,0.0,0.0,418.0,400.0,35.0,27.0,150.0,130.0,335.0,309.0,9.0,1,0.0,1.0,0.0,9.0,491.7189,0.0,0.0,1.0,481.90065,0.0,0.0,1.0,276.0,0.0,0.0,0.0,0.0,2134,482.66555,9,0,1,0,1,466.2980041503906,2274,518.6079711914062,9,0
205410998,Psikoloji,TOBB EKONOMİ VE TEKNOLOJİ ÜNİVERSİTESİ,4,EŞİT AĞIRLIK,"18, 21, 22, 24, 34, 64, 268",13236.0,Fen-Edebiyat Fakültesi,(%50 İndirimli),ANKARA,VAKIF,0,24.0,0.0,0.0,0.0,0.0,453.7149,374.77864,109253.0,24.0,19.0,22.0,5.0,2.0,10.0,15.0,13.0,8.0,1.0,1.0,0.0,0.0,354.0,367.0,41.0,55.0,96.0,120.0,258.0,277.0,24.0,0,0.0,0.0,0.0,24.0,461.56553,0.0,0.0,0.0,0.0,0.0,0.0,0.0,0.0,0.0,0.0,0.0,0.0,90263,376.24079,24,0,0,0,0,366.62298583984375,86278,443.9110107421875,24,0
205411015,Tıp,TOBB EKONOMİ VE TEKNOLOJİ ÜNİVERSİTESİ,6,SAYISAL,"18, 21, 22, 24, 34, 64, 155, 268",13303.0,Tıp Fakültesi,(Burslu),ANKARA,VAKIF,0,7.0,0.0,0.0,0.0,0.0,569.91669,544.51967,523.0,7.0,3.0,5.0,4.0,3.0,7.0,8.0,0.0,0.0,0.0,0.0,0.0,0.0,249.0,248.0,32.0,52.0,106.0,109.0,207.0,201.0,6.0,1,0.0,1.0,0.0,6.0,559.41544,0.0,0.0,1.0,548.12613,0.0,0.0,1.0,500.0,0.0,0.0,0.0,0.0,374,548.22817,7,0,1,0,1,543.6859741210938,537,548.1309814453125,7,0
205411024,Tıp,TOBB EKONOMİ VE TEKNOLOJİ ÜNİVERSİTESİ,6,SAYISAL,"18, 21, 22, 24, 34, 64, 155, 268",13304.0,Tıp Fakültesi,(%50 İndirimli),ANKARA,VAKIF,0,6.0,0.0,0.0,0.0,0.0,518.60405,510.71283,11153.0,6.0,2.0,4.0,4.0,2.0,5.0,5.0,1.0,1.0,0.0,0.0,0.0,0.0,131.0,116.0,9.0,12.0,27.0,31.0,81.0,76.0,6.0,0,0.0,0.0,0.0,6.0,529.91254,0.0,0.0,0.0,0.0,0.0,0.0,0.0,0.0,0.0,0.0,0.0,0.0,7853,520.21036,6,0,0,0,0,504.8869934082031,8734,534.7739868164062,6,0
205411033,Tıp,TOBB EKONOMİ VE TEKNOLOJİ ÜNİVERSİTESİ,6,SAYISAL,"18, 22, 24, 34, 64, 155, 268",13300.0,Tıp Fakültesi,(Ücretli),ANKARA,VAKIF,0,36.0,0.0,0.0,0.0,0.0,508.78377,477.07835,34011.0,36.0,23.0,25.0,13.0,11.0,23.0,18.0,13.0,18.0,0.0,0.0,0.0,0.0,253.0,176.0,18.0,10.0,51.0,37.0,142.0,107.0,36.0,0,0.0,0.0,0.0,36.0,513.03146,0.0,0.0,0.0,0.0,0.0,0.0,0.0,0.0,1.0,0.0,0.0,0.0,39666,471.11996,42,0,0,0,0,437.5849914550781,48037,503.8139953613281,42,0
205411078,Endüstriyel Tasarım,TOBB EKONOMİ VE TEKNOLOJİ ÜNİVERSİTESİ,4,SAYISAL,"18, 21, 22, 24, 34, 64, 268",13264.0,Mimarlık ve Tasarım Fakültesi,(Burslu),ANKARA,VAKIF,0,5.0,0.0,0.0,0.0,0.0,476.64005,465.46646,43495.0,5.0,3.0,3.0,2.0,2.0,0.0,4.0,5.0,1.0,0.0,0.0,0.0,0.0,287.0,251.0,15.0,27.0,119.0,106.0,224.0,194.0,4.0,1,0.0,1.0,0.0,4.0,481.85317,0.0,0.0,1.0,477.86216,0.0,0.0,0.0,0.0,0.0,1.0,0.0,0.0,32921,479.60999,5,0,1,0,1,455.53900146484375,34674,464.8739929199219,5,0
205411096,Endüstriyel Tasarım,TOBB EKONOMİ VE TEKNOLOJİ ÜNİVERSİTESİ,4,SAYISAL,"18, 21, 22, 24, 34, 64, 268",13265.0,Mimarlık ve Tasarım Fakültesi,(%50 İndirimli),ANKARA,VAKIF,0,26.0,0.0,0.0,0.0,0.0,463.1494,372.20427,140991.0,26.0,20.0,20.0,6.0,6.0,20.0,15.0,6.0,8.0,0.0,3.0,0.0,0.0,255.0,185.0,19.0,12.0,77.0,54.0,188.0,142.0,26.0,0,0.0,0.0,0.0,26.0,476.04967,0.0,0.0,0.0,0.0,0.0,0.0,0.0,0.0,2.0,0.0,0.0,0.0,121781,391.31118,27,0,0,0,0,345.8009948730469,155177,444.4280090332031,27,0
205411103,Siyaset Bilimi ve Uluslararası İlişkiler,TOBB EKONOMİ VE TEKNOLOJİ ÜNİVERSİTESİ,4,EŞİT AĞIRLIK,"18, 22, 24, 34, 64, 268",13254.0,İktisadi ve İdari Bilimler Fakültesi,(Ücretli),ANKARA,VAKIF,0,18.0,0.0,0.0,0.0,0.0,332.98858,312.59835,333781.0,18.0,6.0,6.0,12.0,17.0,13.0,12.0,2.0,10.0,2.0,1.0,1.0,0.0,138.0,95.0,4.0,6.0,17.0,13.0,83.0,50.0,23.0,0,0.0,0.0,0.0,23.0,465.67673,0.0,0.0,0.0,0.0,0.0,0.0,0.0,0.0,6.0,0.0,0.0,0.0,1618109,196.4034,23,0,0,0,0,262.4330139160156,682652,319.8030090332031,23,0
205411112,Siyaset Bilimi ve Uluslararası İlişkiler,TOBB EKONOMİ VE TEKNOLOJİ ÜNİVERSİTESİ,4,EŞİT AĞIRLIK,"18, 21, 22, 24, 34, 64, 268",13255.0,İktisadi ve İdari Bilimler Fakültesi,(Burslu),ANKARA,VAKIF,0,8.0,0.0,0.0,0.0,0.0,479.61539,472.06799,3894.0,8.0,1.0,2.0,7.0,6.0,4.0,5.0,4.0,3.0,0.0,0.0,0.0,0.0,229.0,273.0,13.0,17.0,43.0,71.0,163.0,186.0,7.0,1,0.0,1.0,0.0,7.0,506.53887,0.0,0.0,1.0,477.14392,0.0,0.0,0.0,0.0,0.0,1.0,0.0,0.0,2353,480.11511,7,0,1,0,1,469.9960021972656,1996,481.7359924316406,7,0
205411139,Siyaset Bilimi ve Uluslararası İlişkiler,TOBB EKONOMİ VE TEKNOLOJİ ÜNİVERSİTESİ,4,EŞİT AĞIRLIK,"18, 21, 22, 24, 34, 64, 268",13256.0,İktisadi ve İdari Bilimler Fakültesi,(%50 İndirimli),ANKARA,VAKIF,0,30.0,0.0,0.0,0.0,0.0,421.50889,341.93471,203162.0,30.0,13.0,15.0,17.0,10.0,12.0,9.0,16.0,15.0,1.0,1.0,0.0,0.0,312.0,249.0,19.0,22.0,73.0,71.0,205.0,184.0,25.0,0,0.0,0.0,0.0,25.0,455.28627,0.0,0.0,0.0,0.0,0.0,0.0,0.0,0.0,0.0,0.0,0.0,0.0,174510,346.13817,25,0,0,0,0,338.85198974609375,159729,385.5409851074219,25,0
205490113,Yapay Zeka Mühendisliği,TOBB EKONOMİ VE TEKNOLOJİ ÜNİVERSİTESİ,4,SAYISAL,"18, 21, 22, 23, 24, 64, 144, 268",13297.0,Mühendislik Fakültesi,(İngilizce) (Burslu),ANKARA,VAKIF,0,10.0,0.0,0.0,0.0,0.0,538.57255,533.35584,2291.0,10.0,1.0,3.0,9.0,8.0,7.0,1.0,2.0,2.0,1.0,0.0,0.0,0.0,348.0,493.0,30.0,42.0,111.0,150.0,274.0,382.0,9.0,1,0.0,1.0,0.0,9.0,540.91974,0.0,0.0,1.0,536.10771,0.0,0.0,1.0,418.0,0.0,0.0,0.0,0.0,1839,538.40517,9,0,1,0,1,528.9450073242188,2475,537.6680297851562,9,0
205490114,İngiliz Dili ve Edebiyatı,TOBB EKONOMİ VE TEKNOLOJİ ÜNİVERSİTESİ,4,DİL,"18, 22, 23, 24, 64, 268",13231.0,Fen-Edebiyat Fakültesi,(İngilizce) (Ücretli),ANKARA,VAKIF,0,5.0,0.0,0.0,0.0,0.0,345.98172,317.71246,55175.0,5.0,1.0,5.0,4.0,2.0,3.0,3.0,1.0,3.0,1.0,0.0,0.0,1.0,81.0,54.0,0.0,4.0,6.0,12.0,37.0,32.0,7.0,0,0.0,0.0,0.0,7.0,344.57506,0.0,0.0,0.0,0.0,0.0,0.0,0.0,0.0,3.0,0.0,0.0,0.0,74941,298.93482,7,0,0,0,0,249.14300537109375,104387,460.4020080566406,7,0
205490115,Endüstriyel Tasarım,TOBB EKONOMİ VE TEKNOLOJİ ÜNİVERSİTESİ,4,SAYISAL,"18, 22, 24, 34, 64, 268",13263.0,Mimarlık ve Tasarım Fakültesi,(Ücretli),ANKARA,VAKIF,0,5.0,0.0,0.0,0.0,0.0,365.7662,345.22435,184579.0,5.0,4.0,2.0,1.0,3.0,4.0,3.0,1.0,2.0,0.0,0.0,0.0,0.0,136.0,72.0,9.0,5.0,33.0,16.0,101.0,46.0,5.0,0,0.0,0.0,0.0,5.0,386.19996,0.0,0.0,0.0,0.0,0.0,0.0,0.0,0.0,1.0,0.0,0.0,0.0,184183,352.27013,10,0,0,0,0,233.90199279785156,698266,295.8290100097656,10,0
205490116,Yapay Zeka Mühendisliği,TOBB EKONOMİ VE TEKNOLOJİ ÜNİVERSİTESİ,4,SAYISAL,"18, 22, 23, 24, 64, 144, 268",13296.0,Mühendislik Fakültesi,(İngilizce) (Ücretli),ANKARA,VAKIF,0,10.0,0.0,0.0,0.0,0.0,499.2972,484.53413,28292.0,10.0,1.0,2.0,9.0,8.0,6.0,6.0,4.0,4.0,0.0,0.0,0.0,0.0,134.0,91.0,5.0,5.0,29.0,23.0,94.0,70.0,10.0,0,0.0,0.0,0.0,10.0,500.37856,0.0,0.0,0.0,0.0,0.0,0.0,0.0,0.0,1.0,0.0,0.0,0.0,32165,480.56706,10,0,0,0,0,390.57501220703125,92828,476.42999267578125,10,0
205490117,Yapay Zeka Mühendisliği,TOBB EKONOMİ VE TEKNOLOJİ ÜNİVERSİTESİ,4,SAYISAL,"18, 21, 22, 23, 24, 64, 144, 268",13298.0,Mühendislik Fakültesi,(İngilizce) (%50 İndirimli),ANKARA,VAKIF,0,10.0,0.0,0.0,0.0,0.0,525.10145,515.95439,8482.0,10.0,4.0,1.0,6.0,9.0,7.0,7.0,3.0,3.0,0.0,0.0,0.0,0.0,165.0,129.0,8.0,4.0,33.0,37.0,117.0,98.0,10.0,0,0.0,0.0,0.0,10.0,538.17995,0.0,0.0,0.0,0.0,0.0,0.0,0.0,0.0,0.0,0.0,0.0,0.0,6897,522.43031,10,0,0,0,0,478.4179992675781,20533,511.7489929199219,10,0
205710517,İşletme,TÜRK HAVA KURUMU ÜNİVERSİTESİ,4,EŞİT AĞIRLIK,"18, 21, 22, 23, 24, 64, 123",13354.0,İşletme Fakültesi,(İngilizce) (Burslu),ANKARA,VAKIF,0,3.0,0.0,0.0,0.0,0.0,357.98407,342.57345,200933.0,3.0,1.0,3.0,2.0,1.0,2.0,0.0,1.0,3.0,0.0,1.0,0.0,0.0,181.0,185.0,10.0,8.0,22.0,25.0,86.0,107.0,3.0,1,0.0,0.0,0.0,3.0,384.51245,0.0,0.0,1.0,348.86427,0.0,0.0,0.0,0.0,0.0,0.0,0.0,0.0,130290,360.1926,4,0,1,0,1,352.6130065917969,119213,369.9540100097656,4,0
205710526,İşletme,TÜRK HAVA KURUMU ÜNİVERSİTESİ,4,EŞİT AĞIRLIK,"18, 21, 22, 23, 24, 64, 123",13355.0,İşletme Fakültesi,(İngilizce) (%50 İndirimli),ANKARA,VAKIF,0,16.0,0.0,0.0,0.0,0.0,308.50291,255.8125,807868.0,16.0,6.0,8.0,10.0,8.0,6.0,4.0,10.0,11.0,0.0,1.0,0.0,0.0,182.0,273.0,3.0,9.0,13.0,47.0,79.0,157.0,16.0,0,0.0,0.0,0.0,16.0,306.36945,0.0,0.0,0.0,0.0,0.0,0.0,0.0,0.0,1.0,0.0,0.0,0.0,652764,271.37361,30,0,0,0,0,197.0019989013672,1544101,282.14599609375,15,0
205710535,Pilotaj,TÜRK HAVA KURUMU ÜNİVERSİTESİ,4,SAYISAL,"10, 18, 22, 23, 24, 64, 123, 186",13341.0,Hava Ulaştırma Fakültesi,(İngilizce) (Ücretli),ANKARA,VAKIF,0,31.0,0.0,0.0,0.0,0.0,420.87634,262.13311,447063.0,31.0,6.0,11.0,25.0,20.0,10.0,9.0,18.0,20.0,1.0,2.0,2.0,0.0,281.0,399.0,70.0,121.0,139.0,222.0,230.0,359.0,31.0,0,0.0,0.0,0.0,31.0,482.58314,0.0,0.0,0.0,0.0,0.0,0.0,0.0,0.0,4.0,0.0,0.0,0.0,255210,322.08784,14,0,0,0,0,311.8030090332031,229767,466.8819885253906,14,0
205710544,Pilotaj,TÜRK HAVA KURUMU ÜNİVERSİTESİ,4,SAYISAL,"10, 18, 21, 22, 23, 24, 64, 123, 186",13342.0,Hava Ulaştırma Fakültesi,(İngilizce) (Burslu),ANKARA,VAKIF,0,5.0,0.0,0.0,0.0,0.0,524.37172,520.895,6305.0,5.0,2.0,3.0,3.0,3.0,2.0,4.0,3.0,1.0,0.0,1.0,0.0,0.0,488.0,556.0,71.0,110.0,211.0,261.0,404.0,466.0,4.0,1,0.0,1.0,0.0,4.0,539.26401,0.0,0.0,1.0,526.16909,0.0,0.0,1.0,436.0,0.0,0.0,0.0,0.0,4679,528.35101,2,0,0,0,1,528.7789916992188,2507,528.8579711914062,2,0
205710553,Uçak Mühendisliği,TÜRK HAVA KURUMU ÜNİVERSİTESİ,4,SAYISAL,"18, 21, 22, 23, 24, 64, 123, 144",13345.0,Havacılık ve Uzay Bilimleri Fakültesi,(İngilizce) (Burslu),ANKARA,VAKIF,0,9.0,0.0,0.0,0.0,0.0,515.17696,507.44173,12958.0,9.0,1.0,6.0,8.0,4.0,4.0,8.0,5.0,2.0,0.0,0.0,0.0,0.0,440.0,560.0,71.0,81.0,183.0,222.0,329.0,411.0,8.0,1,0.0,1.0,0.0,8.0,526.76894,0.0,0.0,1.0,510.12112,0.0,0.0,1.0,345.0,0.0,0.0,0.0,0.0,10897,513.57005,9,0,1,0,1,499.35400390625,10778,505.8380126953125,9,0
205710571,Uzay Mühendisliği,TÜRK HAVA KURUMU ÜNİVERSİTESİ,4,SAYISAL,"18, 21, 22, 23, 24, 64, 123, 144",13347.0,Havacılık ve Uzay Bilimleri Fakültesi,(İngilizce) (Burslu),ANKARA,VAKIF,0,8.0,0.0,0.0,0.0,0.0,503.40797,488.28282,25548.0,8.0,5.0,2.0,3.0,6.0,2.0,7.0,6.0,1.0,0.0,0.0,0.0,0.0,133.0,193.0,9.0,25.0,35.0,55.0,84.0,132.0,7.0,1,0.0,1.0,0.0,7.0,514.5076,0.0,0.0,1.0,479.26136,0.0,0.0,0.0,0.0,0.0,1.0,0.0,0.0,27052,487.42318,9,0,1,0,1,455.5060119628906,34697,470.5260009765625,9,0
205710589,Uzay Mühendisliği,TÜRK HAVA KURUMU ÜNİVERSİTESİ,4,SAYISAL,"18, 21, 22, 23, 24, 64, 123, 144",13348.0,Havacılık ve Uzay Bilimleri Fakültesi,(İngilizce) (%50 İndirimli),ANKARA,VAKIF,0,48.0,0.0,0.0,0.0,0.0,461.11331,309.03895,267066.0,48.0,28.0,20.0,20.0,17.0,16.0,17.0,27.0,19.0,3.0,0.0,0.0,0.0,145.0,212.0,16.0,25.0,33.0,63.0,74.0,144.0,37.0,0,0.0,0.0,0.0,37.0,450.01968,0.0,0.0,0.0,0.0,0.0,0.0,0.0,0.0,1.0,0.0,0.0,0.0,217425,336.78026,44,0,0,0,0,293.28399658203125,288292,431.6319885253906,44,0
205710598,Lojistik Yönetimi,TÜRK HAVA KURUMU ÜNİVERSİTESİ,4,EŞİT AĞIRLIK,"18, 21, 22, 23, 24, 64, 123",13356.0,İşletme Fakültesi,(İngilizce) (Burslu),ANKARA,VAKIF,0,3.0,0.0,0.0,0.0,0.0,368.78741,357.88688,152861.0,3.0,2.0,3.0,1.0,1.0,2.0,0.0,0.0,2.0,0.0,0.0,1.0,2.0,135.0,121.0,13.0,7.0,35.0,28.0,88.0,77.0,3.0,1,0.0,0.0,0.0,3.0,368.88045,0.0,0.0,1.0,336.24568,0.0,0.0,0.0,0.0,0.0,0.0,0.0,0.0,122617,362.98343,4,0,1,0,1,355.3349914550781,112142,366.8810119628906,4,0
205710605,Lojistik Yönetimi,TÜRK HAVA KURUMU ÜNİVERSİTESİ,4,EŞİT AĞIRLIK,"18, 21, 22, 23, 24, 64, 123",13357.0,İşletme Fakültesi,(İngilizce) (%50 İndirimli),ANKARA,VAKIF,0,16.0,0.0,0.0,0.0,0.0,326.50316,261.00613,749163.0,16.0,3.0,5.0,13.0,11.0,7.0,7.0,8.0,9.0,1.0,0.0,0.0,0.0,152.0,215.0,1.0,6.0,32.0,48.0,76.0,144.0,16.0,0,0.0,0.0,0.0,16.0,312.39185,0.0,0.0,0.0,0.0,0.0,0.0,0.0,0.0,1.0,0.0,0.0,0.0,528160,285.06027,29,0,0,0,0,213.69000244140625,1335231,299.5880126953125,15,0
205710614,Bilgisayar Mühendisliği,TÜRK HAVA KURUMU ÜNİVERSİTESİ,4,SAYISAL,"18, 21, 22, 23, 24, 64, 123, 144",13362.0,Mühendislik Fakültesi,(İngilizce) (Burslu),ANKARA,VAKIF,0,15.0,0.0,0.0,0.0,0.0,487.83914,466.16671,42869.0,15.0,5.0,4.0,10.0,9.0,6.0,6.0,9.0,6.0,0.0,1.0,0.0,0.0,862.0,740.0,44.0,48.0,127.0,143.0,455.0,432.0,10.0,1,0.0,2.0,0.0,10.0,489.81365,0.0,0.0,1.0,468.22834,0.0,0.0,2.0,351.0,0.0,0.0,0.0,0.0,32036,480.71967,12,0,2,0,1,445.3290100097656,42044,455.3840026855469,12,0
205710623,Bilgisayar Mühendisliği,TÜRK HAVA KURUMU ÜNİVERSİTESİ,4,SAYISAL,"18, 21, 22, 23, 24, 64, 123, 144",13363.0,Mühendislik Fakültesi,(İngilizce) (%50 İndirimli),ANKARA,VAKIF,0,71.0,0.0,0.0,0.0,0.0,464.01363,363.33394,154072.0,71.0,26.0,20.0,45.0,42.0,28.0,12.0,39.0,48.0,4.0,1.0,0.0,1.0,1002.0,970.0,53.0,74.0,195.0,278.0,603.0,671.0,62.0,0,0.0,0.0,0.0,62.0,445.73377,0.0,0.0,0.0,0.0,0.0,0.0,0.0,0.0,1.0,0.0,0.0,0.0,115839,395.91252,67,0,0,0,0,297.4010009765625,273870,420.3399963378906,38,0
205710632,Elektrik-Elektronik Mühendisliği,TÜRK HAVA KURUMU ÜNİVERSİTESİ,4,SAYISAL,"18, 21, 22, 23, 24, 64, 123, 144",13364.0,Mühendislik Fakültesi,(İngilizce) (Burslu),ANKARA,VAKIF,0,12.0,0.0,0.0,0.0,0.0,461.44499,449.17827,57312.0,12.0,1.0,4.0,11.0,7.0,5.0,5.0,7.0,6.0,0.0,0.0,0.0,0.0,314.0,440.0,4.0,11.0,25.0,59.0,118.0,217.0,10.0,1,0.0,2.0,0.0,10.0,480.09227,0.0,0.0,1.0,453.99991,0.0,0.0,0.0,0.0,0.0,2.0,0.0,0.0,48061,461.40359,10,0,2,0,1,429.24798583984375,54931,437.2590026855469,10,0
205710641,Elektrik-Elektronik Mühendisliği,TÜRK HAVA KURUMU ÜNİVERSİTESİ,4,SAYISAL,"18, 21, 22, 23, 24, 64, 123, 144",13365.0,Mühendislik Fakültesi,(İngilizce) (%50 İndirimli),ANKARA,VAKIF,0,70.0,0.0,0.0,0.0,0.0,409.33192,309.49736,265815.0,70.0,23.0,24.0,47.0,46.0,17.0,19.0,49.0,50.0,4.0,1.0,0.0,0.0,291.0,668.0,5.0,28.0,31.0,123.0,127.0,398.0,70.0,0,0.0,0.0,0.0,70.0,451.14029,0.0,0.0,0.0,0.0,0.0,0.0,0.0,0.0,2.0,0.0,0.0,0.0,185089,351.81422,71,0,0,0,0,295.4339904785156,280697,391.5799865722656,22,0
205710711,Makine Mühendisliği,TÜRK HAVA KURUMU ÜNİVERSİTESİ,4,SAYISAL,"18, 21, 22, 23, 24, 64, 123, 144",13368.0,Mühendislik Fakültesi,(İngilizce) (Burslu),ANKARA,VAKIF,0,8.0,0.0,0.0,0.0,0.0,443.86595,440.68365,64975.0,8.0,3.0,0.0,5.0,5.0,3.0,3.0,5.0,2.0,0.0,0.0,0.0,0.0,199.0,242.0,4.0,6.0,17.0,21.0,105.0,107.0,4.0,1,0.0,1.0,0.0,4.0,472.90941,0.0,0.0,1.0,445.42342,0.0,0.0,0.0,0.0,0.0,1.0,0.0,0.0,55445,452.90271,6,0,1,0,1,423.8489990234375,59670,440.9119873046875,6,0
205710729,Makine Mühendisliği,TÜRK HAVA KURUMU ÜNİVERSİTESİ,4,SAYISAL,"18, 21, 22, 23, 24, 64, 123, 144",13369.0,Mühendislik Fakültesi,(İngilizce) (%50 İndirimli),ANKARA,VAKIF,0,26.0,0.0,0.0,0.0,0.0,394.10929,305.89036,275964.0,26.0,7.0,10.0,19.0,19.0,8.0,10.0,17.0,18.0,1.0,0.0,0.0,1.0,126.0,355.0,1.0,8.0,14.0,46.0,62.0,183.0,29.0,0,0.0,0.0,0.0,29.0,407.10719,0.0,0.0,0.0,0.0,0.0,0.0,0.0,0.0,1.0,0.0,0.0,0.0,231153,331.15604,38,0,0,0,0,290.6990051269531,297905,313.4809875488281,7,0
205710738,Endüstri Mühendisliği,TÜRK HAVA KURUMU ÜNİVERSİTESİ,4,SAYISAL,"18, 21, 22, 23, 24, 64, 123, 144",13366.0,Mühendislik Fakültesi,(İngilizce) (Burslu),ANKARA,VAKIF,0,5.0,0.0,0.0,0.0,0.0,453.74321,444.89074,61131.0,5.0,3.0,4.0,2.0,2.0,3.0,4.0,2.0,2.0,0.0,0.0,0.0,0.0,225.0,332.0,6.0,14.0,20.0,38.0,106.0,157.0,5.0,1,0.0,1.0,0.0,5.0,463.74081,0.0,0.0,1.0,452.86263,0.0,0.0,0.0,0.0,0.0,1.0,0.0,0.0,54967,453.42912,7,0,1,0,1,421.3160095214844,61896,438.9750061035156,7,0
205710747,Endüstri Mühendisliği,TÜRK HAVA KURUMU ÜNİVERSİTESİ,4,SAYISAL,"18, 21, 22, 23, 24, 64, 123, 144",13367.0,Mühendislik Fakültesi,(İngilizce) (%50 İndirimli),ANKARA,VAKIF,0,33.0,0.0,0.0,0.0,0.0,405.07998,312.99384,256205.0,33.0,25.0,22.0,8.0,12.0,10.0,9.0,23.0,24.0,0.0,0.0,0.0,1.0,230.0,439.0,3.0,14.0,19.0,59.0,88.0,243.0,34.0,0,0.0,0.0,0.0,34.0,432.16367,0.0,0.0,0.0,0.0,0.0,0.0,0.0,0.0,3.0,0.0,0.0,0.0,199290,344.888,42,0,0,0,0,290.9320068359375,296975,329.510009765625,16,0
205710835,Bilgisayar Mühendisliği,TÜRK HAVA KURUMU ÜNİVERSİTESİ,4,SAYISAL,"18, 22, 23, 24, 64, 123, 144",13361.0,Mühendislik Fakültesi,(İngilizce) (Ücretli),ANKARA,VAKIF,0,14.0,0.0,0.0,0.0,0.0,359.43717,329.57728,216285.0,14.0,3.0,5.0,11.0,1.0,6.0,1.0,8.0,4.0,0.0,1.0,0.0,0.0,151.0,229.0,1.0,3.0,11.0,34.0,60.0,134.0,6.0,0,0.0,0.0,0.0,6.0,392.98665,0.0,0.0,0.0,0.0,0.0,0.0,0.0,0.0,3.0,0.0,0.0,0.0,129715,385.49272,9,0,0,0,0,0.0,0,0.0,0,0
205710923,Havacılık Yönetimi,TÜRK HAVA KURUMU ÜNİVERSİTESİ,4,EŞİT AĞIRLIK,"10, 18, 21, 22, 23, 24, 64, 123",13350.0,İşletme Fakültesi,(İngilizce) (Burslu),ANKARA,VAKIF,0,7.0,0.0,0.0,0.0,0.0,392.92908,377.22247,103635.0,7.0,1.0,4.0,6.0,4.0,4.0,1.0,2.0,5.0,0.0,2.0,1.0,0.0,399.0,378.0,108.0,89.0,180.0,140.0,282.0,266.0,7.0,1,0.0,1.0,0.0,7.0,434.75561,0.0,0.0,1.0,380.9312,0.0,0.0,0.0,0.0,1.0,1.0,0.0,0.0,69140,386.22593,8,0,1,0,1,381.7770080566406,58892,392.8710021972656,8,0
205710941,Havacılık Yönetimi,TÜRK HAVA KURUMU ÜNİVERSİTESİ,4,EŞİT AĞIRLIK,"10, 18, 21, 22, 23, 24, 64, 123",13353.0,İşletme Fakültesi,(İngilizce) (%50 İndirimli),ANKARA,VAKIF,0,43.0,0.0,0.0,0.0,0.0,366.35707,287.36595,501177.0,43.0,27.0,25.0,16.0,17.0,15.0,15.0,23.0,26.0,3.0,1.0,2.0,0.0,441.0,404.0,48.0,64.0,127.0,142.0,275.0,295.0,42.0,0,0.0,0.0,0.0,42.0,373.07967,0.0,0.0,0.0,0.0,0.0,0.0,0.0,0.0,2.0,0.0,0.0,0.0,412353,300.02231,51,0,0,0,0,268.6260070800781,615922,369.54998779296875,51,0
205750013,Sivil Havacılık Kabin Hizmetleri,TÜRK HAVA KURUMU ÜNİVERSİTESİ,2,TYT,"10, 18, 64, 123",25161.0,İzmir Havacılık Meslek Yüksekokulu,(Ücretli),ANKARA,VAKIF,1,26.0,0.0,0.0,0.0,0.0,347.75897,247.19146,1564838.0,26.0,20.0,15.0,6.0,11.0,13.0,14.0,9.0,12.0,3.0,0.0,0.0,0.0,143.0,247.0,8.0,29.0,44.0,104.0,103.0,184.0,26.0,0,0.0,0.0,0.0,26.0,326.7368,0.0,0.0,0.0,0.0,0.0,0.0,0.0,0.0,8.0,0.0,0.0,0.0,1228880,274.13221,28,0,0,0,0,246.3979949951172,1715768,307.5400085449219,28,0
205750022,Sivil Havacılık Kabin Hizmetleri,TÜRK HAVA KURUMU ÜNİVERSİTESİ,2,TYT,"10, 18, 21, 64, 123",25162.0,İzmir Havacılık Meslek Yüksekokulu,(Burslu),ANKARA,VAKIF,1,6.0,0.0,0.0,0.0,0.0,419.90377,366.10016,312540.0,6.0,4.0,6.0,2.0,2.0,3.0,2.0,2.0,5.0,0.0,0.0,1.0,1.0,402.0,421.0,53.0,72.0,156.0,168.0,276.0,304.0,6.0,1,0.0,1.0,0.0,6.0,403.78935,0.0,0.0,1.0,362.61359,0.0,0.0,1.0,258.0,0.0,1.0,0.0,0.0,260012,381.49793,7,0,1,0,1,381.2659912109375,255732,411.625,7,0
205750031,Uçak Teknolojisi,TÜRK HAVA KURUMU ÜNİVERSİTESİ,2,TYT,"10, 18, 64, 123",25164.0,İzmir Havacılık Meslek Yüksekokulu,(Ücretli),ANKARA,VAKIF,1,51.0,0.0,0.0,0.0,0.0,352.29949,261.26493,1282305.0,51.0,4.0,6.0,47.0,41.0,22.0,20.0,21.0,22.0,6.0,1.0,2.0,0.0,220.0,300.0,24.0,43.0,68.0,127.0,145.0,238.0,47.0,0,0.0,0.0,0.0,47.0,360.91441,0.0,0.0,0.0,0.0,0.0,0.0,0.0,0.0,6.0,0.0,0.0,0.0,1076995,284.85355,55,0,0,0,0,260.0140075683594,1481636,343.0660095214844,55,0
205750049,Uçak Teknolojisi,TÜRK HAVA KURUMU ÜNİVERSİTESİ,2,TYT,"10, 18, 21, 64, 123",25165.0,İzmir Havacılık Meslek Yüksekokulu,(Burslu),ANKARA,VAKIF,1,9.0,0.0,0.0,0.0,0.0,471.57451,385.97234,217513.0,9.0,2.0,2.0,7.0,6.0,4.0,1.0,3.0,7.0,1.0,0.0,1.0,0.0,546.0,398.0,83.0,49.0,211.0,154.0,386.0,291.0,7.0,1,0.0,1.0,0.0,7.0,414.15782,0.0,0.0,1.0,376.05732,0.0,0.0,0.0,0.0,2.0,1.0,0.0,0.0,212889,394.05802,9,0,1,0,1,385.8840026855469,238063,405.2179870605469,9,0
205750058,Sivil Havacılık Kabin Hizmetleri,TÜRK HAVA KURUMU ÜNİVERSİTESİ,2,TYT,"10, 18, 64, 123",25148.0,Ankara Havacılık Meslek Yüksekokulu,(Ücretli),ANKARA,VAKIF,1,63.0,0.0,0.0,0.0,0.0,355.87631,251.34432,1488263.0,63.0,39.0,44.0,24.0,16.0,20.0,15.0,33.0,39.0,5.0,4.0,2.0,0.0,321.0,383.0,37.0,53.0,103.0,158.0,188.0,281.0,60.0,0,0.0,0.0,0.0,60.0,376.0529,0.0,0.0,0.0,0.0,0.0,0.0,0.0,0.0,12.0,0.0,0.0,0.0,1124807,281.38698,65,0,0,0,0,237.093994140625,1881778,352.72900390625,65,0
205750067,Sivil Havacılık Kabin Hizmetleri,TÜRK HAVA KURUMU ÜNİVERSİTESİ,2,TYT,"10, 18, 21, 64, 123",25149.0,Ankara Havacılık Meslek Yüksekokulu,(Burslu),ANKARA,VAKIF,1,11.0,0.0,0.0,0.0,0.0,411.04426,366.73746,309518.0,11.0,7.0,9.0,4.0,2.0,4.0,3.0,1.0,5.0,4.0,2.0,2.0,1.0,828.0,639.0,175.0,146.0,331.0,270.0,566.0,475.0,10.0,1,0.0,1.0,0.0,10.0,408.21289,0.0,0.0,1.0,366.48212,0.0,0.0,0.0,0.0,2.0,1.0,0.0,0.0,250070,383.92869,9,0,2,0,1,390.3349914550781,222264,425.0589904785156,9,0
205750094,Uçak Teknolojisi,TÜRK HAVA KURUMU ÜNİVERSİTESİ,2,TYT,"10, 18, 64, 123",25150.0,Ankara Havacılık Meslek Yüksekokulu,(Ücretli),ANKARA,VAKIF,1,60.0,0.0,0.0,0.0,0.0,397.93889,292.59095,877620.0,60.0,7.0,11.0,53.0,49.0,23.0,17.0,31.0,41.0,5.0,1.0,0.0,0.0,456.0,556.0,57.0,120.0,152.0,239.0,333.0,451.0,60.0,0,0.0,0.0,0.0,60.0,397.19822,0.0,0.0,0.0,0.0,0.0,0.0,0.0,0.0,10.0,0.0,0.0,0.0,687039,317.86051,68,0,0,0,0,297.1000061035156,920612,416.09600830078125,68,0
205750101,Uçak Teknolojisi,TÜRK HAVA KURUMU ÜNİVERSİTESİ,2,TYT,"10, 18, 21, 64, 123",25151.0,Ankara Havacılık Meslek Yüksekokulu,(Burslu),ANKARA,VAKIF,1,10.0,0.0,0.0,0.0,0.0,472.264,411.71738,156187.0,10.0,0.0,3.0,10.0,9.0,4.0,3.0,4.0,6.0,2.0,3.0,0.0,0.0,965.0,780.0,275.0,219.0,479.0,365.0,747.0,596.0,10.0,1,0.0,1.0,0.0,10.0,433.14663,0.0,0.0,1.0,384.53221,0.0,0.0,1.0,380.0,4.0,0.0,0.0,0.0,171732,407.44289,10,0,2,0,1,423.0140075683594,132834,485.2929992675781,10,0
205750128,Sivil Hava Ulaştırma İşletmeciliği,TÜRK HAVA KURUMU ÜNİVERSİTESİ,2,TYT,"10, 18, 21, 64, 123",25146.0,Ankara Havacılık Meslek Yüksekokulu,(Burslu),ANKARA,VAKIF,1,6.0,0.0,0.0,0.0,0.0,361.95352,352.78095,379121.0,6.0,2.0,3.0,4.0,6.0,2.0,2.0,4.0,7.0,0.0,0.0,0.0,0.0,348.0,380.0,31.0,52.0,94.0,126.0,210.0,252.0,7.0,1,0.0,1.0,0.0,7.0,378.72873,0.0,0.0,1.0,344.2175,0.0,0.0,1.0,229.0,0.0,0.0,0.0,0.0,361435,360.41071,9,0,1,0,1,362.62799072265625,340024,409.6730041503906,9,0
205750148,Uçak Mühendisliği,TÜRK HAVA KURUMU ÜNİVERSİTESİ,4,SAYISAL,"18, 22, 23, 24, 64, 123, 144",13344.0,Havacılık ve Uzay Bilimleri Fakültesi,(İngilizce) (Ücretli),ANKARA,VAKIF,0,54.0,0.0,0.0,0.0,0.0,464.67969,304.04818,281421.0,54.0,17.0,18.0,37.0,36.0,18.0,21.0,36.0,32.0,0.0,0.0,0.0,0.0,124.0,261.0,28.0,52.0,47.0,100.0,82.0,183.0,54.0,0,0.0,0.0,0.0,54.0,464.56485,0.0,0.0,0.0,0.0,0.0,0.0,0.0,0.0,3.0,0.0,0.0,0.0,216942,336.98758,59,0,0,0,0,290.1830139160156,299886,398.50201416015625,30,0
205750150,Sivil Havacılık Kabin Hizmetleri,TÜRK HAVA KURUMU ÜNİVERSİTESİ,2,TYT,"10, 18, 21, 64, 123",25163.0,İzmir Havacılık Meslek Yüksekokulu,(%50 İndirimli),ANKARA,VAKIF,1,10.0,0.0,0.0,0.0,0.0,364.66258,318.20087,611968.0,10.0,10.0,8.0,0.0,4.0,5.0,6.0,4.0,6.0,1.0,0.0,0.0,0.0,283.0,256.0,14.0,25.0,82.0,87.0,192.0,192.0,12.0,0,0.0,0.0,0.0,12.0,351.92975,0.0,0.0,0.0,0.0,0.0,0.0,0.0,0.0,2.0,0.0,0.0,0.0,603595,326.7424,19,0,0,0,0,318.07501220703125,674041,356.95098876953125,19,0
205750151,Hava Lojistiği,TÜRK HAVA KURUMU ÜNİVERSİTESİ,2,TYT,"18, 64, 123",25141.0,Ankara Havacılık Meslek Yüksekokulu,(Ücretli),ANKARA,VAKIF,1,,,,,,,,,,,,,,,,,,,,,,,,,,,,,,,,,,,,,,,,,,,,,,,,,0,0.0,9,0,0,0,0,216.19200134277344,2266260,273.5010070800781,9,0
205750152,Hava Lojistiği,TÜRK HAVA KURUMU ÜNİVERSİTESİ,2,TYT,"18, 21, 64, 123",25142.0,Ankara Havacılık Meslek Yüksekokulu,(Burslu),ANKARA,VAKIF,1,4.0,0.0,0.0,0.0,0.0,420.24771,347.49896,409325.0,4.0,0.0,2.0,4.0,3.0,0.0,0.0,3.0,4.0,0.0,1.0,1.0,0.0,552.0,294.0,58.0,21.0,145.0,66.0,338.0,175.0,4.0,1,0.0,1.0,0.0,4.0,367.87087,0.0,0.0,1.0,296.15121,0.0,0.0,0.0,0.0,0.0,1.0,0.0,0.0,374393,358.16792,7,0,1,0,1,360.0220031738281,353753,399.1830139160156,7,0
205750153,Hava Lojistiği,TÜRK HAVA KURUMU ÜNİVERSİTESİ,2,TYT,"18, 64, 123",25155.0,İzmir Havacılık Meslek Yüksekokulu,(Ücretli),ANKARA,VAKIF,1,,,,,,,,,,,,,,,,,,,,,,,,,,,,,,,,,,,,,,,,,,,,,,,,,0,0.0,16,0,0,0,0,189.0540008544922,2670918,246.55599975585938,16,0
205750154,Hava Lojistiği,TÜRK HAVA KURUMU ÜNİVERSİTESİ,2,TYT,"18, 21, 64, 123",25156.0,İzmir Havacılık Meslek Yüksekokulu,(Burslu),ANKARA,VAKIF,1,3.0,0.0,0.0,0.0,0.0,367.98303,343.08981,436319.0,3.0,0.0,1.0,3.0,3.0,1.0,0.0,0.0,3.0,2.0,1.0,0.0,0.0,165.0,138.0,10.0,8.0,37.0,22.0,92.0,67.0,3.0,1,0.0,1.0,0.0,3.0,362.31204,0.0,0.0,1.0,218.82699,0.0,0.0,0.0,0.0,1.0,1.0,0.0,0.0,452280,345.92114,5,0,1,0,1,338.5840148925781,491295,365.2279968261719,5,0
205750155,Sivil Hava Ulaştırma İşletmeciliği,TÜRK HAVA KURUMU ÜNİVERSİTESİ,2,TYT,"10, 18, 64, 123",25158.0,İzmir Havacılık Meslek Yüksekokulu,(Ücretli),ANKARA,VAKIF,1,,,,,,,,,,,,,,,,,,,,,,,,,,,,,,,,,,,,,,,,,,,,,,,,,0,0.0,14,0,0,0,0,209.78199768066406,2381035,258.2560119628906,14,0
205750156,Sivil Hava Ulaştırma İşletmeciliği,TÜRK HAVA KURUMU ÜNİVERSİTESİ,2,TYT,"10, 18, 21, 64, 123",25159.0,İzmir Havacılık Meslek Yüksekokulu,(Burslu),ANKARA,VAKIF,1,3.0,0.0,0.0,0.0,0.0,341.18079,336.74859,478067.0,3.0,0.0,4.0,3.0,1.0,2.0,2.0,0.0,1.0,0.0,0.0,1.0,0.0,197.0,126.0,12.0,6.0,43.0,27.0,110.0,78.0,4.0,1,0.0,0.0,0.0,4.0,342.31137,0.0,0.0,1.0,323.51201,0.0,0.0,0.0,0.0,0.0,0.0,0.0,0.0,504648,338.74204,5,0,1,0,1,352.1319885253906,398881,359.9460144042969,5,0
205750157,Yönetim Bilişim Sistemleri,TÜRK HAVA KURUMU ÜNİVERSİTESİ,4,EŞİT AĞIRLIK,"18, 21, 22, 23, 24, 64, 123",13358.0,İşletme Fakültesi,(İngilizce) (Burslu),ANKARA,VAKIF,0,5.0,0.0,0.0,0.0,0.0,390.93416,376.95284,104272.0,5.0,3.0,1.0,2.0,3.0,2.0,1.0,2.0,3.0,0.0,0.0,1.0,0.0,455.0,399.0,18.0,21.0,84.0,77.0,298.0,259.0,3.0,1,0.0,1.0,0.0,3.0,392.76298,0.0,0.0,1.0,380.21809,0.0,0.0,0.0,0.0,0.0,1.0,0.0,0.0,65630,388.03551,4,0,1,0,1,380.52899169921875,60915,387.45599365234375,4,0
205750158,Yönetim Bilişim Sistemleri,TÜRK HAVA KURUMU ÜNİVERSİTESİ,4,EŞİT AĞIRLIK,"18, 21, 22, 23, 24, 64, 123",13359.0,İşletme Fakültesi,(İngilizce) (%50 İndirimli),ANKARA,VAKIF,0,21.0,0.0,0.0,0.0,0.0,354.56202,289.77629,482439.0,21.0,8.0,9.0,13.0,13.0,6.0,6.0,14.0,16.0,0.0,0.0,1.0,0.0,449.0,394.0,17.0,27.0,78.0,128.0,264.0,289.0,22.0,0,0.0,0.0,0.0,22.0,361.52579,0.0,0.0,0.0,0.0,0.0,0.0,0.0,0.0,2.0,0.0,0.0,0.0,299121,318.14446,31,0,0,0,0,248.87399291992188,845861,334.01800537109375,21,0
205750164,Yazılım Mühendisliği,TÜRK HAVA KURUMU ÜNİVERSİTESİ,4,SAYISAL,"18, 21, 22, 23, 24, 64, 123, 144",13373.0,Mühendislik Fakültesi,(İngilizce) (Burslu),ANKARA,VAKIF,0,7.0,0.0,0.0,0.0,0.0,476.4833,464.62055,44137.0,7.0,2.0,5.0,5.0,4.0,0.0,3.0,7.0,6.0,0.0,0.0,0.0,0.0,798.0,595.0,24.0,20.0,125.0,110.0,443.0,329.0,7.0,1,0.0,1.0,0.0,7.0,483.3137,0.0,0.0,1.0,466.65551,0.0,0.0,1.0,333.0,0.0,0.0,0.0,0.0,36853,474.60301,8,0,1,0,1,432.4630126953125,52258,451.5379943847656,8,0
205750165,Yazılım Mühendisliği,TÜRK HAVA KURUMU ÜNİVERSİTESİ,4,SAYISAL,"18, 22, 23, 24, 64, 123, 144",13370.0,Mühendislik Fakültesi,(İngilizce) (Ücretli),ANKARA,VAKIF,0,6.0,0.0,0.0,0.0,0.0,344.01961,324.76903,227138.0,6.0,2.0,3.0,4.0,2.0,1.0,1.0,5.0,4.0,0.0,0.0,0.0,0.0,118.0,209.0,1.0,5.0,4.0,26.0,47.0,117.0,5.0,0,0.0,0.0,0.0,5.0,383.99522,0.0,0.0,0.0,0.0,0.0,0.0,0.0,0.0,1.0,0.0,0.0,0.0,144236,375.52545,6,0,0,0,0,0.0,0,0.0,0,0
205750167,Hava Lojistiği,TÜRK HAVA KURUMU ÜNİVERSİTESİ,2,TYT,"18, 21, 64, 123",25157.0,İzmir Havacılık Meslek Yüksekokulu,(%50 İndirimli),ANKARA,VAKIF,1,16.0,0.0,0.0,0.0,0.0,326.08892,239.99297,1705668.0,16.0,3.0,10.0,13.0,15.0,6.0,11.0,10.0,10.0,0.0,0.0,0.0,2.0,112.0,204.0,5.0,10.0,16.0,42.0,60.0,120.0,25.0,0,0.0,0.0,0.0,25.0,327.67751,0.0,0.0,0.0,0.0,0.0,0.0,0.0,0.0,6.0,0.0,0.0,0.0,1637525,248.66273,21,0,0,0,0,254.0489959716797,1583022,307.5920104980469,21,0
205750168,Sivil Hava Ulaştırma İşletmeciliği,TÜRK HAVA KURUMU ÜNİVERSİTESİ,2,TYT,"10, 18, 21, 64, 123",25160.0,İzmir Havacılık Meslek Yüksekokulu,(%50 İndirimli),ANKARA,VAKIF,1,17.0,0.0,0.0,0.0,0.0,301.36457,235.64104,1796584.0,17.0,6.0,13.0,11.0,8.0,10.0,11.0,5.0,6.0,2.0,4.0,0.0,0.0,117.0,240.0,3.0,12.0,14.0,45.0,67.0,157.0,21.0,0,0.0,0.0,0.0,21.0,319.92742,0.0,0.0,0.0,0.0,0.0,0.0,0.0,0.0,9.0,0.0,0.0,0.0,1551812,253.69139,20,0,0,0,0,275.1369934082031,1237636,333.2640075683594,20,0
205750169,Yazılım Mühendisliği,TÜRK HAVA KURUMU ÜNİVERSİTESİ,4,SAYISAL,"18, 21, 22, 23, 24, 64, 123, 144",13374.0,Mühendislik Fakültesi,(İngilizce) (%50 İndirimli),ANKARA,VAKIF,0,37.0,0.0,0.0,0.0,0.0,440.29496,372.76331,140232.0,37.0,13.0,17.0,24.0,20.0,13.0,12.0,23.0,24.0,1.0,1.0,0.0,0.0,896.0,751.0,54.0,48.0,178.0,201.0,567.0,508.0,37.0,0,0.0,0.0,0.0,37.0,440.69596,0.0,0.0,0.0,0.0,0.0,0.0,0.0,0.0,0.0,0.0,0.0,0.0,114221,397.21944,48,0,0,0,0,292.1830139160156,292270,406.9200134277344,26,0
205750177,Sivil Hava Ulaştırma İşletmeciliği,TÜRK HAVA KURUMU ÜNİVERSİTESİ,2,TYT,"10, 18, 21, 64, 123",25147.0,Ankara Havacılık Meslek Yüksekokulu,(%25 İndirimli),ANKARA,VAKIF,1,37.0,0.0,0.0,0.0,0.0,333.24431,241.09644,1683337.0,37.0,18.0,21.0,19.0,23.0,10.0,6.0,24.0,30.0,3.0,1.0,0.0,3.0,208.0,339.0,11.0,27.0,51.0,98.0,121.0,222.0,44.0,0,0.0,0.0,0.0,44.0,353.57789,0.0,0.0,0.0,0.0,0.0,0.0,0.0,0.0,11.0,0.0,0.0,0.0,1484479,257.72458,55,0,0,0,0,226.58900451660156,2074967,305.7749938964844,55,0
205750184,Hava Lojistiği,TÜRK HAVA KURUMU ÜNİVERSİTESİ,2,TYT,"18, 21, 64, 123",25143.0,Ankara Havacılık Meslek Yüksekokulu,(%25 İndirimli),ANKARA,VAKIF,1,,,,,,,,,,,13.0,,18.0,,11.0,,15.0,,2.0,,1.0,,308.0,,21.0,,79.0,,184.0,31.0,0,0.0,0.0,0.0,31.0,335.77711,0.0,0.0,0.0,0.0,0.0,0.0,0.0,0.0,3.0,0.0,0.0,0.0,1416578,261.90798,33,0,0,0,0,237.91799926757812,1866969,317.45001220703125,33,0
205750191,Uzay Mühendisliği,TÜRK HAVA KURUMU ÜNİVERSİTESİ,4,SAYISAL,"18, 22, 23, 24, 64, 123, 144",13346.0,Havacılık ve Uzay Bilimleri Fakültesi,(İngilizce) (Ücretli),ANKARA,VAKIF,0,,,,,,,,,,,3.0,,4.0,,4.0,,3.0,,0.0,,0.0,,19.0,,0.0,,5.0,,12.0,10.0,0,0.0,0.0,0.0,7.0,335.83203,0.0,0.0,0.0,0.0,0.0,0.0,0.0,0.0,4.0,0.0,0.0,0.0,0,0.0,11,0,0,0,0,0.0,0,0.0,0,0
205750198,Hava Aracı İmalat Teknolojileri,TÜRK HAVA KURUMU ÜNİVERSİTESİ,2,TYT,"18, 21, 64, 123, 320",25140.0,Ankara Havacılık Meslek Yüksekokulu,(Burslu),ANKARA,VAKIF,1,,,,,,,,,,,,,,,,,,,,,,,,,,,,,,,,,,,,,,,,,,,,,,,,,0,0.0,4,0,1,0,1,388.0719909667969,230243,416.2560119628906,4,0
205750205,Hava Aracı İmalat Teknolojileri,TÜRK HAVA KURUMU ÜNİVERSİTESİ,2,TYT,"18, 64, 123, 320",25139.0,Ankara Havacılık Meslek Yüksekokulu,(Ücretli),ANKARA,VAKIF,1,,,,,,,,,,,,,,,,,,,,,,,,,,,,,,,,,,,,,,,,,,,,,,,,,0,0.0,25,0,0,0,0,219.4929962158203,2206031,300.1759948730469,25,0
205750212,Hibrid ve Elektrikli Taşıtlar Teknolojisi,TÜRK HAVA KURUMU ÜNİVERSİTESİ,2,TYT,"18, 21, 64, 123",25145.0,Ankara Havacılık Meslek Yüksekokulu,(Burslu),ANKARA,VAKIF,1,,,,,,,,,,,,,,,,,,,,,,,,,,,,,,,,,,,,,,,,,,,,,,,,,0,0.0,4,0,1,0,1,361.7510070800781,344737,395.5979919433594,4,0
205750219,Hibrid ve Elektrikli Taşıtlar Teknolojisi,TÜRK HAVA KURUMU ÜNİVERSİTESİ,2,TYT,"18, 64, 123",25144.0,Ankara Havacılık Meslek Yüksekokulu,(Ücretli),ANKARA,VAKIF,1,,,,,,,,,,,,,,,,,,,,,,,,,,,,,,,,,,,,,,,,,,,,,,,,,0,0.0,25,0,0,0,0,229.38699340820312,2023470,283.3179931640625,25,0
205750226,Uçuş Harekat Yöneticiliği,TÜRK HAVA KURUMU ÜNİVERSİTESİ,2,TYT,"10, 18, 21, 64, 123",25153.0,Ankara Havacılık Meslek Yüksekokulu,(Burslu),ANKARA,VAKIF,1,,,,,,,,,,,,,,,,,,,,,,,,,,,,,,,,,,,,,,,,,,,,,,,,,0,0.0,4,0,1,0,1,373.5780029296875,287685,400.927001953125,4,0
205750233,Uçuş Harekat Yöneticiliği,TÜRK HAVA KURUMU ÜNİVERSİTESİ,2,TYT,"10, 18, 64, 123",25152.0,Ankara Havacılık Meslek Yüksekokulu,(Ücretli),ANKARA,VAKIF,1,,,,,,,,,,,,,,,,,,,,,,,,,,,,,,,,,,,,,,,,,,,,,,,,,0,0.0,25,0,0,0,0,222.21600341796875,2155935,360.6369934082031,25,0
205810058,Psikoloji,UFUK ÜNİVERSİTESİ,4,EŞİT AĞIRLIK,"18, 64, 124",13382.0,Fen-Edebiyat Fakültesi,(Ücretli),ANKARA,VAKIF,0,54.0,0.0,0.0,0.0,0.0,348.57362,291.90869,466188.0,54.0,46.0,54.0,8.0,9.0,14.0,12.0,28.0,23.0,3.0,10.0,8.0,16.0,478.0,256.0,32.0,20.0,104.0,67.0,294.0,161.0,63.0,0,0.0,0.0,0.0,63.0,328.9968,0.0,0.0,0.0,0.0,0.0,0.0,0.0,0.0,19.0,0.0,0.0,0.0,1132869,230.87058,63,0,0,0,0,244.92100524902344,897418,307.7349853515625,63,0
205810067,Psikoloji,UFUK ÜNİVERSİTESİ,4,EŞİT AĞIRLIK,"18, 21, 64, 124",13383.0,Fen-Edebiyat Fakültesi,(Burslu),ANKARA,VAKIF,0,11.0,0.0,0.0,0.0,0.0,405.00609,394.69299,67153.0,11.0,9.0,10.0,2.0,1.0,5.0,1.0,3.0,9.0,2.0,0.0,0.0,1.0,502.0,318.0,18.0,14.0,88.0,48.0,299.0,191.0,10.0,1,0.0,2.0,0.0,10.0,401.80437,0.0,0.0,1.0,390.74829,0.0,0.0,0.0,0.0,0.0,2.0,0.0,0.0,55966,393.39836,10,0,2,0,1,379.22900390625,62931,389.95098876953125,10,0
205810101,İşletme,UFUK ÜNİVERSİTESİ,4,EŞİT AĞIRLIK,"18, 21, 64, 124",13395.0,İktisadi ve İdari Bilimler Fakültesi,(Burslu),ANKARA,VAKIF,0,3.0,0.0,0.0,0.0,0.0,335.99037,333.14287,236544.0,3.0,1.0,3.0,2.0,2.0,2.0,1.0,1.0,4.0,0.0,0.0,0.0,0.0,182.0,106.0,6.0,1.0,25.0,10.0,96.0,58.0,4.0,1,0.0,1.0,0.0,4.0,343.41285,0.0,0.0,1.0,282.25665,0.0,0.0,0.0,0.0,0.0,1.0,0.0,0.0,220486,334.35937,5,0,1,0,1,328.43701171875,198096,348.5480041503906,5,0
205810128,Siyaset Bilimi ve Uluslararası İlişkiler,UFUK ÜNİVERSİTESİ,4,EŞİT AĞIRLIK,"18, 21, 64, 124",13400.0,İktisadi ve İdari Bilimler Fakültesi,(Burslu),ANKARA,VAKIF,0,3.0,0.0,0.0,0.0,0.0,348.55262,343.8432,196584.0,3.0,2.0,4.0,1.0,2.0,1.0,0.0,2.0,5.0,0.0,1.0,0.0,0.0,163.0,105.0,3.0,4.0,17.0,13.0,74.0,53.0,4.0,1,0.0,1.0,0.0,4.0,353.41377,0.0,0.0,1.0,253.79112,0.0,0.0,1.0,186.0,0.0,0.0,0.0,0.0,164792,348.9398,5,0,1,0,1,339.04998779296875,159066,347.2909851074219,5,0
205810155,Tıp,UFUK ÜNİVERSİTESİ,6,SAYISAL,"18, 64, 124, 155",13409.0,Tıp Fakültesi,(Ücretli),ANKARA,VAKIF,0,51.0,0.0,0.0,0.0,0.0,482.92229,467.55956,41764.0,51.0,32.0,27.0,19.0,19.0,14.0,21.0,36.0,23.0,1.0,1.0,0.0,1.0,352.0,248.0,6.0,1.0,33.0,20.0,181.0,88.0,46.0,0,0.0,0.0,0.0,46.0,480.78217,0.0,0.0,0.0,0.0,0.0,0.0,0.0,0.0,1.0,0.0,0.0,0.0,45620,464.18903,42,0,0,0,0,435.13299560546875,50002,458.0419921875,18,0
205810164,Tıp,UFUK ÜNİVERSİTESİ,6,SAYISAL,"18, 21, 64, 124, 155",13410.0,Tıp Fakültesi,(Burslu),ANKARA,VAKIF,0,9.0,0.0,0.0,0.0,0.0,513.04373,507.56137,12880.0,9.0,7.0,6.0,2.0,2.0,5.0,4.0,4.0,3.0,0.0,1.0,0.0,0.0,220.0,289.0,3.0,6.0,15.0,37.0,114.0,158.0,7.0,1,0.0,1.0,0.0,7.0,514.85305,0.0,0.0,1.0,510.33858,0.0,0.0,0.0,0.0,0.0,1.0,0.0,0.0,11975,511.45189,7,0,1,0,1,501.0069885253906,10139,504.38299560546875,7,0
205810173,Hemşirelik,UFUK ÜNİVERSİTESİ,4,SAYISAL,"1, 18, 64, 124",13386.0,Hemşirelik Yüksekokulu,(Ücretli),ANKARA,VAKIF,0,24.0,0.0,0.0,0.0,0.0,290.58896,268.56534,414419.0,24.0,16.0,20.0,8.0,4.0,2.0,5.0,20.0,16.0,0.0,2.0,1.0,1.0,353.0,196.0,16.0,11.0,63.0,41.0,192.0,135.0,24.0,0,0.0,0.0,0.0,24.0,297.26834,0.0,0.0,0.0,0.0,0.0,0.0,0.0,0.0,6.0,0.0,0.0,0.0,590890,252.44476,24,0,0,0,0,234.0709991455078,696284,258.6000061035156,24,0
205810182,Hemşirelik,UFUK ÜNİVERSİTESİ,4,SAYISAL,"1, 18, 21, 64, 124",13387.0,Hemşirelik Yüksekokulu,(Burslu),ANKARA,VAKIF,0,9.0,0.0,0.0,0.0,0.0,377.98304,369.27151,145194.0,9.0,7.0,9.0,2.0,1.0,3.0,1.0,6.0,8.0,0.0,1.0,0.0,0.0,308.0,273.0,8.0,7.0,42.0,33.0,189.0,160.0,8.0,1,0.0,1.0,0.0,8.0,379.23511,0.0,0.0,1.0,359.23233,0.0,0.0,1.0,237.0,0.0,0.0,0.0,0.0,146364,374.1265,8,0,1,0,1,357.87298583984375,135402,364.55999755859375,8,0
205810207,Rehberlik ve Psikolojik Danışmanlık,UFUK ÜNİVERSİTESİ,4,EŞİT AĞIRLIK,"18, 21, 64, 124, 150",13379.0,Eğitim Fakültesi,(Burslu),ANKARA,VAKIF,0,9.0,0.0,0.0,0.0,0.0,391.7608,380.96902,95224.0,9.0,9.0,5.0,0.0,0.0,2.0,3.0,6.0,1.0,1.0,0.0,0.0,1.0,164.0,113.0,9.0,7.0,21.0,23.0,80.0,69.0,4.0,1,0.0,1.0,0.0,4.0,391.59589,0.0,0.0,1.0,351.99926,0.0,0.0,0.0,0.0,0.0,1.0,0.0,0.0,71403,385.06221,4,0,1,0,1,373.2409973144531,73379,374.4389953613281,4,0
205810234,İşletme,UFUK ÜNİVERSİTESİ,4,EŞİT AĞIRLIK,"18, 21, 64, 124",13396.0,İktisadi ve İdari Bilimler Fakültesi,(%50 İndirimli),ANKARA,VAKIF,0,17.0,0.0,0.0,0.0,0.0,310.87861,256.43736,800628.0,17.0,6.0,5.0,11.0,15.0,6.0,1.0,8.0,10.0,1.0,2.0,1.0,1.0,388.0,335.0,5.0,16.0,39.0,53.0,155.0,176.0,20.0,0,0.0,0.0,0.0,20.0,267.4556,0.0,0.0,0.0,0.0,0.0,0.0,0.0,0.0,1.0,0.0,0.0,0.0,973137,242.92827,28,0,0,0,0,232.50100708007812,1068729,251.9409942626953,28,0
205810288,Siyaset Bilimi ve Uluslararası İlişkiler,UFUK ÜNİVERSİTESİ,4,EŞİT AĞIRLIK,"18, 21, 64, 124",13401.0,İktisadi ve İdari Bilimler Fakültesi,(%50 İndirimli),ANKARA,VAKIF,0,17.0,0.0,0.0,0.0,0.0,319.77559,249.48028,884191.0,17.0,9.0,9.0,8.0,11.0,7.0,5.0,7.0,9.0,0.0,4.0,2.0,1.0,248.0,259.0,4.0,8.0,32.0,36.0,95.0,132.0,20.0,0,0.0,0.0,0.0,20.0,275.92633,0.0,0.0,0.0,0.0,0.0,0.0,0.0,0.0,3.0,0.0,0.0,0.0,1075173,235.12087,28,0,0,0,0,218.75799560546875,1264340,288.34100341796875,28,0
205810331,Yönetim Bilişim Sistemleri,UFUK ÜNİVERSİTESİ,4,EŞİT AĞIRLIK,"18, 21, 64, 124",13406.0,İktisadi ve İdari Bilimler Fakültesi,(Burslu),ANKARA,VAKIF,0,5.0,0.0,0.0,0.0,0.0,370.93806,367.60287,123428.0,5.0,2.0,2.0,3.0,5.0,2.0,1.0,3.0,5.0,0.0,0.0,0.0,0.0,287.0,212.0,7.0,5.0,26.0,19.0,161.0,129.0,5.0,1,0.0,1.0,0.0,5.0,386.26893,0.0,0.0,1.0,364.32067,0.0,0.0,1.0,298.0,0.0,0.0,0.0,0.0,80642,380.59207,6,0,1,0,1,369.9460144042969,79629,374.4700012207031,6,0
205810349,Yönetim Bilişim Sistemleri,UFUK ÜNİVERSİTESİ,4,EŞİT AĞIRLIK,"18, 21, 64, 124",13407.0,İktisadi ve İdari Bilimler Fakültesi,(%50 İndirimli),ANKARA,VAKIF,0,25.0,0.0,0.0,0.0,0.0,322.42885,273.74903,618960.0,25.0,8.0,10.0,17.0,19.0,6.0,7.0,15.0,20.0,3.0,2.0,1.0,0.0,381.0,294.0,11.0,11.0,58.0,56.0,207.0,198.0,29.0,0,0.0,0.0,0.0,29.0,309.11805,0.0,0.0,0.0,0.0,0.0,0.0,0.0,0.0,4.0,0.0,0.0,0.0,652607,271.38775,34,0,0,0,0,254.75900268554688,772404,299.84100341796875,34,0
205850039,Anestezi,UFUK ÜNİVERSİTESİ,2,TYT,"18, 64, 124",25188.0,Sağlık Hizmetleri Meslek Yüksekokulu,(Ücretli),ANKARA,VAKIF,1,38.0,0.0,0.0,0.0,0.0,307.85318,264.55332,1266218.0,38.0,30.0,38.0,8.0,4.0,10.0,15.0,23.0,19.0,4.0,4.0,1.0,3.0,539.0,369.0,34.0,28.0,95.0,97.0,272.0,241.0,42.0,0,0.0,0.0,0.0,42.0,293.14519,0.0,0.0,0.0,0.0,0.0,0.0,0.0,0.0,19.0,0.0,0.0,0.0,1379193,264.26699,42,0,0,0,0,251.86000061035156,1620444,298.8370056152344,42,0
205850048,Anestezi,UFUK ÜNİVERSİTESİ,2,TYT,"18, 21, 64, 124",25189.0,Sağlık Hizmetleri Meslek Yüksekokulu,(Burslu),ANKARA,VAKIF,1,7.0,0.0,0.0,0.0,0.0,380.4168,360.28837,339966.0,7.0,6.0,6.0,1.0,2.0,1.0,1.0,6.0,7.0,0.0,0.0,0.0,0.0,489.0,316.0,23.0,8.0,82.0,37.0,265.0,186.0,7.0,1,0.0,1.0,0.0,7.0,370.31659,0.0,0.0,1.0,339.9938,0.0,0.0,0.0,0.0,0.0,1.0,0.0,0.0,340631,364.22177,7,0,1,0,1,364.7510070800781,329287,377.0530090332031,7,0
205850057,Fizyoterapi,UFUK ÜNİVERSİTESİ,2,TYT,"18, 64, 124",25193.0,Sağlık Hizmetleri Meslek Yüksekokulu,(Ücretli),ANKARA,VAKIF,1,38.0,0.0,0.0,0.0,0.0,307.1799,243.50162,1636095.0,38.0,24.0,31.0,14.0,11.0,10.0,14.0,18.0,23.0,6.0,2.0,2.0,3.0,272.0,211.0,14.0,10.0,40.0,36.0,123.0,116.0,42.0,0,0.0,0.0,0.0,42.0,290.86971,0.0,0.0,0.0,0.0,0.0,0.0,0.0,0.0,17.0,0.0,0.0,0.0,2074596,225.02936,43,0,0,0,0,220.88600158691406,2180455,262.05499267578125,43,0
205850066,Fizyoterapi,UFUK ÜNİVERSİTESİ,2,TYT,"18, 21, 64, 124",25194.0,Sağlık Hizmetleri Meslek Yüksekokulu,(Burslu),ANKARA,VAKIF,1,7.0,0.0,0.0,0.0,0.0,406.34027,334.17597,496003.0,7.0,5.0,2.0,2.0,6.0,1.0,1.0,1.0,4.0,2.0,1.0,3.0,2.0,284.0,217.0,11.0,11.0,38.0,32.0,143.0,107.0,7.0,1,0.0,1.0,0.0,7.0,349.82816,0.0,0.0,1.0,334.52266,0.0,0.0,0.0,0.0,1.0,1.0,0.0,0.0,467059,343.82065,7,0,1,0,1,339.64801025390625,483207,381.19500732421875,7,0
205850118,Tıbbi Laboratuvar Teknikleri,UFUK ÜNİVERSİTESİ,2,TYT,"18, 64, 124",25202.0,Sağlık Hizmetleri Meslek Yüksekokulu,(Ücretli),ANKARA,VAKIF,1,18.0,0.0,0.0,0.0,0.0,257.08461,242.6005,1642132.0,18.0,15.0,15.0,3.0,8.0,3.0,3.0,13.0,14.0,1.0,4.0,1.0,1.0,186.0,180.0,3.0,1.0,22.0,17.0,67.0,78.0,23.0,0,0.0,0.0,0.0,23.0,295.06568,0.0,0.0,0.0,0.0,0.0,0.0,0.0,0.0,15.0,0.0,0.0,0.0,2084691,224.51336,24,0,0,0,0,216.04600524902344,2268925,266.07598876953125,24,0
205850127,Tıbbi Laboratuvar Teknikleri,UFUK ÜNİVERSİTESİ,2,TYT,"18, 21, 64, 124",25203.0,Sağlık Hizmetleri Meslek Yüksekokulu,(Burslu),ANKARA,VAKIF,1,6.0,0.0,0.0,0.0,0.0,330.41087,325.88073,557895.0,6.0,5.0,7.0,1.0,1.0,2.0,2.0,1.0,2.0,0.0,3.0,3.0,0.0,228.0,206.0,9.0,1.0,19.0,17.0,89.0,87.0,6.0,1,0.0,1.0,0.0,6.0,357.1703,0.0,0.0,1.0,289.76906,0.0,0.0,1.0,232.0,0.0,0.0,0.0,0.0,567528,330.9383,5,0,1,0,1,340.5660095214844,476428,345.7799987792969,5,0
205850136,İlk ve Acil Yardım,UFUK ÜNİVERSİTESİ,2,TYT,"18, 64, 124",25195.0,Sağlık Hizmetleri Meslek Yüksekokulu,(Ücretli),ANKARA,VAKIF,1,38.0,0.0,0.0,0.0,0.0,310.12724,262.7626,1276629.0,38.0,27.0,27.0,11.0,7.0,9.0,9.0,18.0,17.0,5.0,4.0,2.0,2.0,505.0,299.0,27.0,31.0,84.0,83.0,245.0,187.0,34.0,0,0.0,0.0,0.0,34.0,326.99956,0.0,0.0,0.0,0.0,0.0,0.0,0.0,0.0,12.0,0.0,0.0,0.0,1527576,255.11961,30,0,0,0,0,251.76800537109375,1622038,341.5849914550781,30,0
205850145,İlk ve Acil Yardım,UFUK ÜNİVERSİTESİ,2,TYT,"18, 21, 64, 124",25196.0,Sağlık Hizmetleri Meslek Yüksekokulu,(Burslu),ANKARA,VAKIF,1,7.0,0.0,0.0,0.0,0.0,360.41335,344.3264,403029.0,7.0,5.0,6.0,2.0,0.0,0.0,0.0,4.0,4.0,2.0,2.0,1.0,0.0,358.0,286.0,12.0,6.0,45.0,42.0,180.0,161.0,5.0,1,0.0,1.0,0.0,5.0,371.14972,0.0,0.0,1.0,306.35099,0.0,0.0,0.0,0.0,1.0,1.0,0.0,0.0,442636,347.30379,5,0,1,0,1,350.6910095214844,407774,353.74200439453125,5,0
205850172,Tıbbi Görüntüleme Teknikleri,UFUK ÜNİVERSİTESİ,2,TYT,"18, 64, 124",25200.0,Sağlık Hizmetleri Meslek Yüksekokulu,(Ücretli),ANKARA,VAKIF,1,38.0,0.0,0.0,0.0,0.0,277.03605,249.19707,1512064.0,38.0,24.0,33.0,14.0,9.0,12.0,14.0,17.0,17.0,3.0,6.0,3.0,2.0,334.0,236.0,21.0,16.0,48.0,37.0,136.0,124.0,42.0,0,0.0,0.0,0.0,42.0,300.49919,0.0,0.0,0.0,0.0,0.0,0.0,0.0,0.0,10.0,0.0,0.0,0.0,1855125,236.54022,42,0,0,0,0,232.68299865722656,1962224,295.7650146484375,42,0
205850181,Tıbbi Görüntüleme Teknikleri,UFUK ÜNİVERSİTESİ,2,TYT,"18, 21, 64, 124",25201.0,Sağlık Hizmetleri Meslek Yüksekokulu,(Burslu),ANKARA,VAKIF,1,7.0,0.0,0.0,0.0,0.0,345.68911,332.34999,505236.0,7.0,2.0,6.0,5.0,2.0,0.0,1.0,5.0,5.0,0.0,1.0,2.0,1.0,343.0,293.0,10.0,9.0,33.0,31.0,164.0,127.0,7.0,1,0.0,1.0,0.0,7.0,351.76643,0.0,0.0,1.0,299.10905,0.0,0.0,0.0,0.0,0.0,1.0,0.0,0.0,488961,340.81352,7,0,1,0,1,347.0820007324219,431042,354.25799560546875,7,0
205850215,Ameliyathane Hizmetleri,UFUK ÜNİVERSİTESİ,2,TYT,"18, 64, 124",25185.0,Sağlık Hizmetleri Meslek Yüksekokulu,(Ücretli),ANKARA,VAKIF,1,18.0,0.0,0.0,0.0,0.0,269.02165,240.5988,1693353.0,18.0,15.0,21.0,3.0,2.0,3.0,7.0,12.0,11.0,2.0,2.0,0.0,1.0,162.0,183.0,2.0,8.0,10.0,24.0,60.0,87.0,23.0,0,0.0,0.0,0.0,23.0,263.82569,0.0,0.0,0.0,0.0,0.0,0.0,0.0,0.0,6.0,0.0,0.0,0.0,2118322,222.82451,29,0,0,0,0,221.02499389648438,2177880,253.5749969482422,29,0
205850224,Ameliyathane Hizmetleri,UFUK ÜNİVERSİTESİ,2,TYT,"18, 21, 64, 124",25186.0,Sağlık Hizmetleri Meslek Yüksekokulu,(Burslu),ANKARA,VAKIF,1,6.0,0.0,0.0,0.0,0.0,353.73254,316.50545,616192.0,6.0,3.0,6.0,3.0,1.0,0.0,0.0,1.0,5.0,4.0,0.0,1.0,1.0,228.0,199.0,8.0,2.0,19.0,22.0,87.0,73.0,6.0,1,0.0,1.0,0.0,6.0,329.22354,0.0,0.0,1.0,277.72892,0.0,0.0,0.0,0.0,0.0,1.0,0.0,0.0,627883,324.05144,7,0,1,0,1,330.4779968261719,556507,340.42401123046875,7,0
205850233,Elektronörofizyoloji,UFUK ÜNİVERSİTESİ,2,TYT,"18, 64, 124",25190.0,Sağlık Hizmetleri Meslek Yüksekokulu,(Ücretli),ANKARA,VAKIF,1,18.0,0.0,0.0,0.0,0.0,237.86005,217.79407,2214429.0,18.0,14.0,16.0,4.0,7.0,4.0,6.0,12.0,16.0,1.0,0.0,1.0,0.0,63.0,140.0,1.0,7.0,4.0,23.0,20.0,67.0,23.0,0,0.0,0.0,0.0,23.0,265.35518,0.0,0.0,0.0,0.0,0.0,0.0,0.0,0.0,10.0,0.0,0.0,0.0,2193836,219.04537,27,0,0,0,0,188.6649932861328,2674343,234.04800415039062,21,0
205850242,Elektronörofizyoloji,UFUK ÜNİVERSİTESİ,2,TYT,"18, 21, 64, 124",25191.0,Sağlık Hizmetleri Meslek Yüksekokulu,(Burslu),ANKARA,VAKIF,1,6.0,0.0,0.0,0.0,0.0,318.27331,310.19102,695754.0,6.0,5.0,3.0,1.0,4.0,1.0,1.0,4.0,4.0,1.0,1.0,0.0,1.0,190.0,131.0,4.0,1.0,13.0,13.0,63.0,52.0,6.0,1,0.0,1.0,0.0,6.0,324.43667,0.0,0.0,1.0,299.74267,0.0,0.0,0.0,0.0,0.0,1.0,0.0,0.0,701740,316.38984,6,0,1,0,1,320.75201416015625,646917,335.8630065917969,6,0
205850269,Bilgisayar Programcılığı,UFUK ÜNİVERSİTESİ,2,TYT,"18, 21, 64, 124",25168.0,Meslek Yüksekokulu,(Burslu),ANKARA,VAKIF,1,12.0,0.0,0.0,0.0,0.0,389.00623,366.70506,309664.0,12.0,3.0,3.0,9.0,9.0,4.0,2.0,7.0,8.0,1.0,2.0,0.0,0.0,434.0,252.0,24.0,12.0,91.0,46.0,317.0,177.0,11.0,1,0.0,2.0,0.0,11.0,395.32119,0.0,0.0,1.0,334.59569,0.0,0.0,0.0,0.0,1.0,2.0,0.0,0.0,325405,367.14414,13,0,2,0,1,353.89801025390625,388288,368.9320068359375,13,0
205850278,Bilgisayar Programcılığı,UFUK ÜNİVERSİTESİ,2,TYT,"18, 21, 64, 124",25169.0,Meslek Yüksekokulu,(%50 İndirimli),ANKARA,VAKIF,1,67.0,0.0,0.0,0.0,0.0,362.73716,272.51671,1146337.0,67.0,15.0,11.0,52.0,64.0,17.0,19.0,37.0,47.0,7.0,5.0,3.0,0.0,594.0,494.0,32.0,26.0,111.0,88.0,383.0,316.0,75.0,0,0.0,0.0,0.0,75.0,327.92178,0.0,0.0,0.0,0.0,0.0,0.0,0.0,0.0,12.0,0.0,0.0,0.0,1291037,269.9777,83,0,0,0,0,243.16000366210938,1773064,325.1090087890625,83,0
205850303,İşletme Yönetimi,UFUK ÜNİVERSİTESİ,2,TYT,"18, 21, 64, 124",25174.0,Meslek Yüksekokulu,(Burslu),ANKARA,VAKIF,1,5.0,0.0,0.0,0.0,0.0,349.39066,313.97441,660355.0,5.0,4.0,2.0,1.0,3.0,0.0,1.0,2.0,1.0,1.0,2.0,1.0,1.0,116.0,79.0,12.0,7.0,28.0,16.0,74.0,39.0,4.0,1,0.0,1.0,0.0,4.0,347.01331,0.0,0.0,1.0,200.0152,0.0,0.0,0.0,0.0,0.0,1.0,0.0,0.0,671225,319.47334,5,0,1,0,1,320.6440124511719,647992,353.4700012207031,5,0
205850312,İşletme Yönetimi,UFUK ÜNİVERSİTESİ,2,TYT,"18, 21, 64, 124",25175.0,Meslek Yüksekokulu,(%50 İndirimli),ANKARA,VAKIF,1,25.0,0.0,0.0,0.0,0.0,290.98311,227.27494,1984126.0,25.0,7.0,9.0,18.0,21.0,7.0,9.0,13.0,17.0,4.0,3.0,0.0,0.0,140.0,256.0,5.0,10.0,20.0,45.0,65.0,143.0,30.0,0,0.0,0.0,0.0,30.0,296.88531,0.0,0.0,0.0,0.0,0.0,0.0,0.0,0.0,5.0,0.0,0.0,0.0,1956805,231.12059,34,0,0,0,0,205.88800048828125,2447032,299.02899169921875,34,0
205850348,Muhasebe ve Vergi Uygulamaları,UFUK ÜNİVERSİTESİ,2,TYT,"18, 21, 64, 124",25178.0,Meslek Yüksekokulu,(Burslu),ANKARA,VAKIF,1,4.0,0.0,0.0,0.0,0.0,313.15607,299.66854,797159.0,4.0,1.0,2.0,3.0,3.0,0.0,1.0,2.0,4.0,1.0,0.0,1.0,0.0,114.0,107.0,4.0,8.0,13.0,22.0,61.0,68.0,4.0,1,0.0,1.0,0.0,4.0,395.18386,0.0,0.0,1.0,217.41939,0.0,0.0,0.0,0.0,1.0,1.0,0.0,0.0,768376,310.02909,5,0,1,0,1,316.8039855957031,687202,344.87298583984375,5,0
205850357,Muhasebe ve Vergi Uygulamaları,UFUK ÜNİVERSİTESİ,2,TYT,"18, 21, 64, 124",25179.0,Meslek Yüksekokulu,(%50 İndirimli),ANKARA,VAKIF,1,21.0,0.0,0.0,0.0,0.0,275.70862,217.57377,2219906.0,21.0,9.0,11.0,12.0,18.0,4.0,15.0,13.0,12.0,1.0,2.0,1.0,0.0,105.0,241.0,4.0,13.0,11.0,47.0,40.0,129.0,29.0,0,0.0,0.0,0.0,29.0,272.30772,0.0,0.0,0.0,0.0,0.0,0.0,0.0,0.0,10.0,0.0,0.0,0.0,2060921,225.72288,33,0,0,0,0,202.5330047607422,2500898,284.10101318359375,33,0
205850375,Patoloji Laboratuvar Teknikleri,UFUK ÜNİVERSİTESİ,2,TYT,"18, 64, 124",25197.0,Sağlık Hizmetleri Meslek Yüksekokulu,(Ücretli),ANKARA,VAKIF,1,18.0,0.0,0.0,0.0,0.0,255.36682,231.82196,1879961.0,18.0,14.0,15.0,4.0,3.0,3.0,3.0,9.0,13.0,5.0,1.0,1.0,0.0,128.0,151.0,1.0,6.0,7.0,23.0,37.0,68.0,18.0,0,0.0,0.0,0.0,18.0,258.62091,0.0,0.0,0.0,0.0,0.0,0.0,0.0,0.0,6.0,0.0,0.0,0.0,2156227,220.91861,21,0,0,0,0,214.26100158691406,2301261,260.2659912109375,21,0
205850384,Patoloji Laboratuvar Teknikleri,UFUK ÜNİVERSİTESİ,2,TYT,"18, 21, 64, 124",25198.0,Sağlık Hizmetleri Meslek Yüksekokulu,(Burslu),ANKARA,VAKIF,1,6.0,0.0,0.0,0.0,0.0,326.85737,319.34851,612006.0,6.0,5.0,3.0,1.0,3.0,1.0,3.0,2.0,2.0,0.0,0.0,3.0,1.0,222.0,139.0,8.0,3.0,27.0,14.0,84.0,56.0,5.0,1,0.0,1.0,0.0,5.0,328.67526,0.0,0.0,1.0,214.37857,0.0,0.0,0.0,0.0,1.0,1.0,0.0,0.0,649420,321.74015,5,0,1,0,1,327.9129943847656,578896,330.0570068359375,5,0
205850409,Bilgisayar Teknolojisi,UFUK ÜNİVERSİTESİ,2,TYT,"18, 21, 64, 124",25170.0,Meslek Yüksekokulu,(Burslu),ANKARA,VAKIF,1,6.0,0.0,0.0,0.0,0.0,351.2864,342.8505,437847.0,6.0,3.0,1.0,3.0,7.0,0.0,1.0,4.0,4.0,1.0,1.0,1.0,0.0,174.0,123.0,5.0,2.0,37.0,16.0,108.0,67.0,7.0,1,0.0,1.0,0.0,7.0,350.69624,0.0,0.0,1.0,328.6828,0.0,0.0,0.0,0.0,0.0,1.0,0.0,0.0,468999,343.55809,6,0,1,0,1,346.4259948730469,435362,352.12701416015625,6,0
205850418,Bilgisayar Teknolojisi,UFUK ÜNİVERSİTESİ,2,TYT,"18, 21, 64, 124",25171.0,Meslek Yüksekokulu,(%50 İndirimli),ANKARA,VAKIF,1,34.0,0.0,0.0,0.0,0.0,280.82236,245.62622,1583395.0,34.0,5.0,6.0,29.0,36.0,13.0,8.0,17.0,28.0,1.0,3.0,1.0,0.0,245.0,315.0,11.0,7.0,39.0,45.0,146.0,152.0,42.0,0,0.0,0.0,0.0,42.0,285.71837,0.0,0.0,0.0,0.0,0.0,0.0,0.0,0.0,7.0,0.0,0.0,0.0,1730705,243.35341,42,0,0,0,0,217.43899536132812,2243439,267.8280029296875,42,0
205850445,Sağlık Kurumları İşletmeciliği,UFUK ÜNİVERSİTESİ,2,TYT,"18, 21, 64, 124",25180.0,Meslek Yüksekokulu,(Burslu),ANKARA,VAKIF,1,3.0,0.0,0.0,0.0,0.0,283.28641,266.29966,1239216.0,3.0,1.0,3.0,2.0,2.0,1.0,0.0,2.0,1.0,0.0,1.0,0.0,3.0,53.0,236.0,1.0,10.0,7.0,45.0,27.0,136.0,4.0,1,0.0,0.0,0.0,4.0,330.17178,0.0,0.0,1.0,271.26517,0.0,0.0,0.0,0.0,3.0,0.0,0.0,0.0,808925,306.35656,4,0,0,0,1,310.33099365234375,757816,316.4620056152344,4,0
205850454,Sağlık Kurumları İşletmeciliği,UFUK ÜNİVERSİTESİ,2,TYT,"18, 21, 64, 124",25181.0,Meslek Yüksekokulu,(%50 İndirimli),ANKARA,VAKIF,1,17.0,0.0,0.0,0.0,0.0,262.57383,212.88312,2336807.0,17.0,8.0,15.0,9.0,6.0,2.0,1.0,12.0,14.0,1.0,1.0,0.0,0.0,58.0,240.0,2.0,18.0,5.0,37.0,20.0,112.0,21.0,0,0.0,0.0,0.0,21.0,240.61049,0.0,0.0,0.0,0.0,0.0,0.0,0.0,0.0,7.0,0.0,0.0,0.0,2063519,225.5895,21,0,0,0,0,218.61500549316406,2222001,297.95098876953125,21,0
205850507,Rehberlik ve Psikolojik Danışmanlık,UFUK ÜNİVERSİTESİ,4,EŞİT AĞIRLIK,"18, 21, 64, 124, 150",13380.0,Eğitim Fakültesi,(%50 İndirimli),ANKARA,VAKIF,0,51.0,0.0,0.0,0.0,0.0,362.81388,319.49407,297981.0,23.0,20.0,2.0,3.0,0.0,6.0,0.0,13.0,2.0,1.0,0.0,2.0,0.0,137.0,48.0,4.0,0.0,19.0,6.0,74.0,27.0,30.0,0,0.0,0.0,0.0,2.0,347.37427,0.0,0.0,0.0,0.0,0.0,0.0,0.0,0.0,29.0,0.0,0.0,0.0,0,0.0,30,0,0,0,0,313.0559997558594,270607,313.0559997558594,1,0
205850509,Psikoloji,UFUK ÜNİVERSİTESİ,4,EŞİT AĞIRLIK,"18, 21, 64, 124",13384.0,Fen-Edebiyat Fakültesi,(%50 İndirimli),ANKARA,VAKIF,0,7.0,0.0,0.0,0.0,0.0,378.95336,358.65531,150626.0,7.0,4.0,7.0,3.0,0.0,0.0,0.0,5.0,6.0,0.0,0.0,2.0,1.0,456.0,246.0,25.0,13.0,88.0,48.0,287.0,157.0,7.0,0,0.0,0.0,0.0,7.0,368.58065,0.0,0.0,0.0,0.0,0.0,0.0,0.0,0.0,0.0,0.0,0.0,0.0,177798,345.20366,7,0,0,0,0,332.2430114746094,183187,347.85101318359375,7,0
205850517,Ameliyathane Hizmetleri,UFUK ÜNİVERSİTESİ,2,TYT,"18, 21, 64, 124",25187.0,Sağlık Hizmetleri Meslek Yüksekokulu,(%50 İndirimli),ANKARA,VAKIF,1,16.0,0.0,0.0,0.0,0.0,288.15748,270.95824,1168994.0,16.0,7.0,14.0,9.0,1.0,3.0,0.0,11.0,14.0,0.0,0.0,0.0,0.0,426.0,310.0,11.0,8.0,39.0,34.0,194.0,152.0,15.0,0,0.0,0.0,0.0,15.0,291.04543,0.0,0.0,0.0,0.0,0.0,0.0,0.0,0.0,1.0,0.0,0.0,0.0,1291961,269.91612,13,0,0,0,0,274.18798828125,1252118,296.9200134277344,13,0
205850519,Elektronörofizyoloji,UFUK ÜNİVERSİTESİ,2,TYT,"18, 21, 64, 124",25192.0,Sağlık Hizmetleri Meslek Yüksekokulu,(%50 İndirimli),ANKARA,VAKIF,1,16.0,0.0,0.0,0.0,0.0,293.55732,259.87498,1341467.0,16.0,11.0,13.0,5.0,2.0,5.0,2.0,10.0,10.0,1.0,0.0,0.0,2.0,192.0,186.0,4.0,5.0,15.0,25.0,62.0,102.0,15.0,0,0.0,0.0,0.0,15.0,269.05537,0.0,0.0,0.0,0.0,0.0,0.0,0.0,0.0,2.0,0.0,0.0,0.0,1664910,247.08066,11,0,0,0,0,254.66200256347656,1572523,290.17498779296875,11,0
205850521,Patoloji Laboratuvar Teknikleri,UFUK ÜNİVERSİTESİ,2,TYT,"18, 21, 64, 124",25199.0,Sağlık Hizmetleri Meslek Yüksekokulu,(%50 İndirimli),ANKARA,VAKIF,1,16.0,0.0,0.0,0.0,0.0,311.58905,264.89609,1260876.0,16.0,14.0,11.0,2.0,1.0,9.0,2.0,6.0,6.0,1.0,3.0,0.0,1.0,342.0,271.0,5.0,11.0,25.0,37.0,149.0,145.0,12.0,0,0.0,0.0,0.0,12.0,306.18152,0.0,0.0,0.0,0.0,0.0,0.0,0.0,0.0,3.0,0.0,0.0,0.0,1341199,266.7202,9,0,0,0,0,276.4179992675781,1217890,324.8970031738281,9,0
205850523,Tıbbi Laboratuvar Teknikleri,UFUK ÜNİVERSİTESİ,2,TYT,"18, 21, 64, 124",25204.0,Sağlık Hizmetleri Meslek Yüksekokulu,(%50 İndirimli),ANKARA,VAKIF,1,16.0,0.0,0.0,0.0,0.0,301.66339,284.10699,988150.0,16.0,12.0,11.0,4.0,4.0,6.0,5.0,10.0,8.0,0.0,0.0,0.0,0.0,386.0,289.0,4.0,8.0,34.0,36.0,150.0,137.0,15.0,0,0.0,0.0,0.0,15.0,305.12664,0.0,0.0,0.0,0.0,0.0,0.0,0.0,0.0,1.0,0.0,0.0,0.0,1116134,282.00635,10,0,0,0,0,285.677001953125,1078715,331.1390075683594,10,0
205850534,Hemşirelik,UFUK ÜNİVERSİTESİ,4,SAYISAL,"1, 18, 21, 64, 124",13388.0,Hemşirelik Yüksekokulu,(%50 İndirimli),ANKARA,VAKIF,0,27.0,0.0,0.0,0.0,0.0,329.65574,304.37617,280445.0,27.0,22.0,21.0,5.0,6.0,4.0,6.0,23.0,20.0,0.0,1.0,0.0,0.0,613.0,283.0,18.0,10.0,116.0,64.0,377.0,191.0,27.0,0,0.0,0.0,0.0,27.0,326.13691,0.0,0.0,0.0,0.0,0.0,0.0,0.0,0.0,2.0,0.0,0.0,0.0,300042,307.64953,27,0,0,0,0,278.3789978027344,349669,300.7120056152344,27,0
205850539,Bilişim Güvenliği Teknolojisi,UFUK ÜNİVERSİTESİ,2,TYT,"18, 21, 64, 124",25172.0,Meslek Yüksekokulu,(Burslu),ANKARA,VAKIF,1,6.0,0.0,0.0,0.0,0.0,386.79952,345.20291,423234.0,6.0,1.0,1.0,5.0,7.0,2.0,1.0,2.0,5.0,0.0,0.0,2.0,2.0,190.0,178.0,21.0,3.0,44.0,23.0,122.0,103.0,7.0,1,0.0,1.0,0.0,7.0,369.72084,0.0,0.0,1.0,237.31037,0.0,0.0,0.0,0.0,0.0,1.0,0.0,1.0,374196,358.20159,6,0,1,0,1,342.9700012207031,459106,359.8900146484375,6,0
205850540,Bilişim Güvenliği Teknolojisi,UFUK ÜNİVERSİTESİ,2,TYT,"18, 21, 64, 124",25173.0,Meslek Yüksekokulu,(%50 İndirimli),ANKARA,VAKIF,1,34.0,0.0,0.0,0.0,0.0,311.20575,256.05099,1405833.0,34.0,3.0,3.0,31.0,39.0,11.0,14.0,19.0,24.0,3.0,2.0,0.0,0.0,261.0,256.0,10.0,11.0,43.0,33.0,127.0,140.0,42.0,0,0.0,0.0,0.0,42.0,300.66958,0.0,0.0,0.0,0.0,0.0,0.0,0.0,0.0,5.0,0.0,0.0,0.0,1690301,245.64045,42,0,0,0,0,213.90699768066406,2307780,303.7820129394531,42,0
205850541,Uygulamalı İngilizce Çevirmenlik,UFUK ÜNİVERSİTESİ,2,TYT,"18, 21, 22, 23, 24, 64, 124",25182.0,Meslek Yüksekokulu,(İngilizce) (Burslu),ANKARA,VAKIF,1,9.0,0.0,0.0,0.0,0.0,424.66172,380.01983,254120.0,9.0,7.0,7.0,2.0,4.0,1.0,1.0,1.0,1.0,3.0,2.0,4.0,6.0,175.0,173.0,70.0,40.0,100.0,71.0,137.0,124.0,9.0,1,0.0,1.0,0.0,9.0,442.48251,0.0,0.0,1.0,265.21734,0.0,0.0,1.0,264.0,0.0,0.0,0.0,0.0,342236,363.92726,9,0,1,0,1,369.8299865722656,304782,413.8290100097656,9,0
205850542,Uygulamalı İngilizce Çevirmenlik,UFUK ÜNİVERSİTESİ,2,TYT,"18, 21, 22, 23, 24, 64, 124",25183.0,Meslek Yüksekokulu,(İngilizce) (%50 İndirimli),ANKARA,VAKIF,1,51.0,0.0,0.0,0.0,0.0,331.74985,212.59072,2344258.0,51.0,26.0,39.0,25.0,16.0,18.0,8.0,20.0,35.0,7.0,2.0,6.0,5.0,111.0,211.0,8.0,21.0,26.0,47.0,64.0,115.0,55.0,0,0.0,0.0,0.0,55.0,319.77946,0.0,0.0,0.0,0.0,0.0,0.0,0.0,0.0,16.0,0.0,0.0,0.0,2072801,225.11537,55,0,0,0,0,193.08099365234375,2630060,347.0780029296875,47,0
205850543,Uluslararası Ticaret ve Finansman,UFUK ÜNİVERSİTESİ,4,EŞİT AĞIRLIK,"18, 21, 64, 124",13403.0,İktisadi ve İdari Bilimler Fakültesi,(Burslu),ANKARA,VAKIF,0,5.0,0.0,0.0,0.0,0.0,337.82466,325.59264,269021.0,5.0,2.0,4.0,3.0,2.0,2.0,2.0,1.0,2.0,1.0,1.0,1.0,1.0,134.0,115.0,4.0,3.0,17.0,17.0,69.0,65.0,5.0,1,0.0,1.0,0.0,5.0,337.76053,0.0,0.0,1.0,273.87336,0.0,0.0,0.0,0.0,0.0,1.0,0.0,0.0,223422,333.67805,6,0,1,0,1,328.0979919433594,199512,343.28399658203125,6,0
205850544,Uluslararası Ticaret ve Finansman,UFUK ÜNİVERSİTESİ,4,EŞİT AĞIRLIK,"18, 21, 64, 124",13404.0,İktisadi ve İdari Bilimler Fakültesi,(%50 İndirimli),ANKARA,VAKIF,0,25.0,0.0,0.0,0.0,0.0,280.01371,247.98193,902674.0,25.0,10.0,12.0,15.0,17.0,14.0,14.0,7.0,13.0,3.0,1.0,1.0,0.0,251.0,382.0,4.0,17.0,17.0,57.0,85.0,202.0,29.0,0,0.0,0.0,0.0,29.0,284.50052,0.0,0.0,0.0,0.0,0.0,0.0,0.0,0.0,5.0,0.0,0.0,0.0,1066758,235.75345,35,0,0,0,0,226.38999938964844,1155871,267.3320007324219,35,0
205850563,Hukuk,UFUK ÜNİVERSİTESİ,4,EŞİT AĞIRLIK,"18, 21, 64, 124, 162",13391.0,Hukuk Fakültesi,(Burslu),ANKARA,VAKIF,0,17.0,0.0,0.0,0.0,0.0,432.2715,423.9373,23212.0,17.0,10.0,15.0,7.0,2.0,8.0,6.0,6.0,8.0,2.0,1.0,1.0,2.0,835.0,401.0,58.0,9.0,157.0,36.0,521.0,238.0,16.0,1,0.0,2.0,0.0,16.0,429.71427,0.0,0.0,1.0,419.61161,0.0,0.0,0.0,0.0,0.0,2.0,0.0,0.0,16193,425.1706,16,0,2,0,1,406.4750061035156,27808,419.3160095214844,16,0
205850570,Hukuk,UFUK ÜNİVERSİTESİ,4,EŞİT AĞIRLIK,"18, 21, 64, 124, 162",13392.0,Hukuk Fakültesi,(%50 İndirimli),ANKARA,VAKIF,0,93.0,0.0,0.0,0.0,0.0,414.16111,380.2987,96704.0,93.0,59.0,63.0,34.0,39.0,21.0,23.0,59.0,74.0,8.0,1.0,5.0,3.0,849.0,563.0,22.0,8.0,98.0,78.0,462.0,350.0,102.0,0,0.0,0.0,0.0,102.0,390.60521,0.0,0.0,0.0,0.0,0.0,0.0,0.0,0.0,3.0,0.0,0.0,0.0,108737,368.32077,87,0,0,0,0,350.6159973144531,124549,372.0369873046875,29,0
205850577,İşletme,UFUK ÜNİVERSİTESİ,4,EŞİT AĞIRLIK,"18, 64, 124",13394.0,İktisadi ve İdari Bilimler Fakültesi,(Ücretli),ANKARA,VAKIF,0,,,,,,,,,,,1.0,,4.0,,2.0,,2.0,,0.0,,0.0,,162.0,,9.0,,20.0,,72.0,5.0,0,0.0,0.0,0.0,5.0,246.57679,0.0,0.0,0.0,0.0,0.0,0.0,0.0,0.0,1.0,0.0,0.0,0.0,1090959,233.93871,6,0,0,0,0,217.24400329589844,1285652,247.03500366210938,6,0
205850584,Siyaset Bilimi ve Uluslararası İlişkiler,UFUK ÜNİVERSİTESİ,4,EŞİT AĞIRLIK,"18, 64, 124",13397.0,İktisadi ve İdari Bilimler Fakültesi,(Ücretli),ANKARA,VAKIF,0,,,,,,,,,,,3.0,,2.0,,3.0,,0.0,,0.0,,0.0,,92.0,,6.0,,20.0,,41.0,5.0,0,0.0,0.0,0.0,5.0,229.98568,0.0,0.0,0.0,0.0,0.0,0.0,0.0,0.0,3.0,0.0,0.0,0.0,1178958,227.57229,6,0,0,0,0,208.5330047607422,1405081,222.54100036621094,6,0
205850591,Uluslararası Ticaret ve Finansman,UFUK ÜNİVERSİTESİ,4,EŞİT AĞIRLIK,"18, 64, 124",13402.0,İktisadi ve İdari Bilimler Fakültesi,(Ücretli),ANKARA,VAKIF,0,,,,,,,,,,,1.0,,4.0,,2.0,,3.0,,0.0,,0.0,,140.0,,3.0,,18.0,,56.0,5.0,0,0.0,0.0,0.0,5.0,233.35869,0.0,0.0,0.0,0.0,0.0,0.0,0.0,0.0,1.0,0.0,0.0,0.0,1124943,231.4508,7,0,0,0,0,211.21299743652344,1369331,230.45599365234375,7,0
205850598,Yönetim Bilişim Sistemleri,UFUK ÜNİVERSİTESİ,4,EŞİT AĞIRLIK,"18, 64, 124",13405.0,İktisadi ve İdari Bilimler Fakültesi,(Ücretli),ANKARA,VAKIF,0,,,,,,,,,,,1.0,,4.0,,1.0,,3.0,,1.0,,0.0,,93.0,,3.0,,8.0,,44.0,5.0,0,0.0,0.0,0.0,5.0,257.1534,0.0,0.0,0.0,0.0,0.0,0.0,0.0,0.0,1.0,0.0,0.0,0.0,1065798,235.82536,8,0,0,0,0,216.531005859375,1295682,231.1540069580078,8,0
205850605,Mahkeme Büro Hizmetleri,UFUK ÜNİVERSİTESİ,2,TYT,"18, 21, 64, 124",25176.0,Meslek Yüksekokulu,(Burslu),ANKARA,VAKIF,1,,,,,,,,,,,,,,,,,,,,,,,,,,,,,,,,,,,,,,,,,,,,,,,,,0,0.0,10,0,2,0,1,309.0270080566406,773039,336.4259948730469,10,0
205850612,Mahkeme Büro Hizmetleri,UFUK ÜNİVERSİTESİ,2,TYT,"18, 21, 64, 124",25177.0,Meslek Yüksekokulu,(%50 İndirimli),ANKARA,VAKIF,1,,,,,,,,,,,,,,,,,,,,,,,,,,,,,,,,,,,,,,,,,,,,,,,,,0,0.0,67,0,0,0,0,169.44500732421875,2750124,283.510986328125,36,0
205850619,İngilizce Öğretmenliği,UFUK ÜNİVERSİTESİ,4,DİL,"1, 18, 21, 22, 23, 24, 64, 124, 150, 160",13377.0,Eğitim Fakültesi,(Burslu) (İngilizce),ANKARA,VAKIF,0,,,,,,,,,,,,,,,,,,,,,,,,,,,,,,,,,,,,,,,,,,,,,,,,,0,0.0,7,0,1,0,1,437.1910095214844,11848,448.84698486328125,7,0
205850626,İngilizce Öğretmenliği,UFUK ÜNİVERSİTESİ,4,DİL,"1, 18, 21, 22, 23, 24, 64, 124, 150, 160",13378.0,Eğitim Fakültesi,(%25 İndirimli) (İngilizce),ANKARA,VAKIF,0,,,,,,,,,,,,,,,,,,,,,,,,,,,,,,,,,,,,,,,,,,,,,,,,,0,0.0,41,0,0,0,0,161.55799865722656,152788,361.85101318359375,36,0
205850633,Hukuk,UFUK ÜNİVERSİTESİ,4,EŞİT AĞIRLIK,"18, 64, 124, 162",13390.0,Hukuk Fakültesi,(Ücretli),ANKARA,VAKIF,0,,,,,,,,,,,,,,,,,,,,,,,,,,,,,,,,,,,,,,,,,,,,,,,,,0,0.0,15,0,0,0,0,0.0,0,0.0,0,0
206710038,İktisadi ve İdari Bilimler Programları,TED ÜNİVERSİTESİ,4,EŞİT AĞIRLIK,"18, 21, 22, 23, 24, 64, 267",13206.0,İktisadi ve İdari Bilimler Fakültesi,(İngilizce) (Burslu),ANKARA,VAKIF,0,18.0,0.0,0.0,0.0,0.0,452.33061,388.10015,80187.0,18.0,9.0,14.0,9.0,4.0,5.0,7.0,10.0,10.0,1.0,1.0,2.0,0.0,299.0,312.0,41.0,44.0,79.0,107.0,218.0,250.0,17.0,1,0.0,3.0,0.0,17.0,442.12375,0.0,0.0,1.0,391.42547,0.0,0.0,0.0,0.0,0.0,3.0,0.0,0.0,48936,397.60001,19,0,3,0,1,400.7650146484375,33604,445.41400146484375,19,0
206710056,Mühendislik Programları,TED ÜNİVERSİTESİ,4,SAYISAL,"18, 21, 22, 23, 24, 64, 144, 267",13224.0,Mühendislik Fakültesi,(İngilizce) (Burslu),ANKARA,VAKIF,0,37.0,0.0,0.0,0.0,0.0,515.09284,492.98528,22181.0,37.0,10.0,8.0,27.0,32.0,20.0,26.0,16.0,14.0,1.0,0.0,0.0,0.0,875.0,549.0,118.0,58.0,328.0,184.0,681.0,413.0,38.0,1,0.0,4.0,0.0,38.0,519.62721,0.0,0.0,1.0,502.24139,0.0,0.0,1.0,393.0,0.0,3.0,0.0,0.0,17038,502.61707,33,0,4,0,1,479.0060119628906,20243,513.31201171875,33,0
206710074,İktisadi ve İdari Bilimler Programları,TED ÜNİVERSİTESİ,4,EŞİT AĞIRLIK,"18, 21, 22, 23, 24, 64, 267",13207.0,İktisadi ve İdari Bilimler Fakültesi,(İngilizce) (%50 İndirimli),ANKARA,VAKIF,0,102.0,0.0,0.0,0.0,0.0,386.83879,289.01223,488500.0,102.0,55.0,62.0,47.0,48.0,53.0,59.0,46.0,45.0,2.0,6.0,0.0,0.0,564.0,384.0,63.0,34.0,150.0,118.0,382.0,276.0,110.0,0,0.0,0.0,0.0,110.0,381.90316,0.0,0.0,0.0,0.0,0.0,0.0,0.0,0.0,7.0,0.0,0.0,0.0,575106,279.6852,120,0,0,0,0,277.85101318359375,525615,400.1940002441406,120,0
206710171,Psikoloji,TED ÜNİVERSİTESİ,4,EŞİT AĞIRLIK,"18, 22, 23, 24, 64, 267",13200.0,Fen-Edebiyat Fakültesi,(İngilizce) (Ücretli),ANKARA,VAKIF,0,22.0,0.0,0.0,0.0,0.0,323.63477,308.77916,355462.0,22.0,18.0,24.0,4.0,2.0,11.0,11.0,9.0,14.0,1.0,0.0,1.0,1.0,366.0,214.0,10.0,15.0,60.0,58.0,215.0,147.0,26.0,0,0.0,0.0,0.0,26.0,326.6941,0.0,0.0,0.0,0.0,0.0,0.0,0.0,0.0,1.0,0.0,0.0,0.0,455440,294.1073,30,0,0,0,0,286.0150146484375,454263,335.81500244140625,30,0
206710189,Psikoloji,TED ÜNİVERSİTESİ,4,EŞİT AĞIRLIK,"18, 21, 22, 23, 24, 64, 267",13201.0,Fen-Edebiyat Fakültesi,(İngilizce) (Burslu),ANKARA,VAKIF,0,14.0,0.0,0.0,0.0,0.0,471.78185,447.70901,9311.0,14.0,10.0,10.0,4.0,5.0,6.0,7.0,8.0,5.0,0.0,0.0,0.0,3.0,525.0,439.0,37.0,29.0,125.0,114.0,380.0,335.0,12.0,1,0.0,2.0,0.0,12.0,472.04019,0.0,0.0,1.0,447.53002,0.0,0.0,2.0,288.0,0.0,0.0,0.0,0.0,5384,455.21954,12,0,2,0,1,436.39300537109375,8252,466.89300537109375,12,0
206710198,Psikoloji,TED ÜNİVERSİTESİ,4,EŞİT AĞIRLIK,"18, 21, 22, 23, 24, 64, 267",13202.0,Fen-Edebiyat Fakültesi,(İngilizce) (%50 İndirimli),ANKARA,VAKIF,0,,,,,,,,,,,,,,,,,,,,,,,,,,,,,,,,,,,,,,,,,,,,,,,,,0,0.0,46,0,0,0,0,336.3890075683594,168047,408.84600830078125,46,0
206710223,Mühendislik Programları,TED ÜNİVERSİTESİ,4,SAYISAL,"18, 22, 23, 24, 64, 144, 267",13223.0,Mühendislik Fakültesi,(İngilizce) (Ücretli),ANKARA,VAKIF,0,38.0,0.0,0.0,0.0,0.0,407.68173,390.88399,116690.0,38.0,12.0,29.0,26.0,53.0,19.0,62.0,18.0,19.0,0.0,1.0,0.0,0.0,342.0,274.0,8.0,26.0,59.0,83.0,232.0,199.0,113.0,0,0.0,0.0,0.0,82.0,405.06799,0.0,0.0,0.0,0.0,0.0,0.0,0.0,0.0,32.0,0.0,0.0,0.0,0,0.0,42,0,0,0,0,291.32000732421875,295374,415.7170104980469,22,0
206710232,İngilizce Öğretmenliği,TED ÜNİVERSİTESİ,4,DİL,"1, 18, 21, 22, 23, 24, 64, 150, 267",13184.0,Eğitim Fakültesi,(İngilizce) (Burslu),ANKARA,VAKIF,0,8.0,0.0,0.0,0.0,0.0,477.10706,461.95145,7141.0,8.0,3.0,5.0,5.0,4.0,3.0,6.0,4.0,2.0,0.0,0.0,1.0,0.0,238.0,293.0,15.0,29.0,73.0,90.0,186.0,231.0,7.0,1,0.0,1.0,0.0,7.0,499.71393,0.0,0.0,1.0,464.43311,0.0,0.0,1.0,321.0,0.0,0.0,0.0,0.0,6856,468.81517,7,0,1,0,1,466.6400146484375,5566,477.260009765625,7,0
206710241,İngilizce Öğretmenliği,TED ÜNİVERSİTESİ,4,DİL,"1, 18, 21, 22, 23, 24, 64, 150, 267",13185.0,Eğitim Fakültesi,(İngilizce) (%50 İndirimli),ANKARA,VAKIF,0,42.0,0.0,0.0,0.0,0.0,443.6678,368.74957,35153.0,42.0,23.0,27.0,19.0,14.0,18.0,22.0,18.0,14.0,5.0,1.0,0.0,3.0,246.0,270.0,34.0,38.0,74.0,101.0,164.0,193.0,41.0,0,0.0,0.0,0.0,41.0,440.09869,0.0,0.0,0.0,0.0,0.0,0.0,0.0,0.0,1.0,0.0,0.0,0.0,36289,381.10959,38,0,0,0,0,372.5270080566406,36330,431.0740051269531,38,0
206710277,Sınıf Öğretmenliği,TED ÜNİVERSİTESİ,4,EŞİT AĞIRLIK,"1, 18, 21, 22, 23, 24, 64, 150, 267",13190.0,Eğitim Fakültesi,(İngilizce) (Burslu),ANKARA,VAKIF,0,7.0,0.0,0.0,0.0,0.0,421.76733,382.00799,92934.0,7.0,5.0,4.0,2.0,2.0,0.0,3.0,6.0,2.0,0.0,1.0,1.0,0.0,154.0,192.0,11.0,14.0,28.0,46.0,91.0,115.0,5.0,1,0.0,1.0,0.0,5.0,390.98624,0.0,0.0,1.0,378.15285,0.0,0.0,0.0,0.0,0.0,1.0,0.0,0.0,65105,388.29515,5,0,1,0,1,375.2449951171875,69863,387.5539855957031,5,0
206710286,Sınıf Öğretmenliği,TED ÜNİVERSİTESİ,4,EŞİT AĞIRLIK,"1, 18, 21, 22, 23, 24, 64, 150, 267",13191.0,Eğitim Fakültesi,(İngilizce) (%50 İndirimli),ANKARA,VAKIF,0,41.0,0.0,0.0,0.0,0.0,360.64153,320.46482,293116.0,38.0,33.0,24.0,5.0,3.0,10.0,4.0,26.0,20.0,2.0,2.0,0.0,0.0,111.0,67.0,11.0,3.0,23.0,14.0,65.0,45.0,35.0,0,0.0,0.0,0.0,27.0,357.55914,0.0,0.0,0.0,0.0,0.0,0.0,0.0,0.0,9.0,0.0,0.0,0.0,0,0.0,30,0,0,0,0,320.7590026855469,231719,355.7250061035156,30,0
206710302,İlköğretim Matematik Öğretmenliği,TED ÜNİVERSİTESİ,4,SAYISAL,"1, 18, 21, 22, 23, 24, 64, 150, 267",13179.0,Eğitim Fakültesi,(İngilizce) (Burslu),ANKARA,VAKIF,0,6.0,0.0,0.0,0.0,0.0,453.84363,438.60732,66832.0,6.0,6.0,3.0,0.0,3.0,1.0,2.0,5.0,4.0,0.0,0.0,0.0,0.0,124.0,82.0,15.0,7.0,26.0,22.0,70.0,46.0,5.0,1,0.0,1.0,0.0,5.0,438.85382,0.0,0.0,1.0,404.07194,0.0,0.0,0.0,0.0,0.0,1.0,0.0,0.0,74486,432.6482,5,0,1,0,1,339.1510009765625,167369,412.2919921875,5,0
206710311,İlköğretim Matematik Öğretmenliği,TED ÜNİVERSİTESİ,4,SAYISAL,"1, 18, 21, 22, 23, 24, 64, 150, 267",13182.0,Eğitim Fakültesi,(İngilizce) (%50 İndirimli),ANKARA,VAKIF,0,36.0,0.0,0.0,0.0,0.0,425.54542,307.49456,271375.0,36.0,31.0,22.0,5.0,8.0,6.0,8.0,29.0,22.0,0.0,0.0,1.0,0.0,116.0,86.0,8.0,7.0,28.0,24.0,67.0,46.0,36.0,0,0.0,0.0,0.0,30.0,413.36218,0.0,0.0,0.0,0.0,0.0,0.0,0.0,0.0,7.0,0.0,0.0,0.0,0,0.0,35,0,0,0,0,291.40899658203125,295056,293.5169982910156,2,0
206710338,Sosyoloji,TED ÜNİVERSİTESİ,4,EŞİT AĞIRLIK,"18, 21, 22, 23, 24, 64, 267",13203.0,Fen-Edebiyat Fakültesi,(İngilizce) (Burslu),ANKARA,VAKIF,0,3.0,0.0,0.0,0.0,0.0,397.70442,385.2712,85964.0,3.0,2.0,1.0,1.0,4.0,0.0,2.0,2.0,1.0,0.0,2.0,1.0,0.0,105.0,66.0,11.0,3.0,26.0,15.0,61.0,47.0,4.0,1,0.0,0.0,0.0,4.0,397.91087,0.0,0.0,1.0,316.13704,0.0,0.0,0.0,0.0,0.0,0.0,0.0,0.0,81518,380.18652,4,0,0,0,1,365.0,89626,372.3699951171875,4,0
206710347,Sosyoloji,TED ÜNİVERSİTESİ,4,EŞİT AĞIRLIK,"18, 21, 22, 23, 24, 64, 267",13204.0,Fen-Edebiyat Fakültesi,(İngilizce) (%50 İndirimli),ANKARA,VAKIF,0,17.0,0.0,0.0,0.0,0.0,381.94849,263.08601,726599.0,17.0,14.0,15.0,3.0,4.0,3.0,4.0,13.0,7.0,1.0,4.0,0.0,2.0,96.0,103.0,6.0,3.0,24.0,9.0,54.0,61.0,19.0,0,0.0,0.0,0.0,19.0,316.87923,0.0,0.0,0.0,0.0,0.0,0.0,0.0,0.0,8.0,0.0,0.0,0.0,1508544,204.46344,19,0,0,0,0,249.66900634765625,835603,340.40301513671875,19,0
206710365,Okul Öncesi Öğretmenliği,TED ÜNİVERSİTESİ,4,SÖZEL,"1, 18, 21, 22, 23, 24, 64, 150, 267",13186.0,Eğitim Fakültesi,(İngilizce) (Burslu),ANKARA,VAKIF,0,8.0,0.0,0.0,0.0,0.0,452.9647,423.25641,8531.0,8.0,8.0,6.0,0.0,2.0,2.0,2.0,5.0,1.0,0.0,2.0,1.0,3.0,143.0,127.0,19.0,23.0,57.0,56.0,110.0,98.0,7.0,1,0.0,1.0,0.0,7.0,443.61331,0.0,0.0,1.0,430.40997,0.0,0.0,0.0,0.0,0.0,1.0,0.0,0.0,4358,434.6263,6,0,1,0,1,446.7080078125,4009,465.5660095214844,6,0
206710374,Okul Öncesi Öğretmenliği,TED ÜNİVERSİTESİ,4,SÖZEL,"1, 18, 21, 22, 23, 24, 64, 150, 267",13187.0,Eğitim Fakültesi,(İngilizce) (%50 İndirimli),ANKARA,VAKIF,0,46.0,0.0,0.0,0.0,0.0,390.98375,343.78068,130276.0,46.0,45.0,35.0,1.0,2.0,15.0,12.0,29.0,19.0,1.0,1.0,1.0,5.0,197.0,75.0,35.0,16.0,79.0,30.0,143.0,55.0,41.0,0,0.0,0.0,0.0,37.0,400.13682,0.0,0.0,0.0,0.0,0.0,0.0,0.0,0.0,14.0,0.0,0.0,0.0,0,0.0,40,0,0,0,0,325.12701416015625,243254,395.0249938964844,40,0
206710408,Rehberlik ve Psikolojik Danışmanlık,TED ÜNİVERSİTESİ,4,EŞİT AĞIRLIK,"18, 21, 22, 23, 24, 64, 150, 267",13188.0,Eğitim Fakültesi,(İngilizce) (Burslu),ANKARA,VAKIF,0,8.0,0.0,0.0,0.0,0.0,418.95217,395.557,65553.0,8.0,6.0,5.0,2.0,1.0,2.0,3.0,4.0,2.0,2.0,1.0,0.0,0.0,223.0,239.0,14.0,16.0,43.0,49.0,124.0,151.0,5.0,1,0.0,1.0,0.0,5.0,435.20092,0.0,0.0,1.0,395.12145,0.0,0.0,0.0,0.0,0.0,1.0,0.0,0.0,38702,404.40303,4,0,1,0,1,391.2030029296875,45156,395.50799560546875,4,0
206710417,Rehberlik ve Psikolojik Danışmanlık,TED ÜNİVERSİTESİ,4,EŞİT AĞIRLIK,"18, 21, 22, 23, 24, 64, 150, 267",13189.0,Eğitim Fakültesi,(İngilizce) (%50 İndirimli),ANKARA,VAKIF,0,46.0,0.0,0.0,0.0,0.0,373.89405,319.62089,297362.0,32.0,26.0,19.0,6.0,3.0,8.0,7.0,21.0,15.0,3.0,0.0,0.0,0.0,152.0,105.0,3.0,5.0,19.0,26.0,84.0,67.0,34.0,0,0.0,0.0,0.0,22.0,352.34149,0.0,0.0,0.0,0.0,0.0,0.0,0.0,0.0,13.0,0.0,0.0,0.0,0,0.0,26,0,0,0,0,327.0419921875,203886,385.7760009765625,26,0
206710436,Matematik,TED ÜNİVERSİTESİ,4,SAYISAL,"18, 21, 22, 23, 24, 64, 267",13196.0,Fen-Edebiyat Fakültesi,(İngilizce) (Burslu),ANKARA,VAKIF,0,3.0,0.0,0.0,0.0,0.0,452.95843,427.39501,77389.0,3.0,2.0,2.0,1.0,3.0,1.0,3.0,1.0,2.0,1.0,0.0,0.0,0.0,222.0,158.0,12.0,13.0,36.0,34.0,124.0,92.0,4.0,1,0.0,0.0,0.0,4.0,464.17105,0.0,0.0,1.0,424.61645,0.0,0.0,0.0,0.0,0.0,0.0,0.0,0.0,62847,444.95737,3,0,1,0,1,411.7659912109375,70745,471.927001953125,3,0
206710437,İngiliz Dili ve Edebiyatı,TED ÜNİVERSİTESİ,4,DİL,"18, 21, 22, 23, 24, 64, 267",13194.0,Fen-Edebiyat Fakültesi,(İngilizce) (Burslu),ANKARA,VAKIF,0,10.0,0.0,0.0,0.0,0.0,457.71304,444.9724,10540.0,10.0,8.0,6.0,2.0,4.0,2.0,5.0,3.0,4.0,2.0,0.0,1.0,1.0,299.0,337.0,18.0,24.0,60.0,87.0,200.0,235.0,8.0,1,0.0,1.0,0.0,8.0,479.97823,0.0,0.0,1.0,441.1179,0.0,0.0,1.0,349.0,1.0,0.0,0.0,0.0,8659,459.32953,8,0,1,0,1,459.9590148925781,6715,468.7179870605469,8,0
206710438,İngiliz Dili ve Edebiyatı,TED ÜNİVERSİTESİ,4,DİL,"18, 21, 22, 23, 24, 64, 267",13195.0,Fen-Edebiyat Fakültesi,(İngilizce) (%50 İndirimli),ANKARA,VAKIF,0,52.0,0.0,0.0,0.0,0.0,417.46184,332.53187,49188.0,52.0,36.0,30.0,16.0,17.0,20.0,24.0,28.0,19.0,1.0,1.0,2.0,0.0,318.0,279.0,19.0,23.0,83.0,82.0,208.0,198.0,47.0,0,0.0,0.0,0.0,47.0,453.58202,0.0,0.0,0.0,0.0,0.0,0.0,0.0,0.0,0.0,0.0,0.0,0.0,51564,346.76108,47,0,0,0,0,323.6919860839844,60278,407.54901123046875,47,0
206710449,Matematik,TED ÜNİVERSİTESİ,4,SAYISAL,"18, 21, 22, 23, 24, 64, 267",13197.0,Fen-Edebiyat Fakültesi,(İngilizce) (%50 İndirimli),ANKARA,VAKIF,0,17.0,0.0,0.0,0.0,0.0,394.5894,271.4877,400596.0,17.0,6.0,12.0,11.0,7.0,6.0,8.0,10.0,11.0,1.0,0.0,0.0,0.0,160.0,157.0,11.0,19.0,31.0,43.0,87.0,98.0,19.0,0,0.0,0.0,0.0,19.0,410.9974,0.0,0.0,0.0,0.0,0.0,0.0,0.0,0.0,1.0,0.0,0.0,0.0,364983,290.77519,22,0,0,0,0,207.0590057373047,1035663,325.20098876953125,20,0
206710458,Yazılım Mühendisliği,TED ÜNİVERSİTESİ,4,SAYISAL,"18, 21, 22, 23, 24, 64, 144, 267",13227.0,Mühendislik Fakültesi,(İngilizce) (Burslu),ANKARA,VAKIF,0,8.0,0.0,0.0,0.0,0.0,508.40604,494.57487,21059.0,8.0,0.0,2.0,8.0,7.0,6.0,4.0,2.0,5.0,0.0,0.0,0.0,0.0,1116.0,654.0,92.0,66.0,319.0,177.0,786.0,441.0,7.0,1,0.0,1.0,0.0,7.0,513.55607,0.0,0.0,1.0,502.19129,0.0,0.0,1.0,401.0,0.0,0.0,0.0,0.0,13034,509.45407,5,0,1,0,1,488.5639953613281,15357,506.0740051269531,5,0
206710460,Görsel İletişim Tasarımı,TED ÜNİVERSİTESİ,4,SÖZEL,"18, 21, 22, 23, 24, 64, 267",13212.0,Mimarlık ve Tasarım Fakültesi,(İngilizce) (Burslu),ANKARA,VAKIF,0,6.0,0.0,0.0,0.0,0.0,464.61082,437.57186,4515.0,6.0,3.0,5.0,3.0,1.0,2.0,4.0,1.0,1.0,2.0,1.0,1.0,0.0,221.0,172.0,41.0,29.0,97.0,82.0,179.0,146.0,5.0,1,0.0,1.0,0.0,5.0,467.34149,0.0,0.0,1.0,445.02635,0.0,0.0,0.0,0.0,0.0,1.0,0.0,0.0,1374,458.27375,5,0,1,0,1,471.0140075683594,1213,476.9209899902344,5,0
206710461,Görsel İletişim Tasarımı,TED ÜNİVERSİTESİ,4,SÖZEL,"18, 21, 22, 23, 24, 64, 267",13213.0,Mimarlık ve Tasarım Fakültesi,(İngilizce) (%50 İndirimli),ANKARA,VAKIF,0,36.0,0.0,0.0,0.0,0.0,385.98561,305.3074,317706.0,36.0,27.0,18.0,9.0,12.0,21.0,17.0,11.0,12.0,2.0,0.0,1.0,0.0,197.0,142.0,12.0,11.0,42.0,43.0,139.0,102.0,30.0,0,0.0,0.0,0.0,30.0,419.19929,0.0,0.0,0.0,0.0,0.0,0.0,0.0,0.0,1.0,0.0,0.0,0.0,400137,293.00411,35,0,0,0,0,295.25,430693,361.843994140625,35,0
206710462,Yazılım Mühendisliği,TED ÜNİVERSİTESİ,4,SAYISAL,"18, 22, 23, 24, 64, 144, 267",13226.0,Mühendislik Fakültesi,(İngilizce) (Ücretli),ANKARA,VAKIF,0,20.0,0.0,0.0,0.0,0.0,427.49624,383.09823,126297.0,20.0,8.0,11.0,12.0,18.0,6.0,14.0,13.0,14.0,1.0,0.0,0.0,0.0,246.0,198.0,2.0,8.0,24.0,55.0,135.0,127.0,47.0,0,0.0,0.0,0.0,29.0,469.01949,0.0,0.0,0.0,0.0,0.0,0.0,0.0,0.0,22.0,0.0,0.0,0.0,0,0.0,9,0,0,0,0,290.75,297702,318.07501220703125,8,0
206710463,Endüstriyel Tasarım,TED ÜNİVERSİTESİ,4,SAYISAL,"18, 21, 22, 23, 24, 64, 267",13210.0,Mimarlık ve Tasarım Fakültesi,(İngilizce) (Burslu),ANKARA,VAKIF,0,6.0,0.0,0.0,0.0,0.0,468.2082,437.64272,67708.0,6.0,4.0,6.0,2.0,1.0,3.0,0.0,3.0,5.0,0.0,1.0,0.0,1.0,219.0,229.0,15.0,24.0,67.0,76.0,152.0,172.0,5.0,1,0.0,1.0,0.0,5.0,467.29845,0.0,0.0,1.0,393.56729,0.0,0.0,1.0,217.0,0.0,0.0,0.0,0.0,51436,457.51533,5,0,1,0,1,426.0190124511719,57735,451.17999267578125,5,0
206710464,Endüstriyel Tasarım,TED ÜNİVERSİTESİ,4,SAYISAL,"18, 21, 22, 23, 24, 64, 267",13211.0,Mimarlık ve Tasarım Fakültesi,(İngilizce) (%50 İndirimli),ANKARA,VAKIF,0,36.0,0.0,0.0,0.0,0.0,434.54992,302.17172,286882.0,36.0,28.0,24.0,8.0,6.0,21.0,16.0,15.0,14.0,0.0,0.0,0.0,0.0,357.0,296.0,26.0,28.0,72.0,77.0,220.0,199.0,30.0,0,0.0,0.0,0.0,30.0,387.12517,0.0,0.0,0.0,0.0,0.0,0.0,0.0,0.0,2.0,0.0,0.0,0.0,262971,319.38418,30,0,0,0,0,292.4750061035156,291237,373.60198974609375,30,0
206710467,İç Mimarlık ve Çevre Tasarımı,TED ÜNİVERSİTESİ,4,EŞİT AĞIRLIK,"18, 21, 22, 23, 24, 64, 267",13214.0,Mimarlık ve Tasarım Fakültesi,(İngilizce) (Burslu),ANKARA,VAKIF,0,9.0,0.0,0.0,0.0,0.0,425.97104,391.1658,73997.0,9.0,8.0,11.0,1.0,0.0,6.0,2.0,2.0,9.0,0.0,0.0,1.0,0.0,285.0,281.0,22.0,26.0,89.0,93.0,210.0,209.0,9.0,1,0.0,1.0,0.0,9.0,428.78185,0.0,0.0,1.0,375.15251,0.0,0.0,1.0,208.0,0.0,0.0,0.0,0.0,55446,393.70113,7,0,1,0,1,381.09100341796875,59966,424.1189880371094,7,0
206710468,Şehir ve Bölge Planlama,TED ÜNİVERSİTESİ,4,SAYISAL,"18, 21, 22, 23, 24, 64, 267",13220.0,Mimarlık ve Tasarım Fakültesi,(İngilizce) (Burslu),ANKARA,VAKIF,0,5.0,0.0,0.0,0.0,0.0,385.68449,363.61565,153639.0,5.0,3.0,4.0,2.0,1.0,1.0,1.0,3.0,3.0,1.0,1.0,0.0,0.0,192.0,125.0,19.0,9.0,51.0,40.0,126.0,75.0,4.0,1,0.0,0.0,0.0,4.0,424.13107,0.0,0.0,1.0,333.98833,0.0,0.0,0.0,0.0,0.0,0.0,0.0,0.0,99532,409.26888,4,0,0,0,1,389.51300048828125,94037,414.2090148925781,4,0
206710469,Şehir ve Bölge Planlama,TED ÜNİVERSİTESİ,4,SAYISAL,"18, 21, 22, 23, 24, 64, 267",13221.0,Mimarlık ve Tasarım Fakültesi,(İngilizce) (%50 İndirimli),ANKARA,VAKIF,0,15.0,0.0,0.0,0.0,0.0,335.8223,270.25379,406371.0,15.0,11.0,11.0,4.0,8.0,9.0,8.0,5.0,10.0,1.0,0.0,0.0,1.0,136.0,128.0,5.0,11.0,29.0,38.0,76.0,90.0,19.0,0,0.0,0.0,0.0,19.0,350.16173,0.0,0.0,0.0,0.0,0.0,0.0,0.0,0.0,2.0,0.0,0.0,0.0,446773,274.04447,21,0,0,0,0,266.5320129394531,412516,361.6960144042969,21,0
206710471,Mimarlık,TED ÜNİVERSİTESİ,4,SAYISAL,"18, 21, 22, 23, 24, 64, 143, 267",13216.0,Mimarlık ve Tasarım Fakültesi,(İngilizce) (Burslu),ANKARA,VAKIF,0,11.0,0.0,0.0,0.0,0.0,461.63602,447.55088,58762.0,11.0,7.0,8.0,4.0,2.0,10.0,8.0,1.0,2.0,0.0,0.0,0.0,0.0,250.0,250.0,15.0,25.0,57.0,66.0,168.0,175.0,9.0,1,0.0,1.0,0.0,9.0,468.55678,0.0,0.0,1.0,446.35445,0.0,0.0,0.0,0.0,0.0,1.0,0.0,0.0,50227,458.94895,7,0,1,0,1,428.78399658203125,55333,449.0360107421875,7,0
206710472,Mimarlık,TED ÜNİVERSİTESİ,4,SAYISAL,"18, 21, 22, 23, 24, 64, 143, 267",13217.0,Mimarlık ve Tasarım Fakültesi,(İngilizce) (%50 İndirimli),ANKARA,VAKIF,0,,,,,,,,,,,,,,,,,,,,,,,,,,,,,,,,,,,,,,,,,,,,,,,,,0,0.0,46,0,0,0,0,305.2980041503906,248356,384.12701416015625,33,0
206710479,İngilizce Öğretmenliği,TED ÜNİVERSİTESİ,4,DİL,"1, 18, 22, 23, 24, 64, 150, 267",13183.0,Eğitim Fakültesi,(İngilizce) (Ücretli),ANKARA,VAKIF,0,5.0,0.0,0.0,0.0,0.0,356.80829,312.69237,57304.0,5.0,5.0,5.0,0.0,1.0,1.0,4.0,3.0,2.0,1.0,0.0,0.0,0.0,78.0,62.0,6.0,3.0,17.0,8.0,44.0,43.0,6.0,0,0.0,0.0,0.0,6.0,360.13534,0.0,0.0,0.0,0.0,0.0,0.0,0.0,0.0,3.0,0.0,0.0,0.0,78504,292.37342,6,0,0,0,0,247.52499389648438,105530,339.1189880371094,6,0
206710493,İç Mimarlık ve Çevre Tasarımı,TED ÜNİVERSİTESİ,4,EŞİT AĞIRLIK,"18, 21, 22, 23, 24, 64, 267",13215.0,Mimarlık ve Tasarım Fakültesi,(İngilizce) (%25 İndirimli),ANKARA,VAKIF,0,53.0,0.0,0.0,0.0,0.0,384.0829,278.45467,575913.0,53.0,34.0,39.0,19.0,16.0,28.0,23.0,21.0,29.0,0.0,1.0,2.0,1.0,512.0,406.0,31.0,27.0,102.0,96.0,345.0,284.0,55.0,0,0.0,0.0,0.0,55.0,346.2111,0.0,0.0,0.0,0.0,0.0,0.0,0.0,0.0,2.0,0.0,0.0,0.0,694894,267.16761,42,0,0,0,0,266.37701416015625,639415,336.6990051269531,42,0
206710507,Mühendislik Programları,TED ÜNİVERSİTESİ,4,SAYISAL,"18, 21, 22, 23, 24, 64, 144, 267",13225.0,Mühendislik Fakültesi,(İngilizce) (%25 İndirimli),ANKARA,VAKIF,0,170.0,0.0,0.0,0.0,0.0,478.99441,407.78592,97546.0,170.0,57.0,52.0,113.0,75.0,93.0,72.0,75.0,54.0,0.0,0.0,0.0,0.0,703.0,438.0,45.0,43.0,133.0,112.0,464.0,274.0,127.0,0,0.0,0.0,0.0,127.0,479.06552,0.0,0.0,0.0,0.0,0.0,0.0,0.0,0.0,0.0,0.0,0.0,0.0,129343,385.74634,166,0,0,0,0,303.3810119628906,254184,456.3580017089844,166,0
206710521,İngiliz Dili ve Edebiyatı,TED ÜNİVERSİTESİ,4,DİL,"18, 22, 23, 24, 64, 267",13193.0,Fen-Edebiyat Fakültesi,(İngilizce) (Ücretli),ANKARA,VAKIF,0,,,,,,,,,,,4.0,,1.0,,3.0,,2.0,,0.0,,0.0,,56.0,,2.0,,9.0,,29.0,5.0,0,0.0,0.0,0.0,5.0,325.75881,0.0,0.0,0.0,0.0,0.0,0.0,0.0,0.0,2.0,0.0,0.0,0.0,110684,239.02555,5,0,0,0,0,296.4549865722656,74982,322.86199951171875,5,0
206710528,Endüstriyel Tasarım,TED ÜNİVERSİTESİ,4,SAYISAL,"18, 22, 23, 24, 64, 267",13209.0,Mimarlık ve Tasarım Fakültesi,(İngilizce) (Ücretli),ANKARA,VAKIF,0,,,,,,,,,,,2.0,,3.0,,4.0,,1.0,,0.0,,0.0,,121.0,,4.0,,25.0,,77.0,5.0,0,0.0,0.0,0.0,5.0,314.69666,0.0,0.0,0.0,0.0,0.0,0.0,0.0,0.0,1.0,0.0,0.0,0.0,317930,302.63755,6,0,0,0,0,261.37701416015625,444555,291.5419921875,6,0
206710542,Yazılım Mühendisliği,TED ÜNİVERSİTESİ,4,SAYISAL,"18, 21, 22, 23, 24, 64, 144, 267",13228.0,Mühendislik Fakültesi,(İngilizce) (%25 İndirimli),ANKARA,VAKIF,0,,,,,,,,,,,,,,,,,,,,,,,,,,,,,,,,,,,,,,,,,,,,,,,,,0,0.0,25,0,0,0,0,299.48699951171875,266696,440.947998046875,25,0
207910015,Tıp,YÜKSEK İHTİSAS ÜNİVERSİTESİ,6,SAYISAL,"21, 64, 129, 155",13830.0,Tıp Fakültesi,(Burslu),ANKARA,VAKIF,0,14.0,0.0,0.0,0.0,0.0,512.72861,506.7506,13336.0,14.0,9.0,6.0,5.0,8.0,7.0,10.0,7.0,4.0,0.0,0.0,0.0,0.0,269.0,400.0,8.0,10.0,25.0,42.0,135.0,213.0,12.0,1,0.0,2.0,0.0,12.0,512.5176,0.0,0.0,1.0,507.16244,0.0,0.0,1.0,487.0,0.0,1.0,0.0,0.0,13217,509.13948,10,0,2,0,1,497.4070129394531,11520,502.50799560546875,10,0
207910033,Tıp,YÜKSEK İHTİSAS ÜNİVERSİTESİ,6,SAYISAL,"64, 129, 155",13829.0,Tıp Fakültesi,(Ücretli),ANKARA,VAKIF,0,76.0,0.0,0.0,0.0,0.0,480.20786,457.97724,49683.0,58.0,32.0,43.0,26.0,24.0,24.0,27.0,33.0,38.0,1.0,1.0,0.0,1.0,351.0,584.0,15.0,56.0,26.0,133.0,174.0,255.0,67.0,0,0.0,0.0,0.0,67.0,489.28207,0.0,0.0,0.0,0.0,0.0,0.0,0.0,0.0,1.0,0.0,0.0,0.0,38475,472.51777,61,0,0,0,0,453.4679870605469,36080,469.5580139160156,61,0
207910042,Beslenme ve Diyetetik,YÜKSEK İHTİSAS ÜNİVERSİTESİ,4,SAYISAL,"21, 64, 129",13812.0,Sağlık Bilimleri Fakültesi,(Burslu),ANKARA,VAKIF,0,6.0,0.0,0.0,0.0,0.0,369.23641,361.54689,156744.0,6.0,6.0,7.0,0.0,1.0,2.0,2.0,4.0,3.0,0.0,0.0,0.0,3.0,262.0,185.0,7.0,9.0,31.0,34.0,152.0,129.0,7.0,1,0.0,1.0,0.0,7.0,379.97668,0.0,0.0,1.0,285.81128,0.0,0.0,0.0,0.0,0.0,1.0,0.0,0.0,178855,355.05371,5,0,1,0,1,335.8039855957031,173814,346.760986328125,5,0
207910078,Fizyoterapi ve Rehabilitasyon,YÜKSEK İHTİSAS ÜNİVERSİTESİ,4,SAYISAL,"21, 64, 129",13820.0,Sağlık Bilimleri Fakültesi,(Burslu),ANKARA,VAKIF,0,5.0,0.0,0.0,0.0,0.0,352.3911,340.70312,193172.0,5.0,3.0,4.0,2.0,2.0,0.0,1.0,5.0,5.0,0.0,0.0,0.0,0.0,280.0,190.0,11.0,3.0,37.0,18.0,154.0,99.0,5.0,1,0.0,1.0,0.0,5.0,359.38236,0.0,0.0,1.0,335.90715,0.0,0.0,0.0,0.0,0.0,1.0,0.0,0.0,207646,341.02734,6,0,1,0,1,310.62701416015625,233154,318.7359924316406,6,0
207910096,Sağlık Yönetimi,YÜKSEK İHTİSAS ÜNİVERSİTESİ,4,EŞİT AĞIRLIK,"21, 64, 129",13826.0,Sağlık Bilimleri Fakültesi,(Burslu),ANKARA,VAKIF,0,5.0,0.0,0.0,0.0,0.0,309.24757,297.32447,428023.0,5.0,4.0,6.0,1.0,0.0,2.0,1.0,3.0,5.0,0.0,0.0,0.0,0.0,197.0,150.0,6.0,7.0,25.0,22.0,100.0,96.0,5.0,1,0.0,1.0,0.0,5.0,319.69515,0.0,0.0,1.0,288.30869,0.0,0.0,0.0,0.0,0.0,1.0,0.0,0.0,390657,303.17248,6,0,1,0,1,297.87701416015625,364137,316.8819885253906,6,0
207910103,Hemşirelik,YÜKSEK İHTİSAS ÜNİVERSİTESİ,4,SAYISAL,"21, 64, 129",13823.0,Sağlık Bilimleri Fakültesi,(Burslu),ANKARA,VAKIF,0,8.0,0.0,0.0,0.0,0.0,378.61547,369.6062,144706.0,8.0,7.0,7.0,1.0,1.0,1.0,1.0,7.0,7.0,0.0,0.0,0.0,0.0,286.0,397.0,9.0,9.0,27.0,60.0,166.0,252.0,7.0,1,0.0,1.0,0.0,7.0,379.54186,0.0,0.0,1.0,365.6841,0.0,0.0,0.0,0.0,0.0,1.0,0.0,0.0,143807,375.7875,7,0,1,0,1,360.4100036621094,131586,371.5979919433594,7,0
207910112,Hemşirelik,YÜKSEK İHTİSAS ÜNİVERSİTESİ,4,SAYISAL,"64, 129",13822.0,Sağlık Bilimleri Fakültesi,(Ücretli),ANKARA,VAKIF,0,9.0,0.0,0.0,0.0,0.0,307.37646,266.92392,422487.0,9.0,6.0,3.0,3.0,2.0,3.0,0.0,6.0,4.0,0.0,0.0,0.0,1.0,468.0,283.0,45.0,34.0,100.0,79.0,248.0,179.0,5.0,0,0.0,0.0,0.0,5.0,305.22372,0.0,0.0,0.0,0.0,0.0,0.0,0.0,0.0,1.0,0.0,0.0,0.0,363469,291.12153,2,0,0,0,0,286.8059997558594,313098,294.5,2,0
207950014,Tıbbi Dokümantasyon ve Sekreterlik,YÜKSEK İHTİSAS ÜNİVERSİTESİ,2,TYT,"21, 64, 129",25417.0,Sağlık Hizmetleri Meslek Yüksekokulu,(Burslu),ANKARA,VAKIF,1,8.0,0.0,0.0,0.0,0.0,319.31008,310.28816,694876.0,8.0,7.0,8.0,1.0,2.0,3.0,2.0,5.0,6.0,0.0,0.0,0.0,2.0,205.0,422.0,9.0,23.0,24.0,78.0,85.0,209.0,8.0,1,0.0,1.0,0.0,8.0,334.76914,0.0,0.0,1.0,321.99662,0.0,0.0,1.0,199.0,1.0,0.0,0.0,0.0,638772,322.88024,8,0,1,0,1,334.197998046875,525179,344.5570068359375,8,0
207950032,Ameliyathane Hizmetleri,YÜKSEK İHTİSAS ÜNİVERSİTESİ,2,TYT,"64, 129",25401.0,Sağlık Hizmetleri Meslek Yüksekokulu,(Ücretli),ANKARA,VAKIF,1,5.0,0.0,0.0,0.0,0.0,252.16333,245.94073,1588828.0,5.0,5.0,4.0,0.0,1.0,2.0,0.0,3.0,4.0,0.0,1.0,0.0,0.0,133.0,161.0,4.0,8.0,13.0,25.0,52.0,74.0,5.0,0,0.0,0.0,0.0,5.0,256.08711,0.0,0.0,0.0,0.0,0.0,0.0,0.0,0.0,2.0,0.0,0.0,0.0,1599094,250.90109,5,0,0,0,0,268.6700134277344,1340073,270.77099609375,5,0
207950041,Ameliyathane Hizmetleri,YÜKSEK İHTİSAS ÜNİVERSİTESİ,2,TYT,"21, 64, 129",25402.0,Sağlık Hizmetleri Meslek Yüksekokulu,(Burslu),ANKARA,VAKIF,1,11.0,0.0,0.0,0.0,0.0,326.52377,312.64481,672623.0,11.0,9.0,10.0,2.0,1.0,3.0,3.0,4.0,7.0,1.0,0.0,1.0,0.0,286.0,295.0,6.0,13.0,21.0,40.0,101.0,126.0,10.0,1,0.0,1.0,0.0,10.0,328.33439,0.0,0.0,1.0,193.33797,0.0,0.0,0.0,0.0,0.0,1.0,0.0,0.0,656990,320.94314,10,0,1,0,1,328.85699462890625,570519,335.2640075683594,10,0
207950059,Elektronörofizyoloji,YÜKSEK İHTİSAS ÜNİVERSİTESİ,2,TYT,"21, 64, 129",25411.0,Sağlık Hizmetleri Meslek Yüksekokulu,(Burslu),ANKARA,VAKIF,1,8.0,0.0,0.0,0.0,0.0,328.14329,309.77362,699887.0,8.0,6.0,5.0,2.0,3.0,1.0,1.0,7.0,4.0,0.0,2.0,0.0,0.0,196.0,144.0,0.0,8.0,12.0,15.0,62.0,62.0,7.0,1,0.0,1.0,0.0,7.0,317.72521,0.0,0.0,1.0,236.69664,0.0,0.0,0.0,0.0,1.0,1.0,0.0,0.0,745434,312.1734,7,0,1,0,1,317.5480041503906,679544,321.239990234375,7,0
207950069,Anestezi,YÜKSEK İHTİSAS ÜNİVERSİTESİ,2,TYT,"21, 64, 129",25405.0,Sağlık Hizmetleri Meslek Yüksekokulu,(Burslu),ANKARA,VAKIF,1,10.0,0.0,0.0,0.0,0.0,358.15422,350.41795,389611.0,10.0,7.0,7.0,3.0,4.0,1.0,3.0,6.0,5.0,2.0,2.0,0.0,1.0,455.0,452.0,24.0,10.0,72.0,64.0,243.0,256.0,10.0,1,0.0,1.0,0.0,10.0,374.086,0.0,0.0,1.0,317.11242,0.0,0.0,0.0,0.0,0.0,1.0,0.0,0.0,368380,359.1973,10,0,1,0,1,360.8659973144531,349357,373.364990234375,10,0
207950072,Anestezi,YÜKSEK İHTİSAS ÜNİVERSİTESİ,2,TYT,"64, 129",25404.0,Sağlık Hizmetleri Meslek Yüksekokulu,(Ücretli),ANKARA,VAKIF,1,9.0,0.0,0.0,0.0,0.0,290.87765,272.87168,1130436.0,9.0,8.0,9.0,1.0,1.0,2.0,1.0,7.0,4.0,0.0,4.0,0.0,0.0,325.0,319.0,12.0,27.0,51.0,70.0,144.0,194.0,10.0,0,0.0,0.0,0.0,10.0,301.40327,0.0,0.0,0.0,0.0,0.0,0.0,0.0,0.0,2.0,0.0,0.0,0.0,1076439,284.89392,10,0,0,0,0,296.2409973144531,932030,305.6549987792969,10,0
207950073,Fizyoterapi ve Rehabilitasyon,YÜKSEK İHTİSAS ÜNİVERSİTESİ,4,SAYISAL,"21, 64, 129",13821.0,Sağlık Bilimleri Fakültesi,(%50 İndirimli),ANKARA,VAKIF,0,25.0,0.0,0.0,0.0,0.0,294.95191,260.99289,453367.0,25.0,16.0,25.0,9.0,7.0,11.0,12.0,12.0,19.0,0.0,1.0,2.0,0.0,293.0,493.0,8.0,26.0,22.0,93.0,136.0,305.0,32.0,0,0.0,0.0,0.0,32.0,297.822,0.0,0.0,0.0,0.0,0.0,0.0,0.0,0.0,4.0,0.0,0.0,0.0,412808,280.43554,36,0,0,0,0,253.17799377441406,504413,286.885009765625,36,0
207950076,Sağlık Yönetimi,YÜKSEK İHTİSAS ÜNİVERSİTESİ,4,EŞİT AĞIRLIK,"21, 64, 129",13827.0,Sağlık Bilimleri Fakültesi,(%50 İndirimli),ANKARA,VAKIF,0,25.0,0.0,0.0,0.0,0.0,263.68408,210.21453,1425990.0,25.0,15.0,21.0,10.0,11.0,7.0,17.0,16.0,11.0,1.0,1.0,0.0,2.0,82.0,321.0,4.0,27.0,10.0,75.0,36.0,175.0,32.0,0,0.0,0.0,0.0,32.0,282.32232,0.0,0.0,0.0,0.0,0.0,0.0,0.0,0.0,6.0,0.0,0.0,0.0,1163995,228.63798,36,0,0,0,0,226.12399291992188,1159674,288.5899963378906,36,0
207950079,Tıbbi Dokümantasyon ve Sekreterlik,YÜKSEK İHTİSAS ÜNİVERSİTESİ,2,TYT,"21, 64, 129",25418.0,Sağlık Hizmetleri Meslek Yüksekokulu,(%50 İndirimli),ANKARA,VAKIF,1,45.0,0.0,0.0,0.0,0.0,302.8748,226.30885,2006920.0,45.0,33.0,29.0,12.0,16.0,11.0,12.0,30.0,28.0,2.0,4.0,0.0,0.0,214.0,981.0,8.0,142.0,20.0,280.0,80.0,572.0,45.0,0,0.0,0.0,0.0,45.0,319.35211,0.0,0.0,0.0,0.0,0.0,0.0,0.0,0.0,4.0,0.0,0.0,0.0,1272300,271.21435,45,0,0,0,0,278.4679870605469,1186147,327.64300537109375,45,0
207950081,Beslenme ve Diyetetik,YÜKSEK İHTİSAS ÜNİVERSİTESİ,4,SAYISAL,"21, 64, 129",13813.0,Sağlık Bilimleri Fakültesi,(%50 İndirimli),ANKARA,VAKIF,0,34.0,0.0,0.0,0.0,0.0,307.86405,270.07989,407221.0,34.0,31.0,38.0,3.0,2.0,6.0,10.0,26.0,25.0,0.0,2.0,2.0,1.0,269.0,538.0,10.0,39.0,66.0,147.0,157.0,362.0,40.0,0,0.0,0.0,0.0,40.0,332.6377,0.0,0.0,0.0,0.0,0.0,0.0,0.0,0.0,0.0,0.0,0.0,0.0,392746,284.58633,32,0,0,0,0,261.34100341796875,444794,309.8819885253906,32,0
207950084,Hemşirelik,YÜKSEK İHTİSAS ÜNİVERSİTESİ,4,SAYISAL,"21, 64, 129",13824.0,Sağlık Bilimleri Fakültesi,(%50 İndirimli),ANKARA,VAKIF,0,38.0,0.0,0.0,0.0,0.0,344.945,289.26932,329203.0,38.0,32.0,31.0,6.0,11.0,5.0,9.0,31.0,31.0,1.0,2.0,1.0,0.0,518.0,904.0,29.0,148.0,93.0,359.0,290.0,670.0,42.0,0,0.0,0.0,0.0,42.0,337.91468,0.0,0.0,0.0,0.0,0.0,0.0,0.0,0.0,1.0,0.0,0.0,0.0,270783,316.74681,45,0,0,0,0,301.9909973144531,258582,345.5350036621094,45,0
207950087,Tıbbi Tanıtım ve Pazarlama,YÜKSEK İHTİSAS ÜNİVERSİTESİ,2,TYT,"21, 64, 129",25422.0,Sağlık Hizmetleri Meslek Yüksekokulu,(Burslu),ANKARA,VAKIF,1,5.0,0.0,0.0,0.0,0.0,417.36913,282.24686,1012276.0,5.0,1.0,3.0,4.0,2.0,1.0,2.0,2.0,1.0,2.0,1.0,0.0,0.0,127.0,109.0,23.0,9.0,37.0,19.0,76.0,57.0,4.0,1,0.0,1.0,0.0,4.0,324.91244,0.0,0.0,1.0,212.16245,0.0,0.0,0.0,0.0,0.0,1.0,0.0,0.0,825672,304.88939,4,0,1,0,1,309.5320129394531,767119,319.31298828125,4,0
207950088,Tıbbi Tanıtım ve Pazarlama,YÜKSEK İHTİSAS ÜNİVERSİTESİ,2,TYT,"21, 64, 129",25423.0,Sağlık Hizmetleri Meslek Yüksekokulu,(%50 İndirimli),ANKARA,VAKIF,1,25.0,0.0,0.0,0.0,0.0,235.64562,168.23938,2908038.0,19.0,7.0,16.0,12.0,14.0,4.0,6.0,14.0,20.0,0.0,2.0,1.0,0.0,33.0,134.0,1.0,12.0,3.0,29.0,9.0,76.0,30.0,0,0.0,0.0,0.0,30.0,283.38124,0.0,0.0,0.0,0.0,0.0,0.0,0.0,0.0,11.0,0.0,0.0,0.0,2305491,213.5684,30,0,0,0,0,215.54299926757812,2278051,273.17498779296875,30,0
207950091,Tıbbi Laboratuvar Teknikleri,YÜKSEK İHTİSAS ÜNİVERSİTESİ,2,TYT,"21, 64, 129",25420.0,Sağlık Hizmetleri Meslek Yüksekokulu,(Burslu),ANKARA,VAKIF,1,10.0,0.0,0.0,0.0,0.0,335.2899,321.70039,591952.0,10.0,10.0,7.0,0.0,3.0,0.0,3.0,8.0,6.0,0.0,0.0,2.0,1.0,315.0,269.0,10.0,13.0,26.0,29.0,116.0,120.0,9.0,1,0.0,2.0,0.0,9.0,336.05475,0.0,0.0,1.0,305.98422,0.0,0.0,0.0,0.0,0.0,2.0,0.0,0.0,600102,327.14069,9,0,2,0,1,334.6889953613281,521298,339.0010070800781,9,0
207950094,Biyomedikal Cihaz Teknolojisi,YÜKSEK İHTİSAS ÜNİVERSİTESİ,2,TYT,"21, 64, 129",25408.0,Sağlık Hizmetleri Meslek Yüksekokulu,(Burslu),ANKARA,VAKIF,1,5.0,0.0,0.0,0.0,0.0,316.86556,304.97489,748059.0,5.0,2.0,3.0,3.0,2.0,0.0,0.0,2.0,5.0,1.0,0.0,2.0,0.0,263.0,149.0,16.0,3.0,45.0,14.0,132.0,72.0,5.0,1,0.0,1.0,0.0,5.0,311.79562,0.0,0.0,0.0,0.0,0.0,0.0,0.0,0.0,0.0,1.0,0.0,1.0,778942,309.04812,5,0,1,0,1,316.9020080566406,686162,325.7829895019531,5,0
207950095,Biyomedikal Cihaz Teknolojisi,YÜKSEK İHTİSAS ÜNİVERSİTESİ,2,TYT,"21, 64, 129",25409.0,Sağlık Hizmetleri Meslek Yüksekokulu,(%50 İndirimli),ANKARA,VAKIF,1,32.0,0.0,0.0,0.0,0.0,267.84992,225.35664,2029750.0,32.0,9.0,12.0,23.0,17.0,12.0,12.0,19.0,15.0,0.0,1.0,0.0,0.0,132.0,354.0,0.0,20.0,16.0,69.0,55.0,184.0,29.0,0,0.0,0.0,0.0,29.0,282.45502,0.0,0.0,0.0,0.0,0.0,0.0,0.0,0.0,4.0,0.0,0.0,0.0,1708913,244.57827,29,0,0,0,0,248.9720001220703,1670555,290.6759948730469,29,0
207950097,Optisyenlik,YÜKSEK İHTİSAS ÜNİVERSİTESİ,2,TYT,"21, 64, 129",25414.0,Sağlık Hizmetleri Meslek Yüksekokulu,(Burslu),ANKARA,VAKIF,1,8.0,0.0,0.0,0.0,0.0,370.27045,343.89512,431318.0,8.0,3.0,6.0,5.0,2.0,0.0,1.0,1.0,1.0,0.0,2.0,7.0,4.0,259.0,170.0,14.0,6.0,104.0,58.0,194.0,123.0,7.0,1,0.0,1.0,0.0,7.0,371.70145,0.0,0.0,1.0,317.38835,0.0,0.0,0.0,0.0,0.0,1.0,0.0,0.0,490611,340.59729,7,0,1,0,1,345.04998779296875,444726,355.2980041503906,7,0
207950100,Eczane Hizmetleri,YÜKSEK İHTİSAS ÜNİVERSİTESİ,2,TYT,"21, 64, 129",25398.0,Meslek Yüksekokulu,(Burslu),ANKARA,VAKIF,1,6.0,0.0,0.0,0.0,0.0,321.82379,312.28107,670833.0,6.0,4.0,6.0,2.0,1.0,1.0,1.0,4.0,4.0,1.0,2.0,0.0,0.0,227.0,213.0,4.0,10.0,29.0,29.0,101.0,98.0,6.0,1,0.0,1.0,0.0,6.0,331.36543,0.0,0.0,1.0,209.20418,0.0,0.0,0.0,0.0,0.0,1.0,0.0,0.0,655995,321.04714,7,0,1,0,1,325.5849914550781,600178,329.9729919433594,7,0
207950103,Bilgisayar Programcılığı,YÜKSEK İHTİSAS ÜNİVERSİTESİ,2,TYT,"21, 64, 129",25395.0,Meslek Yüksekokulu,(Burslu),ANKARA,VAKIF,1,6.0,0.0,0.0,0.0,0.0,364.10163,350.17563,393882.0,6.0,1.0,1.0,5.0,6.0,1.0,0.0,4.0,4.0,1.0,2.0,0.0,0.0,407.0,246.0,15.0,7.0,63.0,38.0,251.0,154.0,6.0,1,0.0,1.0,0.0,6.0,382.95826,0.0,0.0,1.0,340.23941,0.0,0.0,0.0,0.0,0.0,1.0,0.0,0.0,336053,365.0737,7,0,1,0,1,349.3819885253906,416091,371.0,7,0
207950106,Bilgisayar Programcılığı,YÜKSEK İHTİSAS ÜNİVERSİTESİ,2,TYT,"64, 129",25394.0,Meslek Yüksekokulu,(Ücretli),ANKARA,VAKIF,1,4.0,0.0,0.0,0.0,0.0,276.23678,258.19091,1369469.0,4.0,1.0,1.0,3.0,4.0,1.0,2.0,2.0,2.0,0.0,0.0,1.0,1.0,109.0,100.0,3.0,3.0,6.0,12.0,40.0,52.0,5.0,0,0.0,0.0,0.0,5.0,296.83784,0.0,0.0,0.0,0.0,0.0,0.0,0.0,0.0,3.0,0.0,0.0,0.0,1300902,269.32391,5,0,0,0,0,256.3429870605469,1543749,275.7170104980469,5,0
207950108,Optisyenlik,YÜKSEK İHTİSAS ÜNİVERSİTESİ,2,TYT,"64, 129",25413.0,Sağlık Hizmetleri Meslek Yüksekokulu,(Ücretli),ANKARA,VAKIF,1,5.0,0.0,0.0,0.0,0.0,262.3361,242.36401,1658300.0,5.0,1.0,1.0,4.0,4.0,1.0,0.0,1.0,2.0,1.0,1.0,2.0,1.0,142.0,140.0,5.0,14.0,17.0,29.0,70.0,85.0,5.0,0,0.0,0.0,0.0,5.0,298.62618,0.0,0.0,0.0,0.0,0.0,0.0,0.0,0.0,3.0,0.0,0.0,0.0,1610693,250.22373,5,0,0,0,0,256.9490051269531,1533438,269.01300048828125,5,0
207950109,Tıbbi Laboratuvar Teknikleri,YÜKSEK İHTİSAS ÜNİVERSİTESİ,2,TYT,"64, 129",25419.0,Sağlık Hizmetleri Meslek Yüksekokulu,(Ücretli),ANKARA,VAKIF,1,9.0,0.0,0.0,0.0,0.0,266.13693,237.94535,1717695.0,9.0,5.0,8.0,4.0,2.0,0.0,0.0,8.0,6.0,1.0,1.0,0.0,1.0,149.0,231.0,4.0,9.0,12.0,30.0,45.0,105.0,10.0,0,0.0,0.0,0.0,10.0,268.46461,0.0,0.0,0.0,0.0,0.0,0.0,0.0,0.0,2.0,0.0,0.0,0.0,1496679,256.98177,10,0,0,0,0,263.12200927734375,1429842,278.0419921875,10,0
207950112,Dil ve Konuşma Terapisi,YÜKSEK İHTİSAS ÜNİVERSİTESİ,4,SAYISAL,"21, 64, 129",13817.0,Sağlık Bilimleri Fakültesi,(Burslu),ANKARA,VAKIF,0,6.0,0.0,0.0,0.0,0.0,429.61441,420.81493,83919.0,6.0,6.0,9.0,0.0,0.0,1.0,1.0,5.0,8.0,0.0,0.0,0.0,0.0,327.0,185.0,23.0,9.0,48.0,31.0,196.0,120.0,7.0,1,0.0,1.0,0.0,7.0,435.63983,0.0,0.0,1.0,408.64884,0.0,0.0,1.0,266.0,0.0,0.0,0.0,0.0,87168,420.41176,6,0,1,0,1,406.2959899902344,76145,410.5820007324219,6,0
207950114,Tıp,YÜKSEK İHTİSAS ÜNİVERSİTESİ,6,SAYISAL,"22, 23, 24, 64, 129, 155",13832.0,Tıp Fakültesi,(İngilizce) (Ücretli),ANKARA,VAKIF,0,42.0,0.0,0.0,0.0,0.0,476.2976,459.16981,48698.0,14.0,8.0,23.0,6.0,14.0,2.0,17.0,12.0,20.0,0.0,0.0,0.0,0.0,191.0,221.0,7.0,0.0,14.0,29.0,85.0,95.0,37.0,0,0.0,0.0,0.0,37.0,485.09883,0.0,0.0,0.0,0.0,0.0,0.0,0.0,0.0,1.0,0.0,0.0,0.0,44833,465.05535,33,0,0,0,0,448.2139892578125,39901,458.65301513671875,33,0
207950115,Tıp,YÜKSEK İHTİSAS ÜNİVERSİTESİ,6,SAYISAL,"21, 22, 23, 24, 64, 129, 155",13833.0,Tıp Fakültesi,(İngilizce) (Burslu),ANKARA,VAKIF,0,8.0,0.0,0.0,0.0,0.0,509.07149,505.05984,14346.0,8.0,5.0,5.0,3.0,3.0,5.0,6.0,2.0,1.0,1.0,0.0,0.0,0.0,178.0,226.0,1.0,4.0,10.0,19.0,65.0,96.0,7.0,1,0.0,1.0,0.0,7.0,512.38306,0.0,0.0,1.0,506.63283,0.0,0.0,0.0,0.0,0.0,1.0,0.0,0.0,13379,508.85832,6,0,1,0,1,496.5140075683594,11889,501.6570129394531,6,0
207950117,Dil ve Konuşma Terapisi,YÜKSEK İHTİSAS ÜNİVERSİTESİ,4,SAYISAL,"21, 64, 129",13818.0,Sağlık Bilimleri Fakültesi,(%50 İndirimli),ANKARA,VAKIF,0,34.0,0.0,0.0,0.0,0.0,407.3521,274.71283,386022.0,34.0,32.0,36.0,2.0,4.0,11.0,10.0,19.0,27.0,3.0,1.0,1.0,1.0,165.0,468.0,9.0,70.0,37.0,186.0,108.0,354.0,40.0,0,0.0,0.0,0.0,40.0,351.41321,0.0,0.0,0.0,0.0,0.0,0.0,0.0,0.0,1.0,0.0,0.0,0.0,290489,310.46632,36,0,0,0,0,296.4750061035156,277071,353.65399169921875,36,0
207950125,Bilgisayar Programcılığı,YÜKSEK İHTİSAS ÜNİVERSİTESİ,2,TYT,"21, 64, 129",25396.0,Meslek Yüksekokulu,(%50 İndirimli),ANKARA,VAKIF,1,25.0,0.0,0.0,0.0,0.0,316.11133,267.1278,1204939.0,25.0,4.0,10.0,21.0,23.0,7.0,10.0,15.0,19.0,2.0,3.0,1.0,0.0,391.0,548.0,7.0,33.0,49.0,115.0,220.0,323.0,33.0,0,0.0,0.0,0.0,33.0,305.33113,0.0,0.0,0.0,0.0,0.0,0.0,0.0,0.0,3.0,0.0,0.0,0.0,1105082,282.81087,37,0,0,0,0,270.8030090332031,1305688,318.2669982910156,37,0
207950132,Eczane Hizmetleri,YÜKSEK İHTİSAS ÜNİVERSİTESİ,2,TYT,"21, 64, 129",25399.0,Meslek Yüksekokulu,(%50 İndirimli),ANKARA,VAKIF,1,34.0,0.0,0.0,0.0,0.0,308.49961,240.58964,1693560.0,34.0,31.0,25.0,3.0,11.0,9.0,7.0,22.0,24.0,1.0,1.0,0.0,2.0,250.0,464.0,9.0,24.0,19.0,87.0,107.0,260.0,36.0,0,0.0,0.0,0.0,36.0,280.49923,0.0,0.0,0.0,0.0,0.0,0.0,0.0,0.0,3.0,0.0,0.0,0.0,1503533,256.56584,40,0,0,0,0,260.45098876953125,1474254,283.8909912109375,40,0
207950139,Ameliyathane Hizmetleri,YÜKSEK İHTİSAS ÜNİVERSİTESİ,2,TYT,"21, 64, 129",25403.0,Sağlık Hizmetleri Meslek Yüksekokulu,(%50 İndirimli),ANKARA,VAKIF,1,53.0,0.0,0.0,0.0,0.0,307.78578,253.52185,1449633.0,53.0,44.0,43.0,9.0,12.0,10.0,15.0,38.0,35.0,3.0,3.0,1.0,0.0,557.0,818.0,24.0,59.0,67.0,213.0,254.0,493.0,55.0,0,0.0,0.0,0.0,55.0,303.9842,0.0,0.0,0.0,0.0,0.0,0.0,0.0,0.0,2.0,0.0,0.0,0.0,1250305,272.69112,55,0,0,0,0,280.8070068359375,1150810,320.385986328125,55,0
207950146,Anestezi,YÜKSEK İHTİSAS ÜNİVERSİTESİ,2,TYT,"21, 64, 129",25406.0,Sağlık Hizmetleri Meslek Yüksekokulu,(%50 İndirimli),ANKARA,VAKIF,1,46.0,0.0,0.0,0.0,0.0,343.81766,290.99067,903073.0,46.0,38.0,42.0,8.0,8.0,9.0,11.0,34.0,36.0,0.0,2.0,2.0,1.0,1355.0,1296.0,143.0,191.0,329.0,450.0,798.0,908.0,50.0,0,0.0,0.0,0.0,50.0,336.89612,0.0,0.0,0.0,0.0,0.0,0.0,0.0,0.0,2.0,0.0,0.0,0.0,735932,313.08442,50,0,0,0,0,315.72900390625,698664,348.57000732421875,50,0
207950153,Elektronörofizyoloji,YÜKSEK İHTİSAS ÜNİVERSİTESİ,2,TYT,"21, 64, 129",25412.0,Sağlık Hizmetleri Meslek Yüksekokulu,(%50 İndirimli),ANKARA,VAKIF,1,45.0,0.0,0.0,0.0,0.0,282.35592,231.78475,1880763.0,45.0,35.0,31.0,10.0,9.0,5.0,13.0,32.0,22.0,5.0,5.0,0.0,0.0,174.0,429.0,5.0,40.0,15.0,108.0,60.0,266.0,40.0,0,0.0,0.0,0.0,40.0,300.36768,0.0,0.0,0.0,0.0,0.0,0.0,0.0,0.0,1.0,0.0,0.0,0.0,1512326,256.02829,40,0,0,0,0,265.0190124511719,1399083,303.4010009765625,40,0
207950160,Optisyenlik,YÜKSEK İHTİSAS ÜNİVERSİTESİ,2,TYT,"21, 64, 129",25415.0,Sağlık Hizmetleri Meslek Yüksekokulu,(%50 İndirimli),ANKARA,VAKIF,1,40.0,0.0,0.0,0.0,0.0,301.42577,247.84878,1552505.0,40.0,20.0,24.0,20.0,16.0,8.0,5.0,12.0,21.0,5.0,4.0,11.0,7.0,415.0,468.0,30.0,48.0,92.0,127.0,245.0,308.0,40.0,0,0.0,0.0,0.0,40.0,320.94441,0.0,0.0,0.0,0.0,0.0,0.0,0.0,0.0,8.0,0.0,0.0,0.0,1421159,261.61934,40,0,0,0,0,271.6700134277344,1291871,312.8110046386719,40,0
207950167,Tıbbi Laboratuvar Teknikleri,YÜKSEK İHTİSAS ÜNİVERSİTESİ,2,TYT,"21, 64, 129",25421.0,Sağlık Hizmetleri Meslek Yüksekokulu,(%50 İndirimli),ANKARA,VAKIF,1,49.0,0.0,0.0,0.0,0.0,305.83344,256.60658,1396183.0,49.0,32.0,46.0,17.0,9.0,14.0,8.0,27.0,38.0,6.0,4.0,1.0,2.0,614.0,955.0,29.0,62.0,73.0,196.0,279.0,544.0,55.0,0,0.0,0.0,0.0,55.0,333.98664,0.0,0.0,0.0,0.0,0.0,0.0,0.0,0.0,3.0,0.0,0.0,0.0,1199494,276.1527,55,0,0,0,0,287.6709899902344,1050090,321.875,55,0
207950174,Beslenme ve Diyetetik,YÜKSEK İHTİSAS ÜNİVERSİTESİ,4,SAYISAL,"64, 129",13811.0,Sağlık Bilimleri Fakültesi,(Ücretli),ANKARA,VAKIF,0,,,,,,,,,,,2.0,,0.0,,0.0,,1.0,,0.0,,0.0,,178.0,,12.0,,40.0,,116.0,2.0,0,0.0,0.0,0.0,2.0,281.07555,0.0,0.0,0.0,0.0,0.0,0.0,0.0,0.0,1.0,0.0,0.0,0.0,423576,278.34372,2,0,0,0,0,259.2460021972656,458985,262.0039978027344,2,0
207950181,Dil ve Konuşma Terapisi,YÜKSEK İHTİSAS ÜNİVERSİTESİ,4,SAYISAL,"64, 129",13816.0,Sağlık Bilimleri Fakültesi,(Ücretli),ANKARA,VAKIF,0,,,,,,,,,,,2.0,,0.0,,0.0,,2.0,,0.0,,0.0,,97.0,,11.0,,33.0,,64.0,2.0,0,0.0,0.0,0.0,2.0,308.08139,0.0,0.0,0.0,0.0,0.0,0.0,0.0,0.0,1.0,0.0,0.0,0.0,430990,276.93459,2,0,0,0,0,288.3009948730469,307131,291.239013671875,2,0
207950188,Fizyoterapi ve Rehabilitasyon,YÜKSEK İHTİSAS ÜNİVERSİTESİ,4,SAYISAL,"64, 129",13819.0,Sağlık Bilimleri Fakültesi,(Ücretli),ANKARA,VAKIF,0,,,,,,,,,,,1.0,,1.0,,1.0,,1.0,,0.0,,0.0,,118.0,,4.0,,18.0,,64.0,2.0,0,0.0,0.0,0.0,2.0,272.97153,0.0,0.0,0.0,0.0,0.0,0.0,0.0,0.0,2.0,0.0,0.0,0.0,499462,265.15815,2,0,0,0,0,252.41099548339844,510669,252.73199462890625,2,0
207950195,Sağlık Yönetimi,YÜKSEK İHTİSAS ÜNİVERSİTESİ,4,EŞİT AĞIRLIK,"64, 129",13825.0,Sağlık Bilimleri Fakültesi,(Ücretli),ANKARA,VAKIF,0,,,,,,,,,,,2.0,,0.0,,0.0,,1.0,,0.0,,1.0,,41.0,,0.0,,2.0,,17.0,2.0,0,0.0,0.0,0.0,2.0,253.58648,0.0,0.0,0.0,0.0,0.0,0.0,0.0,0.0,2.0,0.0,0.0,0.0,1208290,225.47136,2,0,0,0,0,211.3939971923828,1366898,216.58799743652344,2,0
207950202,Tıp,YÜKSEK İHTİSAS ÜNİVERSİTESİ,6,SAYISAL,"21, 64, 129, 155",13831.0,Tıp Fakültesi,(%50 İndirimli),ANKARA,VAKIF,0,,,,,,,,,,,7.0,,2.0,,4.0,,5.0,,0.0,,0.0,,793.0,,110.0,,200.0,,418.0,9.0,0,0.0,0.0,0.0,9.0,507.34375,0.0,0.0,0.0,0.0,0.0,0.0,0.0,0.0,0.0,0.0,0.0,0.0,25278,489.91564,8,0,0,0,0,483.0780029296875,18144,496.24700927734375,8,0
207950209,Tıp,YÜKSEK İHTİSAS ÜNİVERSİTESİ,6,SAYISAL,"21, 22, 23, 24, 64, 129, 155",13834.0,Tıp Fakültesi,(İngilizce) (%50 İndirimli),ANKARA,VAKIF,0,,,,,,,,,,,4.0,,1.0,,2.0,,2.0,,0.0,,0.0,,308.0,,4.0,,49.0,,174.0,5.0,0,0.0,0.0,0.0,5.0,508.71156,0.0,0.0,0.0,0.0,0.0,0.0,0.0,0.0,0.0,0.0,0.0,0.0,28345,485.63736,5,0,0,0,0,479.260009765625,20122,493.5150146484375,5,0
207950216,Tıbbi Dokümantasyon ve Sekreterlik,YÜKSEK İHTİSAS ÜNİVERSİTESİ,2,TYT,"64, 129",25416.0,Sağlık Hizmetleri Meslek Yüksekokulu,(Ücretli),ANKARA,VAKIF,1,,,,,,,,,,,5.0,,0.0,,0.0,,4.0,,0.0,,0.0,,153.0,,3.0,,24.0,,66.0,5.0,0,0.0,0.0,0.0,5.0,248.66223,0.0,0.0,0.0,0.0,0.0,0.0,0.0,0.0,3.0,0.0,0.0,0.0,1745526,242.52549,5,0,0,0,0,260.97698974609375,1465584,268.8789978027344,5,0
207950223,Eczane Hizmetleri,YÜKSEK İHTİSAS ÜNİVERSİTESİ,2,TYT,"64, 129",25397.0,Meslek Yüksekokulu,(Ücretli),ANKARA,VAKIF,1,,,,,,,,,,,2.0,,0.0,,0.0,,1.0,,1.0,,0.0,,107.0,,3.0,,14.0,,48.0,2.0,0,0.0,0.0,0.0,2.0,255.4501,0.0,0.0,0.0,0.0,0.0,0.0,0.0,0.0,2.0,0.0,0.0,0.0,1706536,244.71399,2,0,0,0,0,259.49200439453125,1490376,260.15399169921875,2,0
207950230,Biyomedikal Cihaz Teknolojisi,YÜKSEK İHTİSAS ÜNİVERSİTESİ,2,TYT,"64, 129",25407.0,Sağlık Hizmetleri Meslek Yüksekokulu,(Ücretli),ANKARA,VAKIF,1,,,,,,,,,,,3.0,,2.0,,0.0,,3.0,,0.0,,0.0,,62.0,,0.0,,6.0,,26.0,5.0,0,0.0,0.0,0.0,5.0,243.58808,0.0,0.0,0.0,0.0,0.0,0.0,0.0,0.0,3.0,0.0,0.0,0.0,2054647,226.05099,5,0,0,0,0,234.427001953125,1930249,238.427001953125,5,0
207950237,Elektronörofizyoloji,YÜKSEK İHTİSAS ÜNİVERSİTESİ,2,TYT,"64, 129",25410.0,Sağlık Hizmetleri Meslek Yüksekokulu,(Ücretli),ANKARA,VAKIF,1,,,,,,,,,,,3.0,,2.0,,1.0,,2.0,,0.0,,1.0,,88.0,,3.0,,14.0,,39.0,5.0,0,0.0,0.0,0.0,5.0,284.54293,0.0,0.0,0.0,0.0,0.0,0.0,0.0,0.0,1.0,0.0,0.0,0.0,1930401,232.51855,5,0,0,0,0,247.56300354003906,1695280,260.8529968261719,5,0
208810010,Tıp,LOKMAN HEKİM ÜNİVERSİTESİ,6,SAYISAL,"18, 21, 64, 116, 155",12720.0,Tıp Fakültesi,(Burslu),ANKARA,VAKIF,0,15.0,0.0,0.0,0.0,0.0,540.81848,508.32046,12455.0,15.0,11.0,7.0,4.0,2.0,9.0,9.0,6.0,0.0,0.0,0.0,0.0,0.0,341.0,560.0,5.0,13.0,39.0,79.0,204.0,370.0,8.0,1,0.0,1.0,0.0,8.0,519.66163,0.0,0.0,1.0,513.84436,0.0,0.0,0.0,0.0,0.0,1.0,0.0,0.0,10427,514.59673,8,0,1,0,1,503.3240051269531,9289,513.4569702148438,8,0
208810012,Ebelik,LOKMAN HEKİM ÜNİVERSİTESİ,4,SAYISAL,"18, 21, 31, 64, 116",12709.0,Sağlık Bilimleri Fakültesi,(Burslu),ANKARA,VAKIF,0,6.0,0.0,0.0,0.0,0.0,337.98178,335.62556,203423.0,6.0,6.0,6.0,0.0,0.0,1.0,3.0,5.0,3.0,0.0,0.0,0.0,0.0,345.0,345.0,14.0,11.0,48.0,53.0,186.0,206.0,5.0,1,0.0,1.0,0.0,5.0,361.04442,0.0,0.0,1.0,342.95475,0.0,0.0,0.0,0.0,0.0,1.0,0.0,0.0,197868,345.54997,6,0,1,0,1,328.2179870605469,189561,404.45098876953125,6,0
208810014,Beslenme ve Diyetetik,LOKMAN HEKİM ÜNİVERSİTESİ,4,SAYISAL,"18, 21, 64, 116",12705.0,Sağlık Bilimleri Fakültesi,(Burslu),ANKARA,VAKIF,0,8.0,0.0,0.0,0.0,0.0,435.2423,383.75612,125496.0,8.0,8.0,8.0,0.0,0.0,2.0,2.0,5.0,5.0,0.0,0.0,1.0,1.0,325.0,259.0,11.0,16.0,54.0,50.0,221.0,191.0,7.0,1,0.0,1.0,0.0,7.0,397.12915,0.0,0.0,1.0,348.5154,0.0,0.0,0.0,0.0,0.0,1.0,0.0,0.0,143736,375.83411,5,0,1,0,1,355.1319885253906,139722,364.3710021972656,5,0
208810016,Fizyoterapi ve Rehabilitasyon,LOKMAN HEKİM ÜNİVERSİTESİ,4,SAYISAL,"18, 21, 64, 116",12713.0,Sağlık Bilimleri Fakültesi,(Burslu),ANKARA,VAKIF,0,6.0,0.0,0.0,0.0,0.0,372.66357,356.07773,165552.0,6.0,6.0,5.0,0.0,3.0,1.0,5.0,5.0,2.0,0.0,1.0,0.0,0.0,371.0,259.0,21.0,21.0,61.0,60.0,213.0,161.0,7.0,1,0.0,1.0,0.0,7.0,378.69691,0.0,0.0,1.0,358.16962,0.0,0.0,0.0,0.0,0.0,1.0,0.0,0.0,168806,360.55327,7,0,1,0,1,327.38800048828125,191386,352.3630065917969,7,0
208810020,Eczacılık,LOKMAN HEKİM ÜNİVERSİTESİ,5,SAYISAL,"18, 21, 64, 116, 148, 149",12697.0,Eczacılık Fakültesi,(Burslu),ANKARA,VAKIF,0,11.0,0.0,0.0,0.0,0.0,464.49263,459.90044,48073.0,11.0,9.0,7.0,2.0,2.0,1.0,4.0,10.0,5.0,0.0,0.0,0.0,0.0,536.0,749.0,9.0,16.0,51.0,67.0,248.0,359.0,8.0,1,0.0,1.0,0.0,8.0,464.44001,0.0,0.0,1.0,460.17473,0.0,0.0,0.0,0.0,0.0,1.0,0.0,0.0,48692,460.67968,8,0,1,0,1,437.2749938964844,48297,444.281005859375,8,0
208810022,Eczacılık,LOKMAN HEKİM ÜNİVERSİTESİ,5,SAYISAL,"18, 21, 64, 116, 148, 149",12700.0,Eczacılık Fakültesi,(%25 İndirimli),ANKARA,VAKIF,0,59.0,0.0,0.0,0.0,0.0,443.8661,426.0702,78705.0,59.0,50.0,40.0,9.0,11.0,17.0,13.0,39.0,36.0,3.0,1.0,0.0,1.0,476.0,552.0,15.0,13.0,57.0,47.0,203.0,250.0,51.0,0,0.0,0.0,0.0,51.0,451.30505,0.0,0.0,0.0,0.0,0.0,0.0,0.0,0.0,1.0,0.0,0.0,0.0,73466,433.6943,51,0,0,0,0,391.24700927734375,92088,425.8039855957031,51,0
208810023,Anestezi,LOKMAN HEKİM ÜNİVERSİTESİ,2,TYT,"18, 21, 64, 116",24922.0,Sağlık Hizmetleri Meslek Yüksekokulu,(Burslu),ANKARA,VAKIF,1,8.0,0.0,0.0,0.0,0.0,397.66615,359.94063,341672.0,8.0,6.0,10.0,2.0,0.0,1.0,3.0,5.0,4.0,1.0,1.0,1.0,2.0,671.0,503.0,32.0,26.0,111.0,102.0,376.0,307.0,8.0,1,0.0,1.0,0.0,8.0,370.22594,0.0,0.0,1.0,349.7583,0.0,0.0,1.0,315.0,0.0,0.0,0.0,0.0,334091,365.44836,8,0,1,0,1,369.47900390625,306361,377.71099853515625,8,0
208810024,Anestezi,LOKMAN HEKİM ÜNİVERSİTESİ,2,TYT,"18, 21, 64, 116",24923.0,Sağlık Hizmetleri Meslek Yüksekokulu,(%25 İndirimli),ANKARA,VAKIF,1,42.0,0.0,0.0,0.0,0.0,323.82755,288.01561,938994.0,42.0,38.0,45.0,4.0,6.0,12.0,13.0,27.0,34.0,1.0,2.0,2.0,2.0,951.0,1183.0,50.0,122.0,207.0,391.0,580.0,872.0,51.0,0,0.0,0.0,0.0,51.0,345.74361,0.0,0.0,0.0,0.0,0.0,0.0,0.0,0.0,3.0,0.0,0.0,0.0,775973,309.31638,51,0,0,0,0,313.07598876953125,727394,368.9429931640625,51,0
208810025,İlk ve Acil Yardım,LOKMAN HEKİM ÜNİVERSİTESİ,2,TYT,"18, 21, 64, 116",24930.0,Sağlık Hizmetleri Meslek Yüksekokulu,(Burslu),ANKARA,VAKIF,1,8.0,0.0,0.0,0.0,0.0,369.4623,348.23119,382846.0,8.0,3.0,9.0,5.0,0.0,1.0,4.0,5.0,5.0,2.0,0.0,0.0,0.0,438.0,368.0,16.0,5.0,67.0,50.0,251.0,215.0,8.0,1,0.0,1.0,0.0,8.0,363.41365,0.0,0.0,1.0,339.52644,0.0,0.0,0.0,0.0,0.0,1.0,0.0,0.0,390365,355.44812,8,0,1,0,1,355.0950012207031,381188,363.59100341796875,8,0
208810026,İlk ve Acil Yardım,LOKMAN HEKİM ÜNİVERSİTESİ,2,TYT,"18, 21, 64, 116",24931.0,Sağlık Hizmetleri Meslek Yüksekokulu,(%25 İndirimli),ANKARA,VAKIF,1,42.0,0.0,0.0,0.0,0.0,326.01703,287.59472,944159.0,42.0,36.0,36.0,6.0,15.0,13.0,13.0,22.0,34.0,4.0,1.0,3.0,1.0,718.0,814.0,63.0,77.0,173.0,239.0,449.0,564.0,51.0,0,0.0,0.0,0.0,51.0,328.82748,0.0,0.0,0.0,0.0,0.0,0.0,0.0,0.0,2.0,0.0,0.0,0.0,853869,302.4236,51,0,0,0,0,303.9309997558594,833469,329.61199951171875,51,0
208810029,Diş Hekimliği,LOKMAN HEKİM ÜNİVERSİTESİ,5,SAYISAL,"18, 21, 64, 116, 147",12691.0,Diş Hekimliği Fakültesi,(Burslu),ANKARA,VAKIF,0,8.0,0.0,0.0,0.0,0.0,487.67764,485.27104,27749.0,8.0,4.0,5.0,4.0,4.0,4.0,3.0,4.0,6.0,0.0,0.0,0.0,0.0,549.0,422.0,15.0,4.0,63.0,39.0,314.0,233.0,7.0,1,0.0,1.0,0.0,7.0,487.11586,0.0,0.0,1.0,479.49285,0.0,0.0,1.0,430.0,0.0,0.0,0.0,0.0,30784,482.34352,7,0,1,0,1,460.8559875488281,31085,465.4949951171875,7,0
208810031,Ağız ve Diş Sağlığı,LOKMAN HEKİM ÜNİVERSİTESİ,2,TYT,"18, 21, 64, 116",24918.0,Sağlık Hizmetleri Meslek Yüksekokulu,(Burslu),ANKARA,VAKIF,1,8.0,0.0,0.0,0.0,0.0,365.05268,328.46607,537837.0,8.0,4.0,9.0,4.0,0.0,1.0,0.0,6.0,6.0,1.0,1.0,0.0,1.0,531.0,324.0,37.0,29.0,99.0,75.0,261.0,182.0,7.0,1,0.0,1.0,0.0,7.0,340.52098,0.0,0.0,1.0,326.75393,0.0,0.0,1.0,268.0,0.0,1.0,0.0,0.0,534587,334.91891,7,0,1,0,1,343.7820129394531,453535,364.6579895019531,7,0
208810032,Ağız ve Diş Sağlığı,LOKMAN HEKİM ÜNİVERSİTESİ,2,TYT,"18, 21, 64, 116",24919.0,Sağlık Hizmetleri Meslek Yüksekokulu,(%25 İndirimli),ANKARA,VAKIF,1,42.0,0.0,0.0,0.0,0.0,295.89891,270.60491,1174231.0,42.0,34.0,33.0,8.0,9.0,9.0,7.0,30.0,33.0,2.0,1.0,0.0,0.0,588.0,533.0,39.0,33.0,156.0,138.0,315.0,349.0,42.0,0,0.0,0.0,0.0,42.0,307.46779,0.0,0.0,0.0,0.0,0.0,0.0,0.0,0.0,3.0,0.0,0.0,0.0,1058892,286.18649,42,0,0,0,0,294.87200927734375,950290,334.4169921875,42,0
208810033,Ameliyathane Hizmetleri,LOKMAN HEKİM ÜNİVERSİTESİ,2,TYT,"18, 21, 64, 116",24920.0,Sağlık Hizmetleri Meslek Yüksekokulu,(Burslu),ANKARA,VAKIF,1,10.0,0.0,0.0,0.0,0.0,342.37795,320.42993,602629.0,10.0,4.0,7.0,6.0,2.0,1.0,1.0,4.0,5.0,3.0,2.0,1.0,1.0,314.0,271.0,4.0,12.0,21.0,39.0,117.0,136.0,8.0,1,0.0,1.0,0.0,8.0,363.75834,0.0,0.0,1.0,325.87374,0.0,0.0,0.0,0.0,0.0,1.0,0.0,0.0,608581,326.17656,8,0,1,0,1,334.2439880371094,524839,338.5320129394531,8,0
208810034,Ameliyathane Hizmetleri,LOKMAN HEKİM ÜNİVERSİTESİ,2,TYT,"18, 21, 64, 116",24921.0,Sağlık Hizmetleri Meslek Yüksekokulu,(%25 İndirimli),ANKARA,VAKIF,1,50.0,0.0,0.0,0.0,0.0,306.21413,254.03921,1440487.0,50.0,42.0,44.0,8.0,7.0,10.0,17.0,35.0,30.0,1.0,0.0,3.0,0.0,546.0,620.0,24.0,25.0,70.0,110.0,258.0,371.0,51.0,0,0.0,0.0,0.0,51.0,304.54999,0.0,0.0,0.0,0.0,0.0,0.0,0.0,0.0,3.0,0.0,0.0,0.0,1286149,270.30836,51,0,0,0,0,277.4620056152344,1201637,301.73199462890625,51,0
208810035,Diş Protez Teknolojisi,LOKMAN HEKİM ÜNİVERSİTESİ,2,TYT,"18, 21, 64, 116",24924.0,Sağlık Hizmetleri Meslek Yüksekokulu,(Burslu),ANKARA,VAKIF,1,6.0,0.0,0.0,0.0,0.0,358.87409,346.51708,415278.0,6.0,4.0,3.0,2.0,3.0,2.0,1.0,2.0,4.0,1.0,0.0,1.0,1.0,549.0,392.0,23.0,27.0,161.0,122.0,388.0,296.0,5.0,1,0.0,1.0,0.0,5.0,366.13339,0.0,0.0,1.0,342.16126,0.0,0.0,0.0,0.0,0.0,1.0,0.0,0.0,366237,359.55879,5,0,1,0,1,371.41400146484375,297362,379.6440124511719,5,0
208810036,Diş Protez Teknolojisi,LOKMAN HEKİM ÜNİVERSİTESİ,2,TYT,"18, 21, 64, 116",24925.0,Sağlık Hizmetleri Meslek Yüksekokulu,(%25 İndirimli),ANKARA,VAKIF,1,34.0,0.0,0.0,0.0,0.0,342.25467,288.08784,938116.0,34.0,22.0,22.0,12.0,12.0,12.0,4.0,14.0,22.0,4.0,4.0,3.0,2.0,560.0,483.0,37.0,51.0,150.0,156.0,356.0,352.0,34.0,0,0.0,0.0,0.0,34.0,320.09896,0.0,0.0,0.0,0.0,0.0,0.0,0.0,0.0,2.0,0.0,0.0,0.0,854700,302.34836,34,0,0,0,0,312.9679870605469,728621,347.59698486328125,34,0
208810037,Eczane Hizmetleri,LOKMAN HEKİM ÜNİVERSİTESİ,2,TYT,"18, 21, 64, 116",24928.0,Sağlık Hizmetleri Meslek Yüksekokulu,(Burslu),ANKARA,VAKIF,1,6.0,0.0,0.0,0.0,0.0,329.79586,317.49992,628169.0,6.0,5.0,4.0,1.0,2.0,2.0,2.0,2.0,2.0,1.0,0.0,1.0,2.0,327.0,211.0,11.0,8.0,47.0,28.0,158.0,91.0,5.0,1,0.0,1.0,0.0,5.0,352.23869,0.0,0.0,1.0,275.78494,0.0,0.0,0.0,0.0,0.0,1.0,0.0,0.0,587630,328.58487,5,0,1,0,1,331.5920104980469,546973,345.7309875488281,5,0
208810039,Tıbbi Görüntüleme Teknikleri,LOKMAN HEKİM ÜNİVERSİTESİ,2,TYT,"18, 21, 64, 116",24934.0,Sağlık Hizmetleri Meslek Yüksekokulu,(Burslu),ANKARA,VAKIF,1,10.0,0.0,0.0,0.0,0.0,394.01808,337.21317,474851.0,10.0,8.0,5.0,2.0,4.0,1.0,4.0,8.0,3.0,1.0,0.0,0.0,2.0,456.0,385.0,7.0,13.0,49.0,53.0,213.0,200.0,8.0,1,0.0,1.0,0.0,8.0,354.47045,0.0,0.0,1.0,314.54458,0.0,0.0,0.0,0.0,1.0,1.0,0.0,0.0,475041,342.70792,8,0,1,0,1,352.7650146484375,395123,361.2380065917969,8,0
208810040,Tıbbi Görüntüleme Teknikleri,LOKMAN HEKİM ÜNİVERSİTESİ,2,TYT,"18, 21, 64, 116",24935.0,Sağlık Hizmetleri Meslek Yüksekokulu,(%25 İndirimli),ANKARA,VAKIF,1,50.0,0.0,0.0,0.0,0.0,308.60524,271.42834,1162189.0,50.0,37.0,41.0,13.0,10.0,12.0,10.0,30.0,31.0,4.0,6.0,2.0,0.0,739.0,891.0,33.0,50.0,114.0,199.0,385.0,579.0,51.0,0,0.0,0.0,0.0,51.0,336.46398,0.0,0.0,0.0,0.0,0.0,0.0,0.0,0.0,2.0,0.0,0.0,0.0,958995,293.79263,51,0,0,0,0,300.9280090332031,870886,340.6300048828125,51,0
208810041,Tıbbi Laboratuvar Teknikleri,LOKMAN HEKİM ÜNİVERSİTESİ,2,TYT,"18, 21, 64, 116",24936.0,Sağlık Hizmetleri Meslek Yüksekokulu,(Burslu),ANKARA,VAKIF,1,8.0,0.0,0.0,0.0,0.0,360.18612,328.09761,540701.0,8.0,5.0,7.0,3.0,1.0,3.0,1.0,4.0,6.0,1.0,1.0,0.0,0.0,287.0,283.0,4.0,3.0,22.0,26.0,109.0,118.0,7.0,1,0.0,1.0,0.0,7.0,379.20026,0.0,0.0,1.0,321.81457,0.0,0.0,0.0,0.0,1.0,1.0,0.0,0.0,514239,337.49472,7,0,1,0,1,341.8190002441406,467289,345.11199951171875,7,0
208810042,Tıbbi Laboratuvar Teknikleri,LOKMAN HEKİM ÜNİVERSİTESİ,2,TYT,"18, 21, 64, 116",24937.0,Sağlık Hizmetleri Meslek Yüksekokulu,(%25 İndirimli),ANKARA,VAKIF,1,42.0,0.0,0.0,0.0,0.0,310.82992,257.44227,1382033.0,42.0,34.0,35.0,8.0,7.0,7.0,10.0,33.0,28.0,0.0,3.0,1.0,0.0,524.0,766.0,6.0,20.0,63.0,105.0,225.0,445.0,42.0,0,0.0,0.0,0.0,42.0,299.9744,0.0,0.0,0.0,0.0,0.0,0.0,0.0,0.0,3.0,0.0,0.0,0.0,1154989,279.2602,42,0,0,0,0,286.9849853515625,1059897,332.3559875488281,42,0
208810048,Ebelik,LOKMAN HEKİM ÜNİVERSİTESİ,4,SAYISAL,"18, 21, 31, 64, 116",12710.0,Sağlık Bilimleri Fakültesi,(%50 İndirimli),ANKARA,VAKIF,0,34.0,0.0,0.0,0.0,0.0,316.72974,294.82776,310138.0,34.0,34.0,34.0,0.0,0.0,6.0,3.0,27.0,30.0,1.0,0.0,0.0,1.0,522.0,442.0,26.0,21.0,94.0,89.0,296.0,276.0,34.0,0,0.0,0.0,0.0,34.0,344.09794,0.0,0.0,0.0,0.0,0.0,0.0,0.0,0.0,3.0,0.0,0.0,0.0,292018,309.9964,38,0,0,0,0,287.29901123046875,311064,311.13299560546875,38,0
208810050,Hemşirelik,LOKMAN HEKİM ÜNİVERSİTESİ,4,SAYISAL,"18, 21, 64, 116",12715.0,Sağlık Bilimleri Fakültesi,(Burslu),ANKARA,VAKIF,0,8.0,0.0,0.0,0.0,0.0,382.05523,373.59575,139112.0,8.0,5.0,9.0,3.0,0.0,2.0,1.0,6.0,7.0,0.0,1.0,0.0,0.0,449.0,501.0,11.0,13.0,58.0,72.0,306.0,358.0,8.0,1,0.0,1.0,0.0,8.0,392.86546,0.0,0.0,1.0,372.20857,0.0,0.0,0.0,0.0,0.0,1.0,0.0,0.0,138169,379.55862,8,0,1,0,1,366.6780090332031,122498,372.32501220703125,8,0
208810051,Hemşirelik,LOKMAN HEKİM ÜNİVERSİTESİ,4,SAYISAL,"18, 21, 64, 116",12716.0,Sağlık Bilimleri Fakültesi,(%50 İndirimli),ANKARA,VAKIF,0,42.0,0.0,0.0,0.0,0.0,354.78455,317.04175,245914.0,42.0,32.0,46.0,10.0,5.0,11.0,10.0,30.0,39.0,1.0,1.0,0.0,0.0,959.0,792.0,39.0,53.0,239.0,259.0,627.0,555.0,51.0,0,0.0,0.0,0.0,51.0,378.23623,0.0,0.0,0.0,0.0,0.0,0.0,0.0,0.0,1.0,0.0,0.0,0.0,235321,329.49848,51,0,0,0,0,310.9570007324219,232200,355.52398681640625,51,0
208810058,Yaşlı Bakımı,LOKMAN HEKİM ÜNİVERSİTESİ,2,TYT,"18, 21, 64, 116",24938.0,Sağlık Hizmetleri Meslek Yüksekokulu,(Burslu),ANKARA,VAKIF,1,5.0,0.0,0.0,0.0,0.0,353.18518,273.75647,376962.0,5.0,3.0,3.0,2.0,3.0,1.0,0.0,2.0,1.0,0.0,2.0,2.0,3.0,90.0,105.0,4.0,11.0,14.0,27.0,42.0,59.0,4.0,1,0.0,1.0,0.0,4.0,390.03509,0.0,0.0,1.0,293.22107,0.0,0.0,1.0,239.0,1.0,0.0,0.0,0.0,786741,308.34271,4,0,1,0,1,327.7090148925781,580711,341.968994140625,4,0
208810059,Diyaliz,LOKMAN HEKİM ÜNİVERSİTESİ,2,TYT,"18, 21, 64, 116",24926.0,Sağlık Hizmetleri Meslek Yüksekokulu,(Burslu),ANKARA,VAKIF,1,8.0,0.0,0.0,0.0,0.0,327.31346,317.97773,623911.0,8.0,8.0,7.0,0.0,1.0,2.0,2.0,5.0,4.0,0.0,0.0,0.0,1.0,312.0,255.0,21.0,19.0,67.0,67.0,149.0,142.0,7.0,1,0.0,1.0,0.0,7.0,330.83183,0.0,0.0,1.0,303.03992,0.0,0.0,0.0,0.0,0.0,1.0,0.0,0.0,667864,319.82079,7,0,1,0,1,330.0419921875,560243,348.73199462890625,7,0
208810060,Diyaliz,LOKMAN HEKİM ÜNİVERSİTESİ,2,TYT,"18, 21, 64, 116",24927.0,Sağlık Hizmetleri Meslek Yüksekokulu,(%25 İndirimli),ANKARA,VAKIF,1,42.0,0.0,0.0,0.0,0.0,314.35133,257.45701,1381766.0,42.0,36.0,35.0,6.0,7.0,10.0,16.0,28.0,23.0,2.0,0.0,0.0,1.0,437.0,429.0,18.0,17.0,95.0,87.0,220.0,251.0,42.0,0,0.0,0.0,0.0,42.0,293.53446,0.0,0.0,0.0,0.0,0.0,0.0,0.0,0.0,5.0,0.0,0.0,0.0,1288158,270.17261,42,0,0,0,0,274.29400634765625,1250401,301.4530029296875,42,0
208810061,Eczane Hizmetleri,LOKMAN HEKİM ÜNİVERSİTESİ,2,TYT,"18, 21, 64, 116",24929.0,Sağlık Hizmetleri Meslek Yüksekokulu,(%50 İndirimli),ANKARA,VAKIF,1,34.0,0.0,0.0,0.0,0.0,314.26786,260.15407,1336902.0,34.0,31.0,30.0,3.0,4.0,1.0,6.0,25.0,24.0,7.0,3.0,0.0,0.0,372.0,403.0,10.0,22.0,46.0,52.0,180.0,225.0,34.0,0,0.0,0.0,0.0,34.0,313.50898,0.0,0.0,0.0,0.0,0.0,0.0,0.0,0.0,5.0,0.0,0.0,0.0,1340419,266.77078,34,0,0,0,0,275.6910095214844,1228942,328.60198974609375,34,0
208810062,Diş Hekimliği,LOKMAN HEKİM ÜNİVERSİTESİ,5,SAYISAL,"18, 21, 64, 116, 147",12692.0,Diş Hekimliği Fakültesi,(%25 İndirimli),ANKARA,VAKIF,0,42.0,0.0,0.0,0.0,0.0,464.40188,453.00297,53967.0,42.0,25.0,29.0,17.0,13.0,12.0,13.0,29.0,29.0,1.0,0.0,0.0,0.0,567.0,541.0,25.0,17.0,104.0,81.0,302.0,259.0,42.0,0,0.0,0.0,0.0,42.0,466.44652,0.0,0.0,0.0,0.0,0.0,0.0,0.0,0.0,1.0,0.0,0.0,0.0,52052,456.76522,42,0,0,0,0,427.614013671875,56325,446.1499938964844,42,0
208810063,Tıp,LOKMAN HEKİM ÜNİVERSİTESİ,6,SAYISAL,"18, 21, 64, 116, 155",12721.0,Tıp Fakültesi,(%25 İndirimli),ANKARA,VAKIF,0,60.0,0.0,0.0,0.0,0.0,486.78358,476.42711,34541.0,60.0,35.0,31.0,25.0,20.0,20.0,22.0,38.0,29.0,1.0,0.0,1.0,0.0,630.0,585.0,19.0,11.0,100.0,61.0,371.0,265.0,51.0,0,0.0,0.0,0.0,51.0,488.7223,0.0,0.0,0.0,0.0,0.0,0.0,0.0,0.0,1.0,0.0,0.0,0.0,33895,478.34763,51,0,0,0,0,459.0889892578125,32231,497.7539978027344,51,0
208810070,Eczacılık,LOKMAN HEKİM ÜNİVERSİTESİ,5,SAYISAL,"18, 21, 22, 23, 24, 64, 116, 148, 149",12702.0,Eczacılık Fakültesi,(İngilizce) (Burslu),ANKARA,VAKIF,0,5.0,0.0,0.0,0.0,0.0,486.92531,459.97439,48001.0,5.0,5.0,5.0,0.0,1.0,1.0,2.0,4.0,4.0,0.0,0.0,0.0,0.0,366.0,402.0,28.0,17.0,44.0,37.0,166.0,205.0,5.0,1,0.0,1.0,0.0,5.0,466.08167,0.0,0.0,1.0,459.98508,0.0,0.0,0.0,0.0,0.0,1.0,0.0,0.0,48671,460.70477,5,0,1,0,1,436.64599609375,48821,437.1809997558594,5,0
208810072,Dil ve Konuşma Terapisi,LOKMAN HEKİM ÜNİVERSİTESİ,4,SAYISAL,"18, 21, 64, 116",12707.0,Sağlık Bilimleri Fakültesi,(Burslu),ANKARA,VAKIF,0,8.0,0.0,0.0,0.0,0.0,444.98484,435.18427,69963.0,8.0,7.0,8.0,1.0,0.0,2.0,2.0,6.0,6.0,0.0,0.0,0.0,0.0,269.0,202.0,9.0,5.0,40.0,46.0,172.0,132.0,7.0,1,0.0,1.0,0.0,7.0,439.79051,0.0,0.0,1.0,420.31286,0.0,0.0,0.0,0.0,0.0,1.0,0.0,0.0,75982,431.1723,7,0,1,0,1,411.8590087890625,70657,421.14898681640625,7,0
208810073,Dil ve Konuşma Terapisi,LOKMAN HEKİM ÜNİVERSİTESİ,4,SAYISAL,"18, 21, 64, 116",12708.0,Sağlık Bilimleri Fakültesi,(%50 İndirimli),ANKARA,VAKIF,0,42.0,0.0,0.0,0.0,0.0,428.90281,319.40522,240052.0,42.0,33.0,36.0,9.0,6.0,15.0,8.0,25.0,34.0,0.0,0.0,2.0,0.0,307.0,361.0,24.0,38.0,77.0,112.0,206.0,266.0,42.0,0,0.0,0.0,0.0,42.0,408.16625,0.0,0.0,0.0,0.0,0.0,0.0,0.0,0.0,1.0,0.0,0.0,0.0,215271,337.69777,42,0,0,0,0,305.4429931640625,247923,364.79998779296875,42,0
208810074,Ergoterapi,LOKMAN HEKİM ÜNİVERSİTESİ,4,SAYISAL,"18, 21, 64, 116",12711.0,Sağlık Bilimleri Fakültesi,(Burslu),ANKARA,VAKIF,0,6.0,0.0,0.0,0.0,0.0,362.84496,336.88391,200887.0,6.0,5.0,6.0,1.0,0.0,3.0,2.0,3.0,4.0,0.0,0.0,0.0,0.0,230.0,222.0,8.0,18.0,35.0,64.0,126.0,150.0,5.0,1,0.0,1.0,0.0,5.0,378.01501,0.0,0.0,1.0,350.67082,0.0,0.0,0.0,0.0,0.0,1.0,0.0,0.0,164512,363.03332,5,0,1,0,1,333.0429992675781,179232,352.21600341796875,5,0
208810075,Ergoterapi,LOKMAN HEKİM ÜNİVERSİTESİ,4,SAYISAL,"18, 21, 64, 116",12712.0,Sağlık Bilimleri Fakültesi,(%50 İndirimli),ANKARA,VAKIF,0,34.0,0.0,0.0,0.0,0.0,267.91117,239.76553,599796.0,34.0,29.0,29.0,5.0,5.0,8.0,11.0,25.0,22.0,0.0,0.0,1.0,0.0,202.0,331.0,9.0,31.0,29.0,108.0,93.0,227.0,34.0,0,0.0,0.0,0.0,34.0,319.67312,0.0,0.0,0.0,0.0,0.0,0.0,0.0,0.0,1.0,0.0,0.0,0.0,499657,265.12714,34,0,0,0,0,224.15199279785156,820793,281.9779968261719,34,0
208810076,Odyoloji,LOKMAN HEKİM ÜNİVERSİTESİ,4,SAYISAL,"18, 21, 64, 116",12717.0,Sağlık Bilimleri Fakültesi,(Burslu),ANKARA,VAKIF,0,5.0,0.0,0.0,0.0,0.0,330.12265,323.58065,229911.0,5.0,4.0,5.0,1.0,1.0,1.0,2.0,4.0,4.0,0.0,0.0,0.0,0.0,377.0,149.0,13.0,6.0,45.0,25.0,185.0,84.0,5.0,1,0.0,1.0,0.0,5.0,336.8143,0.0,0.0,1.0,302.52488,0.0,0.0,0.0,0.0,0.0,1.0,0.0,0.0,230208,331.53024,5,0,1,0,1,292.3900146484375,291546,301.5639953613281,5,0
208810077,Odyoloji,LOKMAN HEKİM ÜNİVERSİTESİ,4,SAYISAL,"18, 21, 64, 116",12718.0,Sağlık Bilimleri Fakültesi,(%50 İndirimli),ANKARA,VAKIF,0,25.0,0.0,0.0,0.0,0.0,308.1381,258.49135,467532.0,25.0,20.0,23.0,5.0,11.0,4.0,5.0,20.0,26.0,0.0,1.0,0.0,0.0,349.0,279.0,5.0,3.0,45.0,51.0,177.0,165.0,34.0,0,0.0,0.0,0.0,34.0,295.64031,0.0,0.0,0.0,0.0,0.0,0.0,0.0,0.0,2.0,0.0,0.0,0.0,508399,263.77884,34,0,0,0,0,239.08700561523438,638079,282.1830139160156,34,0
208810078,Tıp,LOKMAN HEKİM ÜNİVERSİTESİ,6,SAYISAL,"18, 21, 22, 23, 24, 64, 116, 155",12725.0,Tıp Fakültesi,(İngilizce) (Burslu),ANKARA,VAKIF,0,5.0,0.0,0.0,0.0,0.0,514.94522,507.68128,12814.0,5.0,4.0,7.0,1.0,2.0,5.0,6.0,0.0,3.0,0.0,0.0,0.0,0.0,243.0,322.0,32.0,19.0,50.0,42.0,141.0,177.0,8.0,1,0.0,1.0,0.0,8.0,515.57829,0.0,0.0,1.0,509.42547,0.0,0.0,0.0,0.0,0.0,1.0,0.0,0.0,11455,512.4771,8,0,1,0,1,500.35198974609375,10389,502.4599914550781,8,0
208810080,Optisyenlik,LOKMAN HEKİM ÜNİVERSİTESİ,2,TYT,"18, 21, 64, 116",24932.0,Sağlık Hizmetleri Meslek Yüksekokulu,(Burslu),ANKARA,VAKIF,1,8.0,0.0,0.0,0.0,0.0,434.418,366.14148,312328.0,8.0,4.0,3.0,4.0,5.0,0.0,2.0,0.0,1.0,4.0,3.0,3.0,2.0,312.0,175.0,33.0,18.0,138.0,66.0,229.0,133.0,7.0,1,0.0,1.0,0.0,7.0,376.48195,0.0,0.0,1.0,243.01889,0.0,0.0,0.0,0.0,0.0,1.0,0.0,0.0,361794,360.34154,7,0,1,0,1,355.31298828125,379991,402.1730041503906,7,0
208810081,Optisyenlik,LOKMAN HEKİM ÜNİVERSİTESİ,2,TYT,"18, 21, 64, 116",24933.0,Sağlık Hizmetleri Meslek Yüksekokulu,(%25 İndirimli),ANKARA,VAKIF,1,42.0,0.0,0.0,0.0,0.0,342.68318,246.16775,1584478.0,42.0,27.0,26.0,15.0,16.0,13.0,10.0,17.0,22.0,4.0,1.0,4.0,5.0,393.0,363.0,14.0,8.0,63.0,74.0,219.0,211.0,42.0,0,0.0,0.0,0.0,42.0,285.73516,0.0,0.0,0.0,0.0,0.0,0.0,0.0,0.0,6.0,0.0,0.0,0.0,1592278,251.30709,42,0,0,0,0,260.052001953125,1480964,351.80999755859375,42,0
208810088,Diş Hekimliği,LOKMAN HEKİM ÜNİVERSİTESİ,5,SAYISAL,"18, 21, 22, 23, 24, 64, 116, 147",12694.0,Diş Hekimliği Fakültesi,(İngilizce) (Burslu),ANKARA,VAKIF,0,5.0,0.0,0.0,0.0,0.0,485.19799,483.46963,29094.0,5.0,3.0,3.0,2.0,2.0,2.0,4.0,3.0,1.0,0.0,0.0,0.0,0.0,704.0,290.0,92.0,20.0,211.0,41.0,476.0,152.0,4.0,1,0.0,1.0,0.0,4.0,484.7552,0.0,0.0,1.0,478.19879,0.0,0.0,0.0,0.0,0.0,1.0,0.0,0.0,31794,481.04956,4,0,1,0,1,460.0090026855469,31641,463.0010070800781,4,0
208810095,Diş Hekimliği,LOKMAN HEKİM ÜNİVERSİTESİ,5,SAYISAL,"18, 21, 22, 23, 24, 64, 116, 147",12695.0,Diş Hekimliği Fakültesi,(İngilizce) (%50 İndirimli),ANKARA,VAKIF,0,5.0,0.0,0.0,0.0,0.0,471.33401,465.00153,43835.0,5.0,3.0,17.0,2.0,6.0,3.0,13.0,2.0,10.0,0.0,0.0,0.0,0.0,524.0,422.0,23.0,9.0,96.0,53.0,293.0,217.0,23.0,0,0.0,0.0,0.0,23.0,466.22179,0.0,0.0,0.0,0.0,0.0,0.0,0.0,0.0,0.0,0.0,0.0,0.0,49682,459.53762,23,0,0,0,0,435.0469970703125,50065,456.7640075683594,23,0
208810102,Diş Hekimliği,LOKMAN HEKİM ÜNİVERSİTESİ,5,SAYISAL,"18, 22, 23, 24, 64, 116, 147",12693.0,Diş Hekimliği Fakültesi,(İngilizce) (Ücretli),ANKARA,VAKIF,0,20.0,0.0,0.0,0.0,0.0,458.22237,448.23773,58161.0,20.0,14.0,2.0,6.0,0.0,6.0,2.0,13.0,0.0,1.0,0.0,0.0,0.0,194.0,196.0,8.0,3.0,57.0,43.0,101.0,113.0,2.0,0,0.0,0.0,0.0,2.0,457.50104,0.0,0.0,0.0,0.0,0.0,0.0,0.0,0.0,1.0,0.0,0.0,0.0,52056,456.76005,2,0,0,0,0,430.114013671875,54191,434.3039855957031,2,0
208810123,Yaşlı Bakımı,LOKMAN HEKİM ÜNİVERSİTESİ,2,TYT,"18, 21, 64, 116",24939.0,Sağlık Hizmetleri Meslek Yüksekokulu,(%50 İndirimli),ANKARA,VAKIF,1,25.0,0.0,0.0,0.0,0.0,246.65228,192.8392,2766551.0,22.0,14.0,17.0,8.0,8.0,3.0,11.0,17.0,9.0,0.0,3.0,1.0,1.0,35.0,109.0,1.0,9.0,5.0,36.0,19.0,56.0,25.0,0,0.0,0.0,0.0,25.0,293.47589,0.0,0.0,0.0,0.0,0.0,0.0,0.0,0.0,6.0,0.0,0.0,0.0,2089016,224.29555,25,0,0,0,0,246.6490020751953,1711290,292.6940002441406,25,0
208810130,Eczacılık,LOKMAN HEKİM ÜNİVERSİTESİ,5,SAYISAL,"18, 22, 23, 24, 64, 116, 148, 149",12701.0,Eczacılık Fakültesi,(İngilizce) (Ücretli),ANKARA,VAKIF,0,20.0,0.0,0.0,0.0,0.0,442.46087,421.56662,83236.0,20.0,16.0,2.0,4.0,0.0,10.0,1.0,9.0,0.0,0.0,0.0,1.0,0.0,192.0,176.0,2.0,2.0,47.0,32.0,77.0,83.0,2.0,0,0.0,0.0,0.0,2.0,435.20407,0.0,0.0,0.0,0.0,0.0,0.0,0.0,0.0,1.0,0.0,0.0,0.0,72526,434.65087,2,0,0,0,0,390.7900085449219,92595,391.62298583984375,2,0
208810137,Eczacılık,LOKMAN HEKİM ÜNİVERSİTESİ,5,SAYISAL,"18, 21, 22, 23, 24, 64, 116, 148, 149",12703.0,Eczacılık Fakültesi,(İngilizce) (%50 İndirimli),ANKARA,VAKIF,0,5.0,0.0,0.0,0.0,0.0,457.19595,446.31912,59893.0,5.0,4.0,27.0,1.0,5.0,3.0,12.0,2.0,20.0,0.0,0.0,0.0,0.0,421.0,343.0,12.0,12.0,71.0,50.0,199.0,153.0,32.0,0,0.0,0.0,0.0,32.0,459.28546,0.0,0.0,0.0,0.0,0.0,0.0,0.0,0.0,0.0,0.0,0.0,0.0,68840,438.5611,32,0,0,0,0,399.2449951171875,83447,436.37200927734375,32,0
208810144,Fizyoterapi ve Rehabilitasyon,LOKMAN HEKİM ÜNİVERSİTESİ,4,SAYISAL,"18, 21, 64, 116",12714.0,Sağlık Bilimleri Fakültesi,(%50 İndirimli),ANKARA,VAKIF,0,34.0,0.0,0.0,0.0,0.0,353.34682,271.83356,398916.0,34.0,23.0,28.0,11.0,14.0,5.0,13.0,28.0,29.0,0.0,0.0,1.0,0.0,690.0,581.0,23.0,27.0,119.0,141.0,401.0,383.0,42.0,0,0.0,0.0,0.0,42.0,339.85944,0.0,0.0,0.0,0.0,0.0,0.0,0.0,0.0,2.0,0.0,0.0,0.0,347722,294.87953,42,0,0,0,0,258.7829895019531,462268,318.17498779296875,42,0
208810151,Tıp,LOKMAN HEKİM ÜNİVERSİTESİ,6,SAYISAL,"18, 21, 22, 23, 24, 64, 116, 155",12726.0,Tıp Fakültesi,(İngilizce) (%50 İndirimli),ANKARA,VAKIF,0,5.0,0.0,0.0,0.0,0.0,502.83298,491.24393,23414.0,5.0,5.0,39.0,0.0,9.0,2.0,22.0,3.0,25.0,0.0,0.0,0.0,0.0,446.0,259.0,20.0,6.0,99.0,38.0,278.0,142.0,48.0,0,0.0,0.0,0.0,48.0,506.38418,0.0,0.0,0.0,0.0,0.0,0.0,0.0,0.0,0.0,0.0,0.0,0.0,34952,476.97164,48,0,0,0,0,459.614013671875,31868,494.6260070800781,48,0
208810158,Tıp,LOKMAN HEKİM ÜNİVERSİTESİ,6,SAYISAL,"18, 22, 23, 24, 64, 116, 155",12722.0,Tıp Fakültesi,(İngilizce) (Ücretli),ANKARA,VAKIF,0,20.0,0.0,0.0,0.0,0.0,481.49393,471.68792,38295.0,20.0,15.0,2.0,5.0,1.0,4.0,1.0,15.0,2.0,1.0,0.0,0.0,0.0,162.0,176.0,0.0,1.0,51.0,22.0,91.0,77.0,3.0,0,0.0,0.0,0.0,3.0,476.86735,0.0,0.0,0.0,0.0,0.0,0.0,0.0,0.0,1.0,0.0,0.0,0.0,35824,475.90352,3,0,0,0,0,456.6510009765625,33937,459.27801513671875,3,0
208810165,Beslenme ve Diyetetik,LOKMAN HEKİM ÜNİVERSİTESİ,4,SAYISAL,"18, 21, 64, 116",12706.0,Sağlık Bilimleri Fakültesi,(%50 İndirimli),ANKARA,VAKIF,0,,,,,,,,,,,41.0,,1.0,,18.0,,22.0,,2.0,,0.0,,738.0,,71.0,,216.0,,521.0,42.0,0,0.0,0.0,0.0,42.0,373.51837,0.0,0.0,0.0,0.0,0.0,0.0,0.0,0.0,1.0,0.0,0.0,0.0,336779,297.61556,34,0,0,0,0,279.6650085449219,343840,348.8160095214844,34,0
209110010,Lojistik,OSTİM TEKNİK ÜNİVERSİTESİ,2,TYT,"18, 21, 64, 119",25042.0,Meslek Yüksekokulu,(Burslu),ANKARA,VAKIF,1,6.0,0.0,0.0,0.0,0.0,336.5591,299.39498,807259.0,6.0,2.0,1.0,4.0,7.0,0.0,1.0,4.0,3.0,2.0,3.0,0.0,1.0,255.0,244.0,23.0,32.0,53.0,56.0,132.0,139.0,7.0,1,0.0,1.0,0.0,7.0,342.48723,0.0,0.0,1.0,283.74751,0.0,0.0,0.0,0.0,0.0,1.0,0.0,0.0,654020,321.25343,7,0,1,0,1,322.9200134277344,625459,339.7139892578125,7,0
209110012,Elektronik Teknolojisi,OSTİM TEKNİK ÜNİVERSİTESİ,2,TYT,"18, 21, 64, 119",25034.0,Meslek Yüksekokulu,(Burslu),ANKARA,VAKIF,1,6.0,0.0,0.0,0.0,0.0,382.98386,359.66598,343024.0,6.0,0.0,0.0,6.0,8.0,2.0,2.0,4.0,6.0,0.0,0.0,0.0,0.0,262.0,205.0,26.0,22.0,74.0,54.0,190.0,140.0,7.0,1,0.0,1.0,0.0,7.0,394.32733,0.0,0.0,1.0,333.47842,0.0,0.0,0.0,0.0,0.0,1.0,0.0,0.0,363534,360.03197,7,0,1,0,1,364.3919982910156,331025,385.0320129394531,7,0
209110013,Elektronik Teknolojisi,OSTİM TEKNİK ÜNİVERSİTESİ,2,TYT,"18, 21, 64, 119",25035.0,Meslek Yüksekokulu,(%50 İndirimli),ANKARA,VAKIF,1,34.0,0.0,0.0,0.0,0.0,313.62267,267.79304,1216544.0,34.0,0.0,1.0,34.0,41.0,10.0,12.0,19.0,26.0,4.0,3.0,0.0,0.0,326.0,395.0,13.0,31.0,55.0,90.0,193.0,247.0,42.0,0,0.0,0.0,0.0,42.0,336.20535,0.0,0.0,0.0,0.0,0.0,0.0,0.0,0.0,2.0,0.0,0.0,0.0,1203503,275.86645,47,0,0,0,0,272.7829895019531,1274111,338.39300537109375,47,0
209110015,Makine,OSTİM TEKNİK ÜNİVERSİTESİ,2,TYT,"18, 21, 64, 119",25044.0,Meslek Yüksekokulu,(Burslu),ANKARA,VAKIF,1,6.0,0.0,0.0,0.0,0.0,383.78167,343.51108,433755.0,6.0,0.0,0.0,6.0,8.0,5.0,0.0,1.0,7.0,0.0,0.0,0.0,1.0,365.0,284.0,49.0,36.0,118.0,90.0,272.0,210.0,7.0,1,0.0,1.0,0.0,7.0,391.5851,0.0,0.0,1.0,350.96432,0.0,0.0,0.0,0.0,0.0,1.0,0.0,0.0,406945,352.76683,7,0,1,0,1,355.8890075683594,376717,375.6090087890625,7,0
209110016,Makine,OSTİM TEKNİK ÜNİVERSİTESİ,2,TYT,"18, 21, 64, 119",25045.0,Meslek Yüksekokulu,(%50 İndirimli),ANKARA,VAKIF,1,34.0,0.0,0.0,0.0,0.0,338.36482,282.10873,1014038.0,34.0,2.0,1.0,32.0,41.0,10.0,11.0,20.0,28.0,2.0,1.0,0.0,1.0,429.0,469.0,34.0,42.0,97.0,123.0,285.0,331.0,42.0,0,0.0,0.0,0.0,42.0,340.66422,0.0,0.0,0.0,0.0,0.0,0.0,0.0,0.0,2.0,0.0,0.0,0.0,1045243,287.19126,47,0,0,0,0,292.82501220703125,977909,327.6570129394531,47,0
209110024,Mekatronik,OSTİM TEKNİK ÜNİVERSİTESİ,2,TYT,"18, 21, 64, 119",25046.0,Meslek Yüksekokulu,(Burslu),ANKARA,VAKIF,1,6.0,0.0,0.0,0.0,0.0,359.85042,348.00035,406349.0,6.0,2.0,1.0,4.0,7.0,4.0,2.0,1.0,6.0,1.0,0.0,0.0,0.0,371.0,282.0,23.0,23.0,96.0,71.0,254.0,193.0,7.0,1,0.0,1.0,0.0,7.0,403.44467,0.0,0.0,1.0,271.31315,0.0,0.0,0.0,0.0,0.0,1.0,0.0,0.0,407626,352.65892,7,0,1,0,1,356.71600341796875,372118,382.7909851074219,7,0
209110025,Mekatronik,OSTİM TEKNİK ÜNİVERSİTESİ,2,TYT,"18, 21, 64, 119",25047.0,Meslek Yüksekokulu,(%50 İndirimli),ANKARA,VAKIF,1,34.0,0.0,0.0,0.0,0.0,310.98612,276.25441,1079228.0,34.0,0.0,2.0,34.0,40.0,8.0,11.0,24.0,31.0,0.0,0.0,1.0,0.0,422.0,476.0,18.0,32.0,77.0,123.0,260.0,332.0,42.0,0,0.0,0.0,0.0,42.0,339.60302,0.0,0.0,0.0,0.0,0.0,0.0,0.0,0.0,4.0,0.0,0.0,0.0,1067762,285.52769,47,0,0,0,0,284.0780029296875,1102368,331.8479919433594,47,0
209110027,Bilgisayar Mühendisliği,OSTİM TEKNİK ÜNİVERSİTESİ,4,SAYISAL,"18, 21, 22, 23, 24, 64, 119, 144",12988.0,Mühendislik Fakültesi,(İngilizce) (Burslu),ANKARA,VAKIF,0,8.0,0.0,0.0,0.0,0.0,485.96989,479.94316,31804.0,8.0,2.0,2.0,6.0,8.0,2.0,3.0,6.0,7.0,0.0,0.0,0.0,0.0,556.0,456.0,20.0,43.0,67.0,102.0,311.0,267.0,9.0,1,0.0,1.0,0.0,9.0,499.6542,0.0,0.0,1.0,490.50475,0.0,0.0,0.0,0.0,0.0,1.0,0.0,0.0,24737,490.67305,10,0,1,0,1,450.7170104980469,38036,466.0320129394531,10,0
209110028,Bilgisayar Mühendisliği,OSTİM TEKNİK ÜNİVERSİTESİ,4,SAYISAL,"18, 21, 22, 23, 24, 64, 119, 144",12991.0,Mühendislik Fakültesi,(İngilizce) (%50 İndirimli),ANKARA,VAKIF,0,42.0,0.0,0.0,0.0,0.0,447.73068,392.80982,114360.0,42.0,19.0,10.0,23.0,45.0,9.0,23.0,32.0,31.0,0.0,1.0,1.0,0.0,392.0,567.0,18.0,123.0,68.0,220.0,227.0,414.0,55.0,0,0.0,0.0,0.0,55.0,445.14272,0.0,0.0,0.0,0.0,0.0,0.0,0.0,0.0,0.0,0.0,0.0,0.0,108246,401.96635,59,0,0,0,0,362.70098876953125,128264,431.0249938964844,59,0
209110030,Elektrik-Elektronik Mühendisliği,OSTİM TEKNİK ÜNİVERSİTESİ,4,SAYISAL,"18, 21, 22, 23, 24, 64, 119, 144",12994.0,Mühendislik Fakültesi,(İngilizce) (Burslu),ANKARA,VAKIF,0,5.0,0.0,0.0,0.0,0.0,466.18567,460.89809,47227.0,5.0,0.0,3.0,5.0,6.0,4.0,3.0,1.0,5.0,0.0,0.0,0.0,1.0,264.0,265.0,8.0,9.0,33.0,36.0,124.0,135.0,8.0,1,0.0,1.0,0.0,8.0,471.29556,0.0,0.0,1.0,458.2495,0.0,0.0,0.0,0.0,0.0,1.0,0.0,0.0,44446,465.48699,8,0,1,0,1,436.04400634765625,49316,449.0979919433594,8,0
209110031,Makine Mühendisliği,OSTİM TEKNİK ÜNİVERSİTESİ,4,SAYISAL,"18, 21, 22, 23, 24, 64, 119, 144",13002.0,Mühendislik Fakültesi,(İngilizce) (Burslu),ANKARA,VAKIF,0,40.0,0.0,0.0,0.0,0.0,443.28741,415.34661,89412.0,40.0,6.0,2.0,34.0,6.0,13.0,3.0,25.0,5.0,1.0,0.0,1.0,0.0,307.0,408.0,9.0,36.0,37.0,79.0,149.0,236.0,7.0,1,0.0,1.0,0.0,7.0,458.78352,0.0,0.0,1.0,433.73195,0.0,0.0,0.0,0.0,0.0,1.0,0.0,0.0,65926,441.68593,7,0,1,0,1,418.9440002441406,63969,430.99700927734375,7,0
209110032,Bilişim Güvenliği Teknolojisi,OSTİM TEKNİK ÜNİVERSİTESİ,2,TYT,"18, 21, 64, 119",25028.0,Meslek Yüksekokulu,(Burslu),ANKARA,VAKIF,1,6.0,0.0,0.0,0.0,0.0,376.46429,363.13503,326342.0,6.0,0.0,2.0,6.0,6.0,2.0,3.0,1.0,2.0,1.0,2.0,2.0,1.0,307.0,275.0,15.0,10.0,85.0,55.0,216.0,188.0,7.0,1,0.0,1.0,0.0,7.0,391.32694,0.0,0.0,1.0,366.1023,0.0,0.0,0.0,0.0,0.0,1.0,0.0,0.0,291261,374.22259,7,0,1,0,1,368.5849914550781,310482,444.2489929199219,7,0
209110033,Bilişim Güvenliği Teknolojisi,OSTİM TEKNİK ÜNİVERSİTESİ,2,TYT,"18, 21, 64, 119",25029.0,Meslek Yüksekokulu,(%50 İndirimli),ANKARA,VAKIF,1,34.0,0.0,0.0,0.0,0.0,327.2948,275.26285,1089980.0,34.0,7.0,9.0,27.0,33.0,10.0,4.0,21.0,32.0,2.0,4.0,1.0,1.0,385.0,446.0,24.0,16.0,70.0,94.0,221.0,285.0,42.0,0,0.0,0.0,0.0,42.0,346.49819,0.0,0.0,0.0,0.0,0.0,0.0,0.0,0.0,3.0,0.0,0.0,0.0,1100604,283.13587,47,0,0,0,0,274.6390075683594,1245157,343.12298583984375,47,0
209110034,E-Ticaret ve Pazarlama,OSTİM TEKNİK ÜNİVERSİTESİ,2,TYT,"18, 21, 64, 119",25036.0,Meslek Yüksekokulu,(Burslu),ANKARA,VAKIF,1,6.0,0.0,0.0,0.0,0.0,370.58435,336.44771,480055.0,6.0,1.0,3.0,5.0,6.0,2.0,1.0,1.0,2.0,2.0,2.0,1.0,3.0,191.0,169.0,23.0,23.0,52.0,43.0,121.0,108.0,7.0,1,0.0,1.0,0.0,7.0,357.85006,0.0,0.0,1.0,237.65649,0.0,0.0,1.0,332.0,2.0,0.0,0.0,0.0,457156,345.2254,8,0,1,0,1,345.8110046386719,439530,380.4989929199219,8,0
209110035,E-Ticaret ve Pazarlama,OSTİM TEKNİK ÜNİVERSİTESİ,2,TYT,"18, 21, 64, 119",25037.0,Meslek Yüksekokulu,(%50 İndirimli),ANKARA,VAKIF,1,34.0,0.0,0.0,0.0,0.0,334.49601,243.78693,1605704.0,34.0,8.0,12.0,26.0,30.0,7.0,14.0,22.0,21.0,3.0,3.0,1.0,0.0,212.0,271.0,13.0,30.0,41.0,75.0,104.0,161.0,42.0,0,0.0,0.0,0.0,42.0,336.41144,0.0,0.0,0.0,0.0,0.0,0.0,0.0,0.0,3.0,0.0,0.0,0.0,1591330,251.35987,51,0,0,0,0,220.01100158691406,2196463,321.8450012207031,51,0
209110036,Bilgisayar Programcılığı,OSTİM TEKNİK ÜNİVERSİTESİ,2,TYT,"18, 21, 64, 119",25026.0,Meslek Yüksekokulu,(Burslu),ANKARA,VAKIF,1,11.0,0.0,0.0,0.0,0.0,446.655,388.92119,217710.0,11.0,2.0,4.0,9.0,8.0,1.0,6.0,4.0,4.0,4.0,0.0,2.0,2.0,754.0,418.0,95.0,44.0,266.0,126.0,589.0,305.0,10.0,1,0.0,2.0,0.0,10.0,443.13089,0.0,0.0,1.0,379.40526,0.0,0.0,1.0,250.0,0.0,1.0,0.0,0.0,210933,394.61598,12,0,2,0,1,381.864013671875,253414,489.04400634765625,12,0
209110037,Bilgisayar Programcılığı,OSTİM TEKNİK ÜNİVERSİTESİ,2,TYT,"18, 21, 64, 119",25027.0,Meslek Yüksekokulu,(%50 İndirimli),ANKARA,VAKIF,1,59.0,0.0,0.0,0.0,0.0,365.31856,297.7739,824904.0,59.0,12.0,9.0,47.0,59.0,11.0,10.0,43.0,51.0,5.0,4.0,0.0,3.0,762.0,657.0,58.0,57.0,205.0,183.0,519.0,471.0,68.0,0,0.0,0.0,0.0,68.0,367.7151,0.0,0.0,0.0,0.0,0.0,0.0,0.0,0.0,1.0,0.0,0.0,0.0,788286,308.20204,81,0,0,0,0,288.8840026855469,1032787,358.8479919433594,81,0
209110038,Uluslararası Ticaret ve Finansman,OSTİM TEKNİK ÜNİVERSİTESİ,4,EŞİT AĞIRLIK,"18, 21, 22, 23, 24, 64, 119",12970.0,İktisadi ve İdari Bilimler Fakültesi,(İngilizce) (Burslu),ANKARA,VAKIF,0,35.0,0.0,0.0,0.0,0.0,348.1587,320.28493,293994.0,35.0,16.0,2.0,19.0,4.0,8.0,1.0,23.0,4.0,1.0,1.0,3.0,0.0,352.0,268.0,30.0,20.0,78.0,62.0,229.0,180.0,5.0,1,0.0,1.0,0.0,5.0,355.2224,0.0,0.0,1.0,334.73872,0.0,0.0,0.0,0.0,0.0,1.0,0.0,0.0,186110,342.939,7,0,1,0,1,341.03399658203125,152697,351.2409973144531,7,0
209110039,Yazılım Mühendisliği,OSTİM TEKNİK ÜNİVERSİTESİ,4,SAYISAL,"18, 21, 64, 119, 144",13010.0,Mühendislik Fakültesi,(Burslu),ANKARA,VAKIF,0,11.0,0.0,0.0,0.0,0.0,476.15819,463.84115,44786.0,11.0,5.0,2.0,6.0,10.0,6.0,4.0,5.0,8.0,0.0,0.0,0.0,0.0,410.0,347.0,6.0,17.0,47.0,49.0,234.0,172.0,11.0,1,0.0,2.0,0.0,11.0,483.71564,0.0,0.0,1.0,471.63277,0.0,0.0,0.0,0.0,0.0,2.0,0.0,0.0,36957,474.48455,12,0,2,0,1,418.4100036621094,64432,446.156005859375,12,0
209110040,Yazılım Mühendisliği,OSTİM TEKNİK ÜNİVERSİTESİ,4,SAYISAL,"18, 21, 64, 119, 144",13011.0,Mühendislik Fakültesi,(%50 İndirimli),ANKARA,VAKIF,0,59.0,0.0,0.0,0.0,0.0,435.81678,337.34523,199916.0,59.0,17.0,30.0,42.0,42.0,15.0,18.0,40.0,52.0,3.0,1.0,0.0,0.0,338.0,567.0,13.0,37.0,51.0,130.0,192.0,367.0,72.0,0,0.0,0.0,0.0,72.0,426.36807,0.0,0.0,0.0,0.0,0.0,0.0,0.0,0.0,2.0,0.0,0.0,0.0,194184,347.34549,74,0,0,0,0,290.6180114746094,298225,388.6390075683594,45,0
209110041,Ekonomi,OSTİM TEKNİK ÜNİVERSİTESİ,4,EŞİT AĞIRLIK,"18, 21, 22, 23, 24, 64, 119",12959.0,İktisadi ve İdari Bilimler Fakültesi,(İngilizce) (Burslu),ANKARA,VAKIF,0,5.0,0.0,0.0,0.0,0.0,382.14248,329.46127,251888.0,5.0,2.0,0.0,3.0,5.0,2.0,1.0,3.0,3.0,0.0,0.0,0.0,0.0,148.0,140.0,8.0,4.0,40.0,25.0,96.0,74.0,4.0,1,0.0,1.0,0.0,4.0,345.38741,0.0,0.0,1.0,332.94699,0.0,0.0,0.0,0.0,0.0,1.0,0.0,0.0,194612,340.73661,6,0,1,0,1,334.02398681640625,176539,342.8840026855469,6,0
209110042,Ekonomi,OSTİM TEKNİK ÜNİVERSİTESİ,4,EŞİT AĞIRLIK,"18, 21, 22, 23, 24, 64, 119",12960.0,İktisadi ve İdari Bilimler Fakültesi,(İngilizce) (%50 İndirimli),ANKARA,VAKIF,0,20.0,0.0,0.0,0.0,0.0,262.76724,225.77934,1205170.0,20.0,6.0,6.0,14.0,24.0,5.0,8.0,11.0,19.0,3.0,2.0,1.0,0.0,60.0,298.0,3.0,35.0,7.0,85.0,25.0,163.0,30.0,0,0.0,0.0,0.0,30.0,273.83082,0.0,0.0,0.0,0.0,0.0,0.0,0.0,0.0,5.0,0.0,0.0,0.0,1075662,235.08333,34,0,0,0,0,193.52699279785156,1578870,259.8039855957031,30,0
209110043,Yönetim Bilişim Sistemleri,OSTİM TEKNİK ÜNİVERSİTESİ,4,EŞİT AĞIRLIK,"18, 21, 64, 119",12973.0,İktisadi ve İdari Bilimler Fakültesi,(Burslu),ANKARA,VAKIF,0,5.0,0.0,0.0,0.0,0.0,388.91252,377.14986,103804.0,5.0,1.0,2.0,4.0,4.0,1.0,2.0,3.0,4.0,1.0,0.0,0.0,0.0,396.0,325.0,11.0,19.0,66.0,70.0,266.0,220.0,5.0,1,0.0,1.0,0.0,5.0,394.94857,0.0,0.0,1.0,387.27811,0.0,0.0,0.0,0.0,0.0,1.0,0.0,0.0,66493,387.58213,7,0,1,0,1,374.52899169921875,71137,385.30499267578125,7,0
209110044,Yönetim Bilişim Sistemleri,OSTİM TEKNİK ÜNİVERSİTESİ,4,EŞİT AĞIRLIK,"18, 21, 64, 119",12974.0,İktisadi ve İdari Bilimler Fakültesi,(%50 İndirimli),ANKARA,VAKIF,0,25.0,0.0,0.0,0.0,0.0,331.00301,288.42444,492996.0,25.0,6.0,15.0,19.0,19.0,7.0,7.0,17.0,23.0,1.0,2.0,0.0,0.0,361.0,304.0,30.0,39.0,91.0,106.0,248.0,225.0,34.0,0,0.0,0.0,0.0,34.0,332.51768,0.0,0.0,0.0,0.0,0.0,0.0,0.0,0.0,4.0,0.0,0.0,0.0,458658,293.69099,38,0,0,0,0,274.2099914550781,560068,356.2090148925781,38,0
209110045,Biyomedikal Cihaz Teknolojisi,OSTİM TEKNİK ÜNİVERSİTESİ,2,TYT,"18, 21, 64, 119",25030.0,Meslek Yüksekokulu,(Burslu),ANKARA,VAKIF,1,6.0,0.0,0.0,0.0,0.0,333.73469,314.77545,635583.0,6.0,3.0,5.0,3.0,3.0,0.0,1.0,4.0,4.0,0.0,3.0,2.0,0.0,203.0,127.0,5.0,2.0,23.0,16.0,95.0,69.0,7.0,1,0.0,1.0,0.0,7.0,339.03049,0.0,0.0,1.0,305.03794,0.0,0.0,0.0,0.0,0.0,1.0,0.0,0.0,661597,320.47181,7,0,1,0,1,321.6289978027344,638118,361.593994140625,7,0
209110046,Biyomedikal Cihaz Teknolojisi,OSTİM TEKNİK ÜNİVERSİTESİ,2,TYT,"18, 21, 64, 119",25031.0,Meslek Yüksekokulu,(%50 İndirimli),ANKARA,VAKIF,1,34.0,0.0,0.0,0.0,0.0,301.62547,241.56044,1667240.0,34.0,7.0,9.0,27.0,33.0,18.0,20.0,13.0,17.0,2.0,3.0,0.0,1.0,194.0,282.0,8.0,10.0,35.0,45.0,95.0,155.0,42.0,0,0.0,0.0,0.0,42.0,288.2094,0.0,0.0,0.0,0.0,0.0,0.0,0.0,0.0,4.0,0.0,0.0,0.0,1690217,245.64489,47,0,0,0,0,240.66299438476562,1817549,301.7080078125,47,0
209110047,Elektrik,OSTİM TEKNİK ÜNİVERSİTESİ,2,TYT,"18, 21, 64, 119",25032.0,Meslek Yüksekokulu,(Burslu),ANKARA,VAKIF,1,9.0,0.0,0.0,0.0,0.0,356.11749,337.58175,472369.0,9.0,1.0,0.0,8.0,10.0,0.0,2.0,7.0,5.0,2.0,1.0,0.0,0.0,372.0,258.0,21.0,28.0,97.0,74.0,259.0,169.0,8.0,1,0.0,1.0,0.0,8.0,357.94115,0.0,0.0,1.0,235.49869,0.0,0.0,1.0,243.0,1.0,0.0,0.0,0.0,437308,348.09984,9,0,1,0,1,350.5950012207031,408407,375.09600830078125,9,0
209110048,Elektrik,OSTİM TEKNİK ÜNİVERSİTESİ,2,TYT,"18, 21, 64, 119",25033.0,Meslek Yüksekokulu,(%50 İndirimli),ANKARA,VAKIF,1,51.0,0.0,0.0,0.0,0.0,331.96312,257.72374,1377272.0,51.0,2.0,0.0,49.0,51.0,12.0,13.0,34.0,35.0,3.0,1.0,1.0,1.0,402.0,440.0,24.0,38.0,79.0,116.0,232.0,301.0,51.0,0,0.0,0.0,0.0,51.0,337.70642,0.0,0.0,0.0,0.0,0.0,0.0,0.0,0.0,3.0,0.0,0.0,0.0,1257819,272.18598,55,0,0,0,0,271.15301513671875,1300125,327.6820068359375,55,0
209110049,Hibrid ve Elektrikli Taşıtlar Teknolojisi,OSTİM TEKNİK ÜNİVERSİTESİ,2,TYT,"18, 21, 64, 119",25038.0,Meslek Yüksekokulu,(Burslu),ANKARA,VAKIF,1,11.0,0.0,0.0,0.0,0.0,370.67601,355.74084,363047.0,11.0,0.0,2.0,11.0,11.0,6.0,1.0,2.0,6.0,2.0,1.0,0.0,4.0,578.0,308.0,82.0,47.0,198.0,108.0,414.0,216.0,10.0,1,0.0,2.0,0.0,10.0,397.24195,0.0,0.0,1.0,369.3456,0.0,0.0,2.0,228.0,0.0,2.0,0.0,0.0,311058,370.01707,10,0,2,0,1,363.7049865722656,334458,399.27801513671875,10,0
209110050,Hibrid ve Elektrikli Taşıtlar Teknolojisi,OSTİM TEKNİK ÜNİVERSİTESİ,2,TYT,"18, 21, 64, 119",25039.0,Meslek Yüksekokulu,(%50 İndirimli),ANKARA,VAKIF,1,59.0,0.0,0.0,0.0,0.0,354.4517,284.82628,978935.0,59.0,5.0,1.0,54.0,67.0,24.0,21.0,29.0,42.0,5.0,3.0,0.0,0.0,579.0,441.0,43.0,42.0,160.0,126.0,386.0,297.0,68.0,0,0.0,0.0,0.0,68.0,352.8535,0.0,0.0,0.0,0.0,0.0,0.0,0.0,0.0,6.0,0.0,0.0,0.0,1048985,286.91412,68,0,0,0,0,277.74700927734375,1197278,359.4129943847656,68,0
209110051,İnsansız Hava Aracı Teknolojisi ve Operatörlüğü,OSTİM TEKNİK ÜNİVERSİTESİ,2,TYT,"18, 21, 64, 119",25040.0,Meslek Yüksekokulu,(Burslu),ANKARA,VAKIF,1,11.0,0.0,0.0,0.0,0.0,432.55858,377.54421,263693.0,11.0,2.0,6.0,9.0,7.0,4.0,2.0,6.0,8.0,0.0,2.0,1.0,1.0,806.0,454.0,171.0,65.0,374.0,173.0,637.0,325.0,10.0,1,0.0,2.0,0.0,10.0,413.76272,0.0,0.0,1.0,374.8848,0.0,0.0,2.0,261.0,0.0,0.0,0.0,0.0,259737,381.56508,11,0,2,0,1,378.3110046386719,267704,457.8420104980469,11,0
209110052,İnsansız Hava Aracı Teknolojisi ve Operatörlüğü,OSTİM TEKNİK ÜNİVERSİTESİ,2,TYT,"18, 21, 64, 119",25041.0,Meslek Yüksekokulu,(%50 İndirimli),ANKARA,VAKIF,1,59.0,0.0,0.0,0.0,0.0,373.62746,311.38976,684381.0,59.0,6.0,10.0,53.0,58.0,20.0,21.0,35.0,39.0,0.0,5.0,2.0,3.0,545.0,446.0,54.0,46.0,158.0,130.0,376.0,304.0,68.0,0,0.0,0.0,0.0,68.0,374.32636,0.0,0.0,0.0,0.0,0.0,0.0,0.0,0.0,7.0,0.0,0.0,0.0,807480,306.48552,72,0,0,0,0,297.31201171875,917758,360.68701171875,72,0
209110053,Endüstriyel Tasarım,OSTİM TEKNİK ÜNİVERSİTESİ,4,SAYISAL,"18, 21, 64, 119",12979.0,Mimarlık ve Tasarım Fakültesi,(Burslu),ANKARA,VAKIF,0,5.0,0.0,0.0,0.0,0.0,384.94671,346.44729,182331.0,5.0,4.0,6.0,1.0,1.0,2.0,3.0,2.0,4.0,1.0,0.0,0.0,0.0,263.0,209.0,26.0,9.0,63.0,43.0,161.0,139.0,5.0,1,0.0,1.0,0.0,5.0,416.39694,0.0,0.0,1.0,335.46199,0.0,0.0,1.0,223.0,0.0,0.0,0.0,0.0,160460,365.36703,6,0,1,0,1,349.135986328125,149537,406.20599365234375,6,0
209110054,Endüstriyel Tasarım,OSTİM TEKNİK ÜNİVERSİTESİ,4,SAYISAL,"18, 21, 64, 119",12980.0,Mimarlık ve Tasarım Fakültesi,(%50 İndirimli),ANKARA,VAKIF,0,25.0,0.0,0.0,0.0,0.0,314.75891,275.11153,384258.0,25.0,11.0,20.0,14.0,14.0,11.0,10.0,14.0,24.0,0.0,0.0,0.0,0.0,250.0,247.0,36.0,27.0,77.0,75.0,164.0,178.0,34.0,0,0.0,0.0,0.0,34.0,357.78086,0.0,0.0,0.0,0.0,0.0,0.0,0.0,0.0,1.0,0.0,0.0,0.0,347261,294.99244,41,0,0,0,0,265.8940124511719,416349,339.614013671875,41,0
209110055,İç Mimarlık ve Çevre Tasarımı,OSTİM TEKNİK ÜNİVERSİTESİ,4,EŞİT AĞIRLIK,"18, 21, 64, 119",12981.0,Mimarlık ve Tasarım Fakültesi,(Burslu),ANKARA,VAKIF,0,9.0,0.0,0.0,0.0,0.0,374.40463,366.5492,129330.0,9.0,7.0,8.0,2.0,4.0,2.0,3.0,6.0,8.0,0.0,1.0,0.0,0.0,338.0,213.0,19.0,17.0,74.0,54.0,221.0,145.0,10.0,1,0.0,1.0,0.0,10.0,377.63722,0.0,0.0,1.0,346.41556,0.0,0.0,1.0,215.0,0.0,0.0,0.0,0.0,129499,360.4913,7,0,1,0,1,347.8290100097656,132228,363.0929870605469,7,0
209110056,İç Mimarlık ve Çevre Tasarımı,OSTİM TEKNİK ÜNİVERSİTESİ,4,EŞİT AĞIRLIK,"18, 21, 64, 119",12982.0,Mimarlık ve Tasarım Fakültesi,(%50 İndirimli),ANKARA,VAKIF,0,51.0,0.0,0.0,0.0,0.0,341.73127,281.42509,550014.0,51.0,34.0,46.0,17.0,13.0,10.0,22.0,33.0,32.0,5.0,4.0,3.0,1.0,642.0,426.0,51.0,50.0,166.0,127.0,412.0,307.0,59.0,0,0.0,0.0,0.0,59.0,325.91246,0.0,0.0,0.0,0.0,0.0,0.0,0.0,0.0,6.0,0.0,0.0,0.0,600283,276.89935,46,0,0,0,0,273.8710021972656,563291,311.8429870605469,46,0
209110057,Endüstri Mühendisliği,OSTİM TEKNİK ÜNİVERSİTESİ,4,SAYISAL,"18, 21, 64, 119, 144",12996.0,Mühendislik Fakültesi,(Burslu),ANKARA,VAKIF,0,7.0,0.0,0.0,0.0,0.0,443.30294,433.04081,71954.0,7.0,4.0,3.0,3.0,3.0,2.0,0.0,5.0,6.0,0.0,0.0,0.0,0.0,209.0,254.0,7.0,9.0,30.0,43.0,89.0,129.0,5.0,1,0.0,1.0,0.0,5.0,453.19925,0.0,0.0,1.0,439.51667,0.0,0.0,0.0,0.0,0.0,1.0,0.0,0.0,62027,445.80912,6,0,1,0,1,418.4079895019531,64434,434.2250061035156,6,0
209110058,Endüstri Mühendisliği,OSTİM TEKNİK ÜNİVERSİTESİ,4,SAYISAL,"18, 21, 64, 119, 144",12997.0,Mühendislik Fakültesi,(%50 İndirimli),ANKARA,VAKIF,0,36.0,0.0,0.0,0.0,0.0,416.08163,298.43045,298433.0,14.0,9.0,19.0,5.0,15.0,4.0,13.0,9.0,19.0,1.0,2.0,0.0,0.0,73.0,201.0,2.0,4.0,6.0,31.0,36.0,106.0,34.0,0,0.0,0.0,0.0,34.0,351.48049,0.0,0.0,0.0,0.0,0.0,0.0,0.0,0.0,2.0,0.0,0.0,0.0,273921,315.72125,38,0,0,0,0,295.7070007324219,279679,358.62799072265625,17,0
209110059,İşletme,OSTİM TEKNİK ÜNİVERSİTESİ,4,EŞİT AĞIRLIK,"18, 21, 22, 23, 24, 64, 119",12962.0,İktisadi ve İdari Bilimler Fakültesi,(İngilizce) (Burslu),ANKARA,VAKIF,0,5.0,0.0,0.0,0.0,0.0,364.81885,339.35203,212516.0,5.0,3.0,4.0,2.0,2.0,4.0,2.0,1.0,3.0,0.0,0.0,0.0,1.0,195.0,180.0,4.0,7.0,36.0,26.0,109.0,91.0,5.0,1,0.0,1.0,0.0,5.0,366.81476,0.0,0.0,1.0,333.76196,0.0,0.0,0.0,0.0,0.0,1.0,0.0,0.0,163769,349.26847,7,0,1,0,1,341.91900634765625,149930,349.4549865722656,7,0
209110060,İşletme,OSTİM TEKNİK ÜNİVERSİTESİ,4,EŞİT AĞIRLIK,"18, 21, 22, 23, 24, 64, 119",12963.0,İktisadi ve İdari Bilimler Fakültesi,(İngilizce) (%50 İndirimli),ANKARA,VAKIF,0,25.0,0.0,0.0,0.0,0.0,317.40996,249.6947,881448.0,25.0,12.0,13.0,13.0,21.0,5.0,6.0,20.0,25.0,0.0,1.0,0.0,0.0,158.0,308.0,7.0,28.0,20.0,64.0,59.0,188.0,34.0,0,0.0,0.0,0.0,34.0,320.26465,0.0,0.0,0.0,0.0,0.0,0.0,0.0,0.0,4.0,0.0,0.0,0.0,954128,244.42501,37,0,0,0,0,219.0189971923828,1260700,276.9949951171875,37,0
209110061,Pazarlama,OSTİM TEKNİK ÜNİVERSİTESİ,4,EŞİT AĞIRLIK,"18, 21, 22, 23, 24, 64, 119",12967.0,İktisadi ve İdari Bilimler Fakültesi,(İngilizce) (Burslu),ANKARA,VAKIF,0,5.0,0.0,0.0,0.0,0.0,324.84306,317.41017,308456.0,5.0,1.0,4.0,4.0,2.0,3.0,1.0,1.0,3.0,0.0,0.0,1.0,2.0,86.0,72.0,1.0,5.0,15.0,18.0,54.0,42.0,5.0,1,0.0,1.0,0.0,5.0,335.07467,0.0,0.0,1.0,318.27842,0.0,0.0,0.0,0.0,0.0,1.0,0.0,0.0,263213,325.14139,6,0,1,0,1,317.0379943847656,249641,336.7959899902344,6,0
209110062,Pazarlama,OSTİM TEKNİK ÜNİVERSİTESİ,4,EŞİT AĞIRLIK,"18, 21, 22, 23, 24, 64, 119",12968.0,İktisadi ve İdari Bilimler Fakültesi,(İngilizce) (%50 İndirimli),ANKARA,VAKIF,0,25.0,0.0,0.0,0.0,0.0,277.34684,163.54498,1776371.0,9.0,3.0,8.0,6.0,26.0,2.0,14.0,4.0,15.0,2.0,1.0,0.0,1.0,24.0,136.0,2.0,19.0,3.0,49.0,11.0,89.0,34.0,0,0.0,0.0,0.0,34.0,307.67002,0.0,0.0,0.0,0.0,0.0,0.0,0.0,0.0,3.0,0.0,0.0,0.0,1302929,218.809,34,0,0,0,0,178.6790008544922,1677705,270.9679870605469,22,0
209110063,Yönetim Bilişim Sistemleri,OSTİM TEKNİK ÜNİVERSİTESİ,4,EŞİT AĞIRLIK,"18, 21, 22, 23, 24, 64, 119",12976.0,İktisadi ve İdari Bilimler Fakültesi,(İngilizce) (Burslu),ANKARA,VAKIF,0,5.0,0.0,0.0,0.0,0.0,424.34121,387.1047,82244.0,5.0,3.0,3.0,2.0,3.0,1.0,3.0,4.0,3.0,0.0,0.0,0.0,0.0,408.0,298.0,28.0,28.0,73.0,76.0,290.0,219.0,5.0,1,0.0,1.0,0.0,5.0,409.19643,0.0,0.0,1.0,391.83026,0.0,0.0,0.0,0.0,0.0,1.0,0.0,0.0,51284,396.15018,7,0,1,0,1,387.8160095214844,49843,409.01800537109375,7,0
209110064,Yönetim Bilişim Sistemleri,OSTİM TEKNİK ÜNİVERSİTESİ,4,EŞİT AĞIRLIK,"18, 21, 22, 23, 24, 64, 119",12977.0,İktisadi ve İdari Bilimler Fakültesi,(İngilizce) (%50 İndirimli),ANKARA,VAKIF,0,25.0,0.0,0.0,0.0,0.0,365.59663,297.92224,423952.0,25.0,6.0,10.0,19.0,24.0,7.0,10.0,16.0,23.0,2.0,1.0,0.0,0.0,312.0,274.0,27.0,47.0,85.0,112.0,216.0,202.0,34.0,0,0.0,0.0,0.0,34.0,346.90922,0.0,0.0,0.0,0.0,0.0,0.0,0.0,0.0,4.0,0.0,0.0,0.0,390172,303.24679,38,0,0,0,0,268.572998046875,616458,337.47198486328125,38,0
209110065,Bilgisayar Mühendisliği,OSTİM TEKNİK ÜNİVERSİTESİ,4,SAYISAL,"18, 21, 64, 119, 144",12985.0,Mühendislik Fakültesi,(Burslu),ANKARA,VAKIF,0,8.0,0.0,0.0,0.0,0.0,483.95687,467.47287,41824.0,8.0,2.0,3.0,6.0,7.0,4.0,5.0,4.0,4.0,0.0,1.0,0.0,0.0,452.0,371.0,15.0,12.0,63.0,60.0,247.0,208.0,9.0,1,0.0,1.0,0.0,9.0,485.99181,0.0,0.0,1.0,479.6186,0.0,0.0,0.0,0.0,0.0,1.0,0.0,0.0,31310,481.63743,10,0,2,0,1,431.4700012207031,53031,458.45001220703125,10,0
209110066,Bilgisayar Mühendisliği,OSTİM TEKNİK ÜNİVERSİTESİ,4,SAYISAL,"18, 21, 64, 119, 144",12986.0,Mühendislik Fakültesi,(%50 İndirimli),ANKARA,VAKIF,0,42.0,0.0,0.0,0.0,0.0,405.63919,357.82859,162602.0,42.0,13.0,17.0,29.0,38.0,13.0,19.0,27.0,36.0,1.0,0.0,1.0,0.0,297.0,471.0,10.0,29.0,36.0,128.0,169.0,310.0,55.0,0,0.0,0.0,0.0,55.0,417.73377,0.0,0.0,0.0,0.0,0.0,0.0,0.0,0.0,0.0,0.0,0.0,0.0,155083,368.60528,60,0,0,0,0,297.6600036621094,272993,384.16900634765625,60,0
209110067,Elektrik-Elektronik Mühendisliği,OSTİM TEKNİK ÜNİVERSİTESİ,4,SAYISAL,"18, 21, 22, 23, 24, 64, 119, 144",12995.0,Mühendislik Fakültesi,(İngilizce) (%50 İndirimli),ANKARA,VAKIF,0,30.0,0.0,0.0,0.0,0.0,400.7516,327.2733,221485.0,30.0,6.0,13.0,24.0,38.0,15.0,18.0,15.0,33.0,0.0,0.0,0.0,0.0,239.0,473.0,6.0,31.0,19.0,101.0,101.0,285.0,51.0,0,0.0,0.0,0.0,51.0,400.91393,0.0,0.0,0.0,0.0,0.0,0.0,0.0,0.0,2.0,0.0,0.0,0.0,216048,337.37686,51,0,0,0,0,290.8760070800781,297181,379.55999755859375,45,0
209110070,Yazılım Mühendisliği,OSTİM TEKNİK ÜNİVERSİTESİ,4,SAYISAL,"18, 21, 22, 23, 24, 64, 119, 144",13015.0,Mühendislik Fakültesi,(İngilizce) (Burslu),ANKARA,VAKIF,0,8.0,0.0,0.0,0.0,0.0,481.03602,473.99945,36469.0,8.0,0.0,2.0,8.0,9.0,5.0,6.0,3.0,5.0,0.0,0.0,0.0,0.0,617.0,418.0,16.0,23.0,94.0,69.0,328.0,228.0,9.0,1,0.0,1.0,0.0,9.0,498.7692,0.0,0.0,1.0,473.54255,0.0,0.0,1.0,336.0,0.0,0.0,0.0,0.0,29487,484.09541,10,0,1,0,1,428.9259948730469,55214,454.2300109863281,10,0
209110071,Yazılım Mühendisliği,OSTİM TEKNİK ÜNİVERSİTESİ,4,SAYISAL,"18, 21, 22, 23, 24, 64, 119, 144",13016.0,Mühendislik Fakültesi,(İngilizce) (%50 İndirimli),ANKARA,VAKIF,0,42.0,0.0,0.0,0.0,0.0,437.84598,373.99278,138609.0,42.0,18.0,26.0,24.0,29.0,17.0,18.0,25.0,37.0,0.0,0.0,0.0,0.0,483.0,568.0,17.0,75.0,70.0,185.0,273.0,387.0,55.0,0,0.0,0.0,0.0,55.0,424.93052,0.0,0.0,0.0,0.0,0.0,0.0,0.0,0.0,0.0,0.0,0.0,0.0,126587,387.7708,59,0,0,0,0,300.9909973144531,261779,397.7139892578125,59,0
209110073,Silah Sanayi Teknikerliği,OSTİM TEKNİK ÜNİVERSİTESİ,2,TYT,"18, 21, 64, 119",25048.0,Meslek Yüksekokulu,(Burslu),ANKARA,VAKIF,1,6.0,0.0,0.0,0.0,0.0,389.67695,354.21086,371321.0,6.0,0.0,1.0,6.0,8.0,3.0,2.0,3.0,2.0,0.0,3.0,0.0,2.0,458.0,338.0,53.0,59.0,149.0,115.0,323.0,220.0,7.0,1,0.0,1.0,0.0,7.0,405.87535,0.0,0.0,1.0,348.39079,0.0,0.0,1.0,328.0,1.0,1.0,0.0,0.0,365534,359.68735,7,0,1,0,1,369.8680114746094,304628,442.7699890136719,7,0
209110074,Silah Sanayi Teknikerliği,OSTİM TEKNİK ÜNİVERSİTESİ,2,TYT,"18, 21, 64, 119",25049.0,Meslek Yüksekokulu,(%50 İndirimli),ANKARA,VAKIF,1,34.0,0.0,0.0,0.0,0.0,338.67448,280.87771,1030377.0,34.0,1.0,5.0,33.0,37.0,14.0,10.0,17.0,24.0,3.0,5.0,0.0,0.0,392.0,422.0,37.0,39.0,104.0,125.0,259.0,288.0,42.0,0,0.0,0.0,0.0,42.0,357.09465,0.0,0.0,0.0,0.0,0.0,0.0,0.0,0.0,4.0,0.0,0.0,0.0,1119339,281.77579,47,0,0,0,0,283.2829895019531,1113942,358.18499755859375,47,0
209110075,Lojistik,OSTİM TEKNİK ÜNİVERSİTESİ,2,TYT,"18, 21, 64, 119",25043.0,Meslek Yüksekokulu,(%50 İndirimli),ANKARA,VAKIF,1,34.0,0.0,0.0,0.0,0.0,297.27082,219.53883,2171174.0,34.0,6.0,11.0,28.0,31.0,14.0,10.0,17.0,24.0,2.0,4.0,0.0,0.0,136.0,368.0,9.0,20.0,27.0,78.0,58.0,209.0,42.0,0,0.0,0.0,0.0,42.0,286.56429,0.0,0.0,0.0,0.0,0.0,0.0,0.0,0.0,5.0,0.0,0.0,0.0,1843605,237.15689,47,0,0,0,0,228.677001953125,2036349,299.27301025390625,47,0
209110082,Elektrik-Elektronik Mühendisliği,OSTİM TEKNİK ÜNİVERSİTESİ,4,SAYISAL,"18, 21, 64, 119, 144",12992.0,Mühendislik Fakültesi,(Burslu),ANKARA,VAKIF,0,6.0,0.0,0.0,0.0,0.0,463.03442,448.98121,57485.0,6.0,3.0,2.0,3.0,6.0,3.0,3.0,3.0,5.0,0.0,0.0,0.0,0.0,302.0,186.0,10.0,9.0,57.0,25.0,191.0,90.0,7.0,1,0.0,1.0,0.0,7.0,464.86035,0.0,0.0,1.0,432.94963,0.0,0.0,0.0,0.0,1.0,1.0,0.0,0.0,52302,456.49404,7,0,1,0,1,427.04998779296875,56852,436.64300537109375,7,0
209110089,Elektrik-Elektronik Mühendisliği,OSTİM TEKNİK ÜNİVERSİTESİ,4,SAYISAL,"18, 21, 64, 119, 144",12993.0,Mühendislik Fakültesi,(%50 İndirimli),ANKARA,VAKIF,0,34.0,0.0,0.0,0.0,0.0,434.01023,298.78145,297310.0,22.0,5.0,11.0,17.0,31.0,8.0,15.0,13.0,26.0,1.0,1.0,0.0,0.0,82.0,282.0,1.0,12.0,7.0,56.0,33.0,163.0,42.0,0,0.0,0.0,0.0,42.0,419.62616,0.0,0.0,0.0,0.0,0.0,0.0,0.0,0.0,3.0,0.0,0.0,0.0,259443,320.60514,42,0,0,0,0,290.1520080566406,299995,422.6969909667969,28,0
209110096,Endüstri Mühendisliği,OSTİM TEKNİK ÜNİVERSİTESİ,4,SAYISAL,"18, 21, 22, 23, 24, 64, 119, 144",12998.0,Mühendislik Fakültesi,(İngilizce) (Burslu),ANKARA,VAKIF,0,6.0,0.0,0.0,0.0,0.0,449.71814,439.83361,65754.0,6.0,2.0,6.0,4.0,3.0,3.0,1.0,3.0,8.0,0.0,0.0,0.0,0.0,311.0,348.0,16.0,19.0,46.0,55.0,171.0,171.0,8.0,1,0.0,1.0,0.0,8.0,461.70844,0.0,0.0,1.0,447.76606,0.0,0.0,0.0,0.0,0.0,1.0,0.0,0.0,53730,454.81269,9,0,1,0,1,423.3550109863281,60061,436.5539855957031,9,0
209110103,Endüstri Mühendisliği,OSTİM TEKNİK ÜNİVERSİTESİ,4,SAYISAL,"18, 21, 22, 23, 24, 64, 119, 144",12999.0,Mühendislik Fakültesi,(İngilizce) (%50 İndirimli),ANKARA,VAKIF,0,34.0,0.0,0.0,0.0,0.0,398.02001,302.15261,286952.0,34.0,14.0,27.0,20.0,24.0,14.0,17.0,17.0,34.0,2.0,0.0,0.0,0.0,103.0,427.0,7.0,23.0,14.0,70.0,42.0,231.0,51.0,0,0.0,0.0,0.0,51.0,444.22848,0.0,0.0,0.0,0.0,0.0,0.0,0.0,0.0,1.0,0.0,0.0,0.0,237949,328.49373,55,0,0,0,0,290.74700927734375,297713,343.8089904785156,38,0
209110110,Havacılık ve Uzay Mühendisliği,OSTİM TEKNİK ÜNİVERSİTESİ,4,SAYISAL,"18, 21, 22, 23, 24, 64, 119, 144",13000.0,Mühendislik Fakültesi,(İngilizce) (Burslu),ANKARA,VAKIF,0,6.0,0.0,0.0,0.0,0.0,462.06948,458.03345,49644.0,6.0,4.0,3.0,2.0,4.0,3.0,2.0,3.0,5.0,0.0,0.0,0.0,0.0,293.0,193.0,27.0,11.0,74.0,44.0,197.0,116.0,5.0,1,0.0,1.0,0.0,5.0,472.54269,0.0,0.0,1.0,465.68676,0.0,0.0,1.0,329.0,0.0,0.0,0.0,0.0,40096,470.57615,6,0,1,0,1,441.1109924316406,45216,447.70001220703125,6,0
209110117,Havacılık ve Uzay Mühendisliği,OSTİM TEKNİK ÜNİVERSİTESİ,4,SAYISAL,"18, 21, 22, 23, 24, 64, 119, 144",13001.0,Mühendislik Fakültesi,(İngilizce) (%50 İndirimli),ANKARA,VAKIF,0,34.0,0.0,0.0,0.0,0.0,444.27147,299.92327,293761.0,15.0,3.0,14.0,12.0,20.0,6.0,9.0,9.0,23.0,0.0,1.0,0.0,0.0,49.0,149.0,2.0,11.0,6.0,32.0,23.0,95.0,34.0,0,0.0,0.0,0.0,34.0,413.89686,0.0,0.0,0.0,0.0,0.0,0.0,0.0,0.0,2.0,0.0,0.0,0.0,287271,311.46399,38,0,0,0,0,290.8420104980469,297312,366.2590026855469,31,0
209110124,Yapay Zeka Mühendisliği,OSTİM TEKNİK ÜNİVERSİTESİ,4,SAYISAL,"18, 21, 64, 119, 144",13007.0,Mühendislik Fakültesi,(Burslu),ANKARA,VAKIF,0,6.0,0.0,0.0,0.0,0.0,477.98533,468.44029,40963.0,6.0,2.0,2.0,4.0,8.0,3.0,6.0,3.0,4.0,0.0,0.0,0.0,0.0,615.0,243.0,50.0,36.0,211.0,80.0,458.0,136.0,9.0,1,0.0,1.0,0.0,9.0,522.13017,0.0,0.0,1.0,476.51646,0.0,0.0,0.0,0.0,0.0,1.0,0.0,0.0,34390,477.68805,10,0,2,0,1,440.5589904785156,45651,469.1520080566406,10,0
209110138,Uluslararası Ticaret ve Finansman,OSTİM TEKNİK ÜNİVERSİTESİ,4,EŞİT AĞIRLIK,"18, 21, 22, 23, 24, 64, 119",12971.0,İktisadi ve İdari Bilimler Fakültesi,(İngilizce) (%50 İndirimli),ANKARA,VAKIF,0,,,,,,,,,,,12.0,,22.0,,17.0,,16.0,,1.0,,0.0,,270.0,,35.0,,91.0,,178.0,34.0,0,0.0,0.0,0.0,34.0,322.18251,0.0,0.0,0.0,0.0,0.0,0.0,0.0,0.0,3.0,0.0,0.0,0.0,830950,254.67539,37,0,0,0,0,246.31399536132812,878941,319.4779968261719,37,0
209110145,Bilgisayar Mühendisliği,OSTİM TEKNİK ÜNİVERSİTESİ,4,SAYISAL,"18, 64, 119, 144",12984.0,Mühendislik Fakültesi,(Ücretli),ANKARA,VAKIF,0,,,,,,,,,,,2.0,,0.0,,0.0,,2.0,,0.0,,0.0,,37.0,,0.0,,1.0,,6.0,4.0,0,0.0,0.0,0.0,2.0,310.84069,0.0,0.0,0.0,0.0,0.0,0.0,0.0,0.0,4.0,0.0,0.0,0.0,0,0.0,5,0,0,0,0,292.63800048828125,290612,293.1910095214844,2,0
209110152,Bilgisayar Mühendisliği,OSTİM TEKNİK ÜNİVERSİTESİ,4,SAYISAL,"18, 22, 23, 24, 64, 119, 144",12987.0,Mühendislik Fakültesi,(İngilizce) (Ücretli),ANKARA,VAKIF,0,,,,,,,,,,,1.0,,3.0,,3.0,,1.0,,0.0,,0.0,,62.0,,5.0,,9.0,,21.0,4.0,0,0.0,0.0,0.0,4.0,338.79314,0.0,0.0,0.0,0.0,0.0,0.0,0.0,0.0,2.0,0.0,0.0,0.0,287688,311.34249,4,0,0,0,0,303.2900085449219,254475,332.9540100097656,4,0
209110159,Makine Mühendisliği,OSTİM TEKNİK ÜNİVERSİTESİ,4,SAYISAL,"18, 21, 22, 23, 24, 64, 119, 144",13003.0,Mühendislik Fakültesi,(İngilizce) (%50 İndirimli),ANKARA,VAKIF,0,,,,,,,,,,,7.0,,35.0,,13.0,,28.0,,1.0,,0.0,,266.0,,39.0,,76.0,,167.0,42.0,0,0.0,0.0,0.0,42.0,440.6604,0.0,0.0,0.0,0.0,0.0,0.0,0.0,0.0,3.0,0.0,0.0,0.0,229909,331.64952,47,0,0,0,0,299.3420104980469,267181,417.1369934082031,47,0
209110166,Yapay Zeka Mühendisliği,OSTİM TEKNİK ÜNİVERSİTESİ,4,SAYISAL,"18, 64, 119, 144",13006.0,Mühendislik Fakültesi,(Ücretli),ANKARA,VAKIF,0,,,,,,,,,,,2.0,,2.0,,0.0,,4.0,,0.0,,0.0,,19.0,,0.0,,5.0,,7.0,4.0,0,0.0,0.0,0.0,4.0,330.89761,0.0,0.0,0.0,0.0,0.0,0.0,0.0,0.0,1.0,0.0,0.0,0.0,267842,317.72396,5,0,0,0,0,0.0,0,0.0,0,0
209110173,Yazılım Mühendisliği,OSTİM TEKNİK ÜNİVERSİTESİ,4,SAYISAL,"18, 64, 119, 144",13009.0,Mühendislik Fakültesi,(Ücretli),ANKARA,VAKIF,0,,,,,,,,,,,1.0,,2.0,,0.0,,2.0,,0.0,,1.0,,45.0,,0.0,,6.0,,14.0,3.0,0,0.0,0.0,0.0,3.0,335.22824,0.0,0.0,0.0,0.0,0.0,0.0,0.0,0.0,1.0,0.0,0.0,0.0,262552,319.52844,5,0,0,0,0,0.0,0,0.0,0,0
209110180,Yazılım Mühendisliği,OSTİM TEKNİK ÜNİVERSİTESİ,4,SAYISAL,"18, 22, 23, 24, 64, 119, 144",13014.0,Mühendislik Fakültesi,(İngilizce) (Ücretli),ANKARA,VAKIF,0,,,,,,,,,,,1.0,,3.0,,1.0,,3.0,,0.0,,0.0,,52.0,,2.0,,5.0,,18.0,4.0,0,0.0,0.0,0.0,4.0,338.94905,0.0,0.0,0.0,0.0,0.0,0.0,0.0,0.0,1.0,0.0,0.0,0.0,294793,309.19697,4,0,0,0,0,296.2409973144531,277820,296.2409973144531,1,0
209110187,Üretimde Kalite Kontrol,OSTİM TEKNİK ÜNİVERSİTESİ,2,TYT,"18, 21, 64, 119",25050.0,Meslek Yüksekokulu,(Burslu),ANKARA,VAKIF,1,,,,,,,,,,,,,,,,,,,,,,,,,,,,,,,,,,,,,,,,,,,,,,,,,0,0.0,5,0,1,0,1,307.97198486328125,785169,328.5190124511719,5,0
209110194,Üretimde Kalite Kontrol,OSTİM TEKNİK ÜNİVERSİTESİ,2,TYT,"18, 21, 64, 119",25051.0,Meslek Yüksekokulu,(%50 İndirimli),ANKARA,VAKIF,1,,,,,,,,,,,,,,,,,,,,,,,,,,,,,,,,,,,,,,,,,,,,,,,,,0,0.0,34,0,0,0,0,223.59300231933594,2130363,292.7359924316406,34,0
209110201,Ekonomi,OSTİM TEKNİK ÜNİVERSİTESİ,4,EŞİT AĞIRLIK,"18, 22, 23, 24, 64, 119",12958.0,İktisadi ve İdari Bilimler Fakültesi,(İngilizce) (Ücretli),ANKARA,VAKIF,0,,,,,,,,,,,,,,,,,,,,,,,,,,,,,,,,,,,,,,,,,,,,,,,,,0,0.0,4,0,0,0,0,189.92799377441406,1611026,195.4080047607422,2,0
209110208,İşletme,OSTİM TEKNİK ÜNİVERSİTESİ,4,EŞİT AĞIRLIK,"18, 22, 23, 24, 64, 119",12961.0,İktisadi ve İdari Bilimler Fakültesi,(İngilizce) (Ücretli),ANKARA,VAKIF,0,,,,,,,,,,,,,,,,,,,,,,,,,,,,,,,,,,,,,,,,,,,,,,,,,0,0.0,5,0,0,0,0,185.91600036621094,1640546,212.95199584960938,5,0
209110215,Pazarlama,OSTİM TEKNİK ÜNİVERSİTESİ,4,EŞİT AĞIRLIK,"18, 22, 23, 24, 64, 119",12964.0,İktisadi ve İdari Bilimler Fakültesi,(İngilizce) (Ücretli),ANKARA,VAKIF,0,,,,,,,,,,,,,,,,,,,,,,,,,,,,,,,,,,,,,,,,,,,,,,,,,0,0.0,4,0,0,0,0,0.0,0,0.0,0,0
209110222,Uluslararası Ticaret ve Finansman,OSTİM TEKNİK ÜNİVERSİTESİ,4,EŞİT AĞIRLIK,"18, 22, 23, 24, 64, 119",12969.0,İktisadi ve İdari Bilimler Fakültesi,(İngilizce) (Ücretli),ANKARA,VAKIF,0,,,,,,,,,,,,,,,,,,,,,,,,,,,,,,,,,,,,,,,,,,,,,,,,,0,0.0,5,0,0,0,0,201.46200561523438,1493831,258.9280090332031,5,0
209110229,Yönetim Bilişim Sistemleri,OSTİM TEKNİK ÜNİVERSİTESİ,4,EŞİT AĞIRLIK,"18, 64, 119",12972.0,İktisadi ve İdari Bilimler Fakültesi,(Ücretli),ANKARA,VAKIF,0,,,,,,,,,,,,,,,,,,,,,,,,,,,,,,,,,,,,,,,,,,,,,,,,,0,0.0,5,0,0,0,0,205.81199645996094,1440424,246.08799743652344,5,0
209110236,Yönetim Bilişim Sistemleri,OSTİM TEKNİK ÜNİVERSİTESİ,4,EŞİT AĞIRLIK,"18, 22, 23, 24, 64, 119",12975.0,İktisadi ve İdari Bilimler Fakültesi,(İngilizce) (Ücretli),ANKARA,VAKIF,0,,,,,,,,,,,,,,,,,,,,,,,,,,,,,,,,,,,,,,,,,,,,,,,,,0,0.0,5,0,0,0,0,208.05999755859375,1411251,260.572998046875,4,0
209110243,Nanoteknoloji Mühendisliği,OSTİM TEKNİK ÜNİVERSİTESİ,4,SAYISAL,"18, 21, 22, 23, 24, 64, 119, 144",13004.0,Mühendislik Fakültesi,(İngilizce) (Burslu),ANKARA,VAKIF,0,,,,,,,,,,,,,,,,,,,,,,,,,,,,,,,,,,,,,,,,,,,,,,,,,0,0.0,2,0,0,0,1,409.9070129394531,72510,422.71099853515625,2,0
209110250,Nanoteknoloji Mühendisliği,OSTİM TEKNİK ÜNİVERSİTESİ,4,SAYISAL,"18, 21, 22, 23, 24, 64, 119, 144",13005.0,Mühendislik Fakültesi,(İngilizce) (%50 İndirimli),ANKARA,VAKIF,0,,,,,,,,,,,,,,,,,,,,,,,,,,,,,,,,,,,,,,,,,,,,,,,,,0,0.0,8,0,0,0,0,296.1059875488281,278303,348.7439880371094,8,0
209110257,Yapay Zeka Mühendisliği,OSTİM TEKNİK ÜNİVERSİTESİ,4,SAYISAL,"18, 21, 64, 119, 144",13008.0,Mühendislik Fakültesi,(%25 İndirimli),ANKARA,VAKIF,0,,,,,,,,,,,,,,,,,,,,,,,,,,,,,,,,,,,,,,,,,,,,,,,,,0,0.0,63,0,0,0,0,292.2080078125,292184,412.6109924316406,28,0
209210010,Psikoloji,ANKARA MEDİPOL ÜNİVERSİTESİ,4,EŞİT AĞIRLIK,"18, 21, 64, 68",8427.0,"İktisadi, İdari ve Sosyal Bilimler Fakültesi",(Burslu),ANKARA,VAKIF,0,10.0,0.0,0.0,0.0,0.0,419.35665,397.81288,61397.0,10.0,10.0,10.0,0.0,2.0,3.0,6.0,6.0,5.0,1.0,0.0,0.0,1.0,747.0,809.0,74.0,88.0,208.0,216.0,514.0,556.0,10.0,1,0.0,2.0,0.0,10.0,430.74556,0.0,0.0,1.0,403.29458,0.0,0.0,1.0,275.0,0.0,1.0,0.0,0.0,39034,404.16108,10,0,2,0,1,397.85400390625,36784,420.4320068359375,10,0
209210012,Psikoloji,ANKARA MEDİPOL ÜNİVERSİTESİ,4,EŞİT AĞIRLIK,"18, 21, 64, 68",8428.0,"İktisadi, İdari ve Sosyal Bilimler Fakültesi",(%25 İndirimli),ANKARA,VAKIF,0,,,,,,,,,,,,,,,,,,,,,,,,,,,,,,,,,,,,,,,,,,,,,,,,,0,0.0,66,0,0,0,0,334.2250061035156,175788,380.5899963378906,66,0
209210013,Ameliyathane Hizmetleri,ANKARA MEDİPOL ÜNİVERSİTESİ,2,TYT,"18, 21, 64, 68",21769.0,Sağlık Hizmetleri Meslek Yüksekokulu,(Burslu),ANKARA,VAKIF,1,7.0,0.0,0.0,0.0,0.0,332.5961,323.88667,573999.0,7.0,6.0,8.0,1.0,1.0,2.0,1.0,5.0,6.0,0.0,1.0,0.0,1.0,409.0,338.0,21.0,12.0,71.0,59.0,211.0,185.0,8.0,1,0.0,1.0,0.0,8.0,341.45511,0.0,0.0,1.0,329.75514,0.0,0.0,0.0,0.0,0.0,1.0,0.0,0.0,571609,330.44886,9,0,1,0,1,341.64898681640625,468510,349.9100036621094,9,0
209210015,Ağız ve Diş Sağlığı,ANKARA MEDİPOL ÜNİVERSİTESİ,2,TYT,"18, 21, 64, 68",21767.0,Sağlık Hizmetleri Meslek Yüksekokulu,(Burslu),ANKARA,VAKIF,1,7.0,0.0,0.0,0.0,0.0,376.65894,332.10007,510987.0,7.0,7.0,7.0,0.0,1.0,0.0,2.0,5.0,4.0,1.0,1.0,1.0,1.0,487.0,482.0,25.0,43.0,74.0,124.0,252.0,294.0,7.0,1,0.0,1.0,0.0,7.0,492.47966,0.0,0.0,1.0,342.91447,0.0,0.0,0.0,0.0,0.0,1.0,0.0,0.0,467635,343.742,8,0,1,0,1,354.3999938964844,385312,363.27899169921875,8,0
209210017,Anestezi,ANKARA MEDİPOL ÜNİVERSİTESİ,2,TYT,"18, 21, 64, 68",21771.0,Sağlık Hizmetleri Meslek Yüksekokulu,(Burslu),ANKARA,VAKIF,1,7.0,0.0,0.0,0.0,0.0,380.50805,365.6977,314408.0,7.0,5.0,9.0,2.0,1.0,4.0,2.0,1.0,6.0,1.0,1.0,0.0,1.0,905.0,788.0,123.0,109.0,298.0,249.0,591.0,519.0,8.0,1,0.0,1.0,0.0,8.0,395.74565,0.0,0.0,1.0,362.0361,0.0,0.0,1.0,364.0,0.0,0.0,0.0,0.0,284474,375.75306,8,0,1,0,1,381.2569885253906,255768,391.0379943847656,8,0
209210019,Biyomedikal Cihaz Teknolojisi,ANKARA MEDİPOL ÜNİVERSİTESİ,2,TYT,"18, 21, 64, 68",21773.0,Sağlık Hizmetleri Meslek Yüksekokulu,(Burslu),ANKARA,VAKIF,1,7.0,0.0,0.0,0.0,0.0,324.85202,309.46861,702803.0,7.0,1.0,3.0,6.0,6.0,2.0,0.0,3.0,4.0,0.0,1.0,2.0,3.0,274.0,243.0,17.0,17.0,54.0,46.0,150.0,153.0,8.0,1,0.0,1.0,0.0,8.0,349.41222,0.0,0.0,1.0,301.58525,0.0,0.0,0.0,0.0,0.0,1.0,0.0,0.0,693370,317.217,8,0,1,0,1,325.9230041503906,597088,349.4630126953125,8,0
209210021,Diş Protez Teknolojisi,ANKARA MEDİPOL ÜNİVERSİTESİ,2,TYT,"18, 21, 64, 68",21775.0,Sağlık Hizmetleri Meslek Yüksekokulu,(Burslu),ANKARA,VAKIF,1,7.0,0.0,0.0,0.0,0.0,384.29967,350.00023,394842.0,7.0,5.0,4.0,2.0,5.0,1.0,1.0,5.0,7.0,1.0,1.0,0.0,0.0,639.0,570.0,84.0,94.0,275.0,265.0,465.0,442.0,7.0,1,0.0,1.0,0.0,7.0,393.66677,0.0,0.0,1.0,360.87175,0.0,0.0,1.0,327.0,1.0,0.0,0.0,0.0,326147,367.00517,8,0,1,0,1,375.781005859375,278108,381.9649963378906,8,0
209210023,Diyaliz,ANKARA MEDİPOL ÜNİVERSİTESİ,2,TYT,"18, 21, 64, 68",21777.0,Sağlık Hizmetleri Meslek Yüksekokulu,(Burslu),ANKARA,VAKIF,1,7.0,0.0,0.0,0.0,0.0,350.18599,334.33167,494874.0,7.0,6.0,8.0,1.0,2.0,3.0,5.0,4.0,3.0,0.0,1.0,0.0,1.0,260.0,173.0,7.0,15.0,43.0,38.0,121.0,94.0,8.0,1,0.0,1.0,0.0,8.0,351.14088,0.0,0.0,1.0,328.05074,0.0,0.0,1.0,295.0,0.0,0.0,0.0,0.0,547970,333.29363,8,0,1,0,1,334.40899658203125,523513,378.4129943847656,8,0
209210025,Fizyoterapi,ANKARA MEDİPOL ÜNİVERSİTESİ,2,TYT,"18, 21, 64, 68",21779.0,Sağlık Hizmetleri Meslek Yüksekokulu,(Burslu),ANKARA,VAKIF,1,8.0,0.0,0.0,0.0,0.0,400.97206,350.46049,392242.0,8.0,6.0,7.0,2.0,2.0,0.0,3.0,5.0,2.0,2.0,2.0,1.0,1.0,419.0,311.0,35.0,34.0,97.0,87.0,255.0,201.0,8.0,1,0.0,1.0,0.0,8.0,388.37037,0.0,0.0,1.0,320.21766,0.0,0.0,0.0,0.0,1.0,1.0,0.0,0.0,363140,360.09884,8,0,1,0,1,355.8380126953125,376998,401.2869873046875,8,0
209210027,İlk ve Acil Yardım,ANKARA MEDİPOL ÜNİVERSİTESİ,2,TYT,"18, 21, 64, 68",21781.0,Sağlık Hizmetleri Meslek Yüksekokulu,(Burslu),ANKARA,VAKIF,1,7.0,0.0,0.0,0.0,0.0,383.59024,360.00656,341339.0,7.0,3.0,8.0,4.0,0.0,2.0,4.0,5.0,4.0,0.0,0.0,0.0,0.0,601.0,442.0,65.0,47.0,165.0,125.0,400.0,286.0,7.0,1,0.0,1.0,0.0,7.0,365.55646,0.0,0.0,1.0,333.07246,0.0,0.0,0.0,0.0,0.0,1.0,0.0,0.0,357436,361.13902,8,0,1,0,1,361.2590026855469,347303,375.614013671875,8,0
209210029,Odyometri,ANKARA MEDİPOL ÜNİVERSİTESİ,2,TYT,"18, 21, 64, 68",21783.0,Sağlık Hizmetleri Meslek Yüksekokulu,(Burslu),ANKARA,VAKIF,1,8.0,0.0,0.0,0.0,0.0,373.46998,339.84476,457103.0,8.0,6.0,8.0,2.0,1.0,1.0,1.0,5.0,4.0,1.0,1.0,1.0,3.0,312.0,226.0,22.0,15.0,74.0,52.0,174.0,147.0,8.0,1,0.0,1.0,0.0,8.0,359.5464,0.0,0.0,1.0,338.53428,0.0,0.0,0.0,0.0,1.0,1.0,0.0,0.0,487269,341.04433,8,0,1,0,1,342.2539978027344,464209,349.99798583984375,8,0
209210031,Radyoterapi,ANKARA MEDİPOL ÜNİVERSİTESİ,2,TYT,"18, 21, 64, 68",21787.0,Sağlık Hizmetleri Meslek Yüksekokulu,(Burslu),ANKARA,VAKIF,1,7.0,0.0,0.0,0.0,0.0,337.01801,326.61271,547044.0,7.0,4.0,6.0,3.0,3.0,2.0,1.0,2.0,4.0,0.0,1.0,2.0,3.0,356.0,242.0,16.0,12.0,50.0,43.0,177.0,126.0,8.0,1,0.0,1.0,0.0,8.0,339.40817,0.0,0.0,1.0,237.36327,0.0,0.0,0.0,0.0,1.0,1.0,0.0,0.0,575287,330.02032,8,0,1,0,1,335.9460144042969,511458,344.3399963378906,8,0
209210033,Tıbbi Laboratuvar Teknikleri,ANKARA MEDİPOL ÜNİVERSİTESİ,2,TYT,"18, 21, 64, 68",21793.0,Sağlık Hizmetleri Meslek Yüksekokulu,(Burslu),ANKARA,VAKIF,1,7.0,0.0,0.0,0.0,0.0,350.21595,332.1903,510309.0,7.0,6.0,8.0,1.0,1.0,0.0,2.0,5.0,7.0,0.0,0.0,1.0,0.0,384.0,437.0,14.0,21.0,71.0,72.0,193.0,251.0,8.0,1,0.0,1.0,0.0,8.0,356.26515,0.0,0.0,1.0,335.59276,0.0,0.0,0.0,0.0,0.0,1.0,0.0,0.0,462453,344.4651,8,0,1,0,1,350.22601318359375,410783,469.83599853515625,8,0
209210035,Tıbbi Görüntüleme Teknikleri,ANKARA MEDİPOL ÜNİVERSİTESİ,2,TYT,"18, 21, 64, 68",21791.0,Sağlık Hizmetleri Meslek Yüksekokulu,(Burslu),ANKARA,VAKIF,1,7.0,0.0,0.0,0.0,0.0,372.32482,348.27729,404747.0,7.0,5.0,8.0,2.0,1.0,2.0,2.0,2.0,7.0,3.0,0.0,0.0,0.0,527.0,492.0,34.0,34.0,115.0,108.0,318.0,279.0,8.0,1,0.0,1.0,0.0,8.0,363.9817,0.0,0.0,1.0,336.72725,0.0,0.0,0.0,0.0,0.0,1.0,0.0,0.0,413949,351.64878,8,0,1,0,1,363.0989990234375,337524,375.94500732421875,8,0
209210037,İnşaat Teknolojisi,ANKARA MEDİPOL ÜNİVERSİTESİ,2,TYT,"18, 21, 64, 68",21760.0,Meslek Yüksekokulu,(Burslu),ANKARA,VAKIF,1,10.0,0.0,0.0,0.0,0.0,412.18902,328.43155,538083.0,10.0,0.0,1.0,10.0,10.0,0.0,1.0,4.0,7.0,3.0,0.0,2.0,2.0,189.0,170.0,43.0,47.0,88.0,99.0,136.0,135.0,10.0,1,0.0,1.0,0.0,10.0,368.24016,0.0,0.0,1.0,264.14574,0.0,0.0,0.0,0.0,1.0,1.0,0.0,0.0,460309,344.77466,10,0,2,0,1,339.2019958496094,486593,400.96099853515625,10,0
209210039,Bilgisayar Programcılığı,ANKARA MEDİPOL ÜNİVERSİTESİ,2,TYT,"18, 21, 64, 68",21756.0,Meslek Yüksekokulu,(Burslu),ANKARA,VAKIF,1,10.0,0.0,0.0,0.0,0.0,470.44339,389.25032,221234.0,10.0,1.0,7.0,9.0,4.0,0.0,0.0,8.0,6.0,1.0,3.0,1.0,1.0,623.0,456.0,109.0,79.0,273.0,200.0,480.0,362.0,10.0,1,0.0,2.0,0.0,10.0,452.05889,0.0,0.0,1.0,388.09872,0.0,0.0,0.0,0.0,0.0,2.0,0.0,0.0,201978,397.30853,12,0,2,0,1,391.4410095214844,218550,414.1109924316406,12,0
209210041,Beslenme ve Diyetetik,ANKARA MEDİPOL ÜNİVERSİTESİ,4,SAYISAL,"18, 21, 64, 68",8448.0,Sağlık Bilimleri Fakültesi,(Burslu),ANKARA,VAKIF,0,9.0,0.0,0.0,0.0,0.0,426.68226,391.42598,116008.0,9.0,9.0,9.0,0.0,1.0,5.0,5.0,3.0,5.0,1.0,0.0,0.0,0.0,536.0,434.0,68.0,54.0,161.0,119.0,368.0,314.0,9.0,1,0.0,1.0,0.0,9.0,412.39113,0.0,0.0,1.0,388.33261,0.0,0.0,0.0,0.0,0.0,1.0,0.0,0.0,119923,392.75783,5,0,1,0,1,376.3710021972656,109789,425.9739990234375,5,0
209210042,Hemşirelik,ANKARA MEDİPOL ÜNİVERSİTESİ,4,SAYISAL,"18, 21, 64, 68",8458.0,Sağlık Bilimleri Fakültesi,(Burslu),ANKARA,VAKIF,0,10.0,0.0,0.0,0.0,0.0,410.17013,381.31085,128623.0,10.0,9.0,11.0,1.0,2.0,3.0,3.0,7.0,10.0,0.0,0.0,0.0,0.0,874.0,778.0,140.0,133.0,246.0,243.0,604.0,574.0,10.0,1,0.0,2.0,0.0,10.0,424.25949,0.0,0.0,1.0,387.04333,0.0,0.0,2.0,260.0,0.0,0.0,0.0,0.0,117806,394.38219,10,0,2,0,1,374.6109924316406,112013,390.4549865722656,10,0
209210043,Diş Hekimliği,ANKARA MEDİPOL ÜNİVERSİTESİ,5,SAYISAL,"18, 22, 23, 24, 64, 68, 147",8405.0,Diş Hekimliği Fakültesi,(İngilizce) (Ücretli),ANKARA,VAKIF,0,4.0,0.0,0.0,0.0,0.0,465.62393,458.97064,48869.0,4.0,2.0,3.0,2.0,1.0,2.0,0.0,2.0,4.0,0.0,0.0,0.0,0.0,198.0,271.0,5.0,14.0,36.0,67.0,150.0,214.0,4.0,0,0.0,0.0,0.0,4.0,460.95542,0.0,0.0,0.0,0.0,0.0,0.0,0.0,0.0,1.0,0.0,0.0,0.0,49611,459.6104,4,0,0,0,0,430.1659851074219,54141,435.2040100097656,4,0
209210044,Diş Hekimliği,ANKARA MEDİPOL ÜNİVERSİTESİ,5,SAYISAL,"18, 21, 22, 23, 24, 64, 68, 147",8406.0,Diş Hekimliği Fakültesi,(İngilizce) (Burslu),ANKARA,VAKIF,0,11.0,0.0,0.0,0.0,0.0,501.6393,485.36564,27674.0,11.0,7.0,9.0,4.0,4.0,3.0,9.0,8.0,4.0,0.0,0.0,0.0,0.0,515.0,667.0,15.0,34.0,71.0,120.0,292.0,379.0,11.0,1,0.0,2.0,0.0,11.0,496.73553,0.0,0.0,1.0,482.16705,0.0,0.0,1.0,478.0,0.0,1.0,0.0,0.0,29196,484.46575,11,0,2,0,1,461.5169982910156,30670,465.1369934082031,11,0
209210046,Diş Hekimliği,ANKARA MEDİPOL ÜNİVERSİTESİ,5,SAYISAL,"18, 64, 68, 147",8402.0,Diş Hekimliği Fakültesi,(Ücretli),ANKARA,VAKIF,0,4.0,0.0,0.0,0.0,0.0,471.44952,467.54844,41768.0,4.0,2.0,3.0,2.0,1.0,1.0,1.0,3.0,3.0,0.0,0.0,0.0,0.0,232.0,273.0,18.0,29.0,90.0,115.0,172.0,216.0,4.0,0,0.0,0.0,0.0,4.0,467.48537,0.0,0.0,0.0,0.0,0.0,0.0,0.0,0.0,1.0,0.0,0.0,0.0,44340,465.59565,4,0,0,0,0,437.39898681640625,48204,437.7040100097656,4,0
209210047,Diş Hekimliği,ANKARA MEDİPOL ÜNİVERSİTESİ,5,SAYISAL,"18, 21, 64, 68, 147",8403.0,Diş Hekimliği Fakültesi,(Burslu),ANKARA,VAKIF,0,11.0,0.0,0.0,0.0,0.0,493.22439,487.85001,25859.0,11.0,7.0,10.0,4.0,4.0,5.0,7.0,6.0,7.0,0.0,0.0,0.0,0.0,688.0,874.0,61.0,93.0,126.0,203.0,431.0,539.0,11.0,1,0.0,2.0,0.0,11.0,503.9957,0.0,0.0,1.0,486.83082,0.0,0.0,2.0,449.0,0.0,0.0,0.0,0.0,26182,488.64739,11,0,2,0,1,465.27099609375,28191,480.27899169921875,11,0
209210049,Tıp,ANKARA MEDİPOL ÜNİVERSİTESİ,6,SAYISAL,"18, 22, 23, 24, 64, 68, 155",8473.0,Tıp Fakültesi,(İngilizce) (Ücretli),ANKARA,VAKIF,0,4.0,0.0,0.0,0.0,0.0,486.38897,483.89249,28776.0,4.0,3.0,4.0,1.0,1.0,2.0,3.0,2.0,1.0,0.0,0.0,0.0,0.0,173.0,228.0,2.0,8.0,28.0,60.0,135.0,184.0,5.0,0,0.0,0.0,0.0,5.0,485.74552,0.0,0.0,0.0,0.0,0.0,0.0,0.0,0.0,1.0,0.0,0.0,0.0,28672,485.18436,5,0,0,0,0,460.6619873046875,31207,462.1570129394531,5,0
209210050,Tıp,ANKARA MEDİPOL ÜNİVERSİTESİ,6,SAYISAL,"18, 21, 22, 23, 24, 64, 68, 155",8474.0,Tıp Fakültesi,(İngilizce) (Burslu),ANKARA,VAKIF,0,12.0,0.0,0.0,0.0,0.0,521.6582,512.30714,10306.0,12.0,2.0,5.0,10.0,8.0,9.0,11.0,3.0,2.0,0.0,0.0,0.0,0.0,356.0,595.0,17.0,31.0,55.0,115.0,180.0,365.0,12.0,1,0.0,2.0,0.0,12.0,545.18354,0.0,0.0,1.0,513.37757,0.0,0.0,0.0,0.0,0.0,2.0,0.0,0.0,9808,515.85144,12,0,2,0,1,502.0320129394531,9748,508.2550048828125,12,0
209210052,Tıp,ANKARA MEDİPOL ÜNİVERSİTESİ,6,SAYISAL,"18, 64, 68, 155",8470.0,Tıp Fakültesi,(Ücretli),ANKARA,VAKIF,0,4.0,0.0,0.0,0.0,0.0,488.20714,488.13452,25656.0,4.0,3.0,2.0,1.0,3.0,1.0,3.0,3.0,2.0,0.0,0.0,0.0,0.0,263.0,260.0,22.0,13.0,123.0,116.0,209.0,209.0,5.0,0,0.0,0.0,0.0,5.0,490.54753,0.0,0.0,0.0,0.0,0.0,0.0,0.0,0.0,1.0,0.0,0.0,0.0,25229,489.98718,4,0,0,0,0,471.34100341796875,24509,472.6109924316406,4,0
209210053,Tıp,ANKARA MEDİPOL ÜNİVERSİTESİ,6,SAYISAL,"18, 21, 64, 68, 155",8471.0,Tıp Fakültesi,(Burslu),ANKARA,VAKIF,0,12.0,0.0,0.0,0.0,0.0,519.85677,511.29518,10845.0,12.0,4.0,6.0,8.0,8.0,7.0,10.0,5.0,4.0,0.0,0.0,0.0,0.0,508.0,976.0,34.0,104.0,88.0,250.0,299.0,669.0,12.0,1,0.0,2.0,0.0,12.0,524.20308,0.0,0.0,1.0,513.77531,0.0,0.0,1.0,506.0,0.0,1.0,0.0,0.0,9476,516.57683,12,0,2,0,1,505.3070068359375,8566,515.7000122070312,12,0
209210055,Eczacılık,ANKARA MEDİPOL ÜNİVERSİTESİ,5,SAYISAL,"18, 64, 68, 148, 149",8409.0,Eczacılık Fakültesi,(Ücretli),ANKARA,VAKIF,0,3.0,0.0,0.0,0.0,0.0,448.36682,444.13104,61814.0,3.0,2.0,3.0,1.0,1.0,1.0,0.0,2.0,4.0,0.0,0.0,0.0,0.0,164.0,172.0,14.0,4.0,43.0,40.0,114.0,115.0,4.0,0,0.0,0.0,0.0,4.0,444.74974,0.0,0.0,0.0,0.0,0.0,0.0,0.0,0.0,1.0,0.0,0.0,0.0,65724,441.90054,4,0,0,0,0,412.25299072265625,70288,413.62799072265625,4,0
209210056,Eczacılık,ANKARA MEDİPOL ÜNİVERSİTESİ,5,SAYISAL,"18, 21, 64, 68, 148, 149",8410.0,Eczacılık Fakültesi,(Burslu),ANKARA,VAKIF,0,9.0,0.0,0.0,0.0,0.0,465.17889,461.75232,46461.0,9.0,7.0,8.0,2.0,3.0,2.0,5.0,7.0,6.0,0.0,0.0,0.0,0.0,806.0,1044.0,49.0,65.0,108.0,155.0,402.0,561.0,9.0,1,0.0,1.0,0.0,9.0,465.26596,0.0,0.0,1.0,462.78567,0.0,0.0,1.0,435.0,0.0,0.0,0.0,0.0,46084,463.67916,9,0,1,0,1,439.864013671875,46226,446.9960021972656,9,0
209210058,Hukuk,ANKARA MEDİPOL ÜNİVERSİTESİ,4,EŞİT AĞIRLIK,"18, 64, 68, 162",8423.0,Hukuk Fakültesi,(Ücretli),ANKARA,VAKIF,0,7.0,0.0,0.0,0.0,0.0,389.37268,388.58834,79224.0,7.0,6.0,6.0,1.0,1.0,1.0,3.0,5.0,2.0,1.0,2.0,0.0,0.0,219.0,393.0,18.0,29.0,93.0,267.0,136.0,343.0,7.0,0,0.0,0.0,0.0,7.0,395.18469,0.0,0.0,0.0,0.0,0.0,0.0,0.0,0.0,1.0,0.0,0.0,0.0,56230,393.23253,7,0,0,0,0,383.26300048828125,56580,384.12701416015625,7,0
209210059,Hukuk,ANKARA MEDİPOL ÜNİVERSİTESİ,4,EŞİT AĞIRLIK,"18, 21, 64, 68, 162",8424.0,Hukuk Fakültesi,(Burslu),ANKARA,VAKIF,0,20.0,0.0,0.0,0.0,0.0,472.67243,429.32926,18381.0,20.0,10.0,19.0,10.0,3.0,9.0,8.0,8.0,13.0,2.0,0.0,1.0,0.0,996.0,1034.0,52.0,136.0,140.0,255.0,626.0,735.0,19.0,1,0.0,3.0,0.0,19.0,449.39303,0.0,0.0,1.0,431.08095,0.0,0.0,2.0,366.0,0.0,1.0,0.0,0.0,11658,432.54701,19,0,3,0,1,418.7669982910156,17617,436.79901123046875,19,0
209210061,Uluslararası Ticaret ve Finansman,ANKARA MEDİPOL ÜNİVERSİTESİ,4,EŞİT AĞIRLIK,"18, 21, 22, 23, 24, 64, 68",8433.0,"İktisadi, İdari ve Sosyal Bilimler Fakültesi",(İngilizce) (Burslu),ANKARA,VAKIF,0,7.0,0.0,0.0,0.0,0.0,370.54761,349.59876,177590.0,7.0,2.0,4.0,5.0,5.0,2.0,4.0,5.0,4.0,0.0,0.0,0.0,1.0,286.0,384.0,19.0,43.0,58.0,141.0,193.0,288.0,7.0,1,0.0,1.0,0.0,7.0,361.70384,0.0,0.0,1.0,352.98453,0.0,0.0,1.0,278.0,0.0,0.0,0.0,0.0,143514,355.63632,8,0,1,0,1,352.65301513671875,119089,357.83599853515625,8,0
209210063,Uluslararası Ticaret ve Finansman,ANKARA MEDİPOL ÜNİVERSİTESİ,4,EŞİT AĞIRLIK,"18, 21, 64, 68",8431.0,"İktisadi, İdari ve Sosyal Bilimler Fakültesi",(Burslu),ANKARA,VAKIF,0,4.0,0.0,0.0,0.0,0.0,346.37733,333.78457,233923.0,4.0,0.0,2.0,4.0,3.0,1.0,1.0,1.0,2.0,1.0,0.0,1.0,2.0,252.0,295.0,10.0,23.0,50.0,83.0,154.0,205.0,4.0,1,0.0,1.0,0.0,4.0,374.20442,0.0,0.0,1.0,345.25134,0.0,0.0,0.0,0.0,0.0,1.0,0.0,0.0,169774,347.4998,5,0,1,0,1,349.5719909667969,127360,351.7149963378906,5,0
209210065,Yönetim Bilişim Sistemleri,ANKARA MEDİPOL ÜNİVERSİTESİ,4,EŞİT AĞIRLIK,"18, 21, 64, 68",8437.0,"İktisadi, İdari ve Sosyal Bilimler Fakültesi",(Burslu),ANKARA,VAKIF,0,10.0,0.0,0.0,0.0,0.0,413.34287,385.53275,85428.0,10.0,7.0,4.0,3.0,8.0,1.0,4.0,7.0,8.0,1.0,0.0,1.0,0.0,573.0,527.0,64.0,83.0,150.0,182.0,416.0,381.0,10.0,1,0.0,2.0,0.0,10.0,408.3177,0.0,0.0,1.0,389.86447,0.0,0.0,1.0,309.0,0.0,1.0,0.0,0.0,54507,394.23749,12,0,2,0,1,385.760986328125,52852,406.8089904785156,12,0
209210067,Psikoloji,ANKARA MEDİPOL ÜNİVERSİTESİ,4,EŞİT AĞIRLIK,"18, 21, 22, 23, 24, 64, 68",8429.0,"İktisadi, İdari ve Sosyal Bilimler Fakültesi",(İngilizce) (Burslu),ANKARA,VAKIF,0,10.0,0.0,0.0,0.0,0.0,441.08018,407.27891,45414.0,10.0,9.0,10.0,1.0,1.0,4.0,4.0,5.0,6.0,1.0,1.0,0.0,0.0,604.0,592.0,51.0,82.0,125.0,182.0,371.0,421.0,10.0,1,0.0,2.0,0.0,10.0,422.8756,0.0,0.0,1.0,403.67516,0.0,0.0,0.0,0.0,0.0,2.0,0.0,0.0,29968,411.1525,10,0,2,0,1,402.77398681640625,31452,426.0580139160156,10,0
209210069,Dil ve Konuşma Terapisi,ANKARA MEDİPOL ÜNİVERSİTESİ,4,SAYISAL,"18, 21, 64, 68",8450.0,Sağlık Bilimleri Fakültesi,(Burslu),ANKARA,VAKIF,0,7.0,0.0,0.0,0.0,0.0,452.46266,448.74219,57704.0,7.0,6.0,9.0,1.0,1.0,1.0,2.0,6.0,8.0,0.0,0.0,0.0,0.0,350.0,301.0,43.0,82.0,127.0,152.0,246.0,229.0,8.0,1,0.0,1.0,0.0,8.0,460.53859,0.0,0.0,1.0,435.70328,0.0,0.0,1.0,321.0,0.0,0.0,0.0,0.0,65781,441.84447,8,0,1,0,1,420.4630126953125,62653,428.92999267578125,8,0
209210071,Ebelik,ANKARA MEDİPOL ÜNİVERSİTESİ,4,SAYISAL,"18, 21, 31, 64, 68",8452.0,Sağlık Bilimleri Fakültesi,(Burslu),ANKARA,VAKIF,0,9.0,0.0,0.0,0.0,0.0,347.0604,336.52284,201613.0,9.0,9.0,11.0,0.0,0.0,2.0,2.0,7.0,8.0,0.0,0.0,0.0,1.0,556.0,505.0,55.0,45.0,154.0,134.0,348.0,322.0,9.0,1,0.0,1.0,0.0,9.0,389.72809,0.0,0.0,1.0,343.65621,0.0,0.0,1.0,237.0,0.0,0.0,0.0,0.0,197331,345.80611,10,0,1,0,1,329.12298583984375,187628,362.7229919433594,10,0
209210073,Ergoterapi,ANKARA MEDİPOL ÜNİVERSİTESİ,4,SAYISAL,"18, 21, 64, 68",8454.0,Sağlık Bilimleri Fakültesi,(Burslu),ANKARA,VAKIF,0,6.0,0.0,0.0,0.0,0.0,376.29049,360.84197,157796.0,6.0,6.0,7.0,0.0,0.0,2.0,3.0,3.0,4.0,0.0,0.0,0.0,0.0,228.0,256.0,17.0,28.0,69.0,96.0,140.0,196.0,6.0,1,0.0,1.0,0.0,6.0,388.94611,0.0,0.0,1.0,378.2743,0.0,0.0,0.0,0.0,0.0,1.0,0.0,0.0,133219,383.05135,7,0,1,0,1,337.8280029296875,169906,353.5830078125,7,0
209210075,Fizyoterapi ve Rehabilitasyon,ANKARA MEDİPOL ÜNİVERSİTESİ,4,SAYISAL,"18, 21, 64, 68",8456.0,Sağlık Bilimleri Fakültesi,(Burslu),ANKARA,VAKIF,0,6.0,0.0,0.0,0.0,0.0,381.52715,373.13276,139737.0,6.0,2.0,5.0,4.0,2.0,3.0,5.0,2.0,2.0,0.0,0.0,1.0,0.0,596.0,338.0,45.0,41.0,126.0,106.0,372.0,242.0,6.0,1,0.0,1.0,0.0,6.0,402.09951,0.0,0.0,1.0,368.02967,0.0,0.0,0.0,0.0,0.0,1.0,0.0,0.0,139779,378.46171,7,0,1,0,1,352.8330078125,143521,363.5580139160156,7,0
209210076,Optisyenlik,ANKARA MEDİPOL ÜNİVERSİTESİ,2,TYT,"18, 21, 64, 68",21785.0,Sağlık Hizmetleri Meslek Yüksekokulu,(Burslu),ANKARA,VAKIF,1,7.0,0.0,0.0,0.0,0.0,445.45669,382.34238,245523.0,7.0,3.0,5.0,4.0,3.0,0.0,1.0,0.0,3.0,3.0,3.0,4.0,1.0,335.0,217.0,87.0,51.0,166.0,97.0,250.0,174.0,7.0,1,0.0,1.0,0.0,7.0,410.00373,0.0,0.0,1.0,320.87253,0.0,0.0,0.0,0.0,1.0,1.0,0.0,0.0,280216,376.73535,7,0,1,0,1,371.08099365234375,298933,475.27899169921875,7,0
209210078,Sağlık Turizmi İşletmeciliği,ANKARA MEDİPOL ÜNİVERSİTESİ,2,TYT,"18, 21, 64, 68",21789.0,Sağlık Hizmetleri Meslek Yüksekokulu,(Burslu),ANKARA,VAKIF,1,4.0,0.0,0.0,0.0,0.0,480.96589,330.45895,522897.0,4.0,1.0,3.0,3.0,1.0,0.0,1.0,1.0,1.0,2.0,1.0,1.0,1.0,169.0,70.0,13.0,7.0,31.0,15.0,85.0,46.0,3.0,1,0.0,1.0,0.0,3.0,414.27323,0.0,0.0,1.0,311.10878,0.0,0.0,0.0,0.0,1.0,1.0,0.0,0.0,526271,335.94714,3,0,1,0,1,357.1929931640625,369331,368.6730041503906,3,0
209210081,Gastronomi ve Mutfak Sanatları,ANKARA MEDİPOL ÜNİVERSİTESİ,4,SÖZEL,"18, 21, 22, 23, 24, 64, 68",8418.0,Güzel Sanatlar Tasarım ve Mimarlık Fakültesi,(İngilizce) (Burslu),ANKARA,VAKIF,0,9.0,0.0,0.0,0.0,0.0,433.75501,418.17473,10697.0,9.0,2.0,7.0,7.0,4.0,4.0,5.0,2.0,4.0,1.0,0.0,2.0,2.0,325.0,248.0,80.0,71.0,159.0,126.0,252.0,207.0,9.0,1,0.0,1.0,0.0,9.0,434.24573,0.0,0.0,1.0,416.19016,0.0,0.0,1.0,244.0,0.0,0.0,0.0,0.0,8065,421.98381,10,0,1,0,1,433.5669860839844,7548,451.8789978027344,10,0
209210083,İç Mimarlık ve Çevre Tasarımı,ANKARA MEDİPOL ÜNİVERSİTESİ,4,EŞİT AĞIRLIK,"18, 21, 64, 68",8420.0,Güzel Sanatlar Tasarım ve Mimarlık Fakültesi,(Burslu),ANKARA,VAKIF,0,9.0,0.0,0.0,0.0,0.0,381.97685,374.65116,109537.0,9.0,8.0,11.0,1.0,0.0,4.0,5.0,3.0,6.0,1.0,0.0,1.0,0.0,531.0,436.0,73.0,75.0,174.0,158.0,393.0,329.0,9.0,1,0.0,1.0,0.0,9.0,382.16429,0.0,0.0,1.0,355.66757,0.0,0.0,1.0,250.0,0.0,0.0,0.0,0.0,92103,375.39694,7,0,1,0,1,368.5450134277344,82367,377.9679870605469,7,0
209210085,Halkla İlişkiler ve Reklamcılık,ANKARA MEDİPOL ÜNİVERSİTESİ,4,SÖZEL,"18, 21, 64, 68",8440.0,İletişim Fakültesi,(Burslu),ANKARA,VAKIF,0,7.0,0.0,0.0,0.0,0.0,415.02838,369.54831,63793.0,7.0,5.0,5.0,2.0,4.0,3.0,1.0,2.0,5.0,1.0,2.0,1.0,1.0,219.0,158.0,27.0,21.0,69.0,45.0,154.0,110.0,7.0,1,0.0,1.0,0.0,7.0,453.98273,0.0,0.0,1.0,339.80321,0.0,0.0,1.0,349.0,0.0,0.0,0.0,0.0,46082,378.8982,8,0,1,0,1,390.73199462890625,44266,411.4179992675781,8,0
209210087,İç Mekan Tasarımı,ANKARA MEDİPOL ÜNİVERSİTESİ,2,TYT,"18, 21, 64, 68",21758.0,Meslek Yüksekokulu,(Burslu),ANKARA,VAKIF,1,10.0,0.0,0.0,0.0,0.0,397.1192,344.30396,428807.0,10.0,7.0,6.0,3.0,5.0,1.0,0.0,2.0,7.0,0.0,2.0,7.0,2.0,263.0,223.0,63.0,56.0,106.0,104.0,185.0,171.0,10.0,1,0.0,2.0,0.0,10.0,396.92145,0.0,0.0,1.0,281.84531,0.0,0.0,0.0,0.0,0.0,2.0,0.0,0.0,336285,365.02799,10,0,2,0,1,341.9200134277344,466586,389.4590148925781,10,0
209210089,Siyaset Bilimi ve Uluslararası İlişkiler,ANKARA MEDİPOL ÜNİVERSİTESİ,4,EŞİT AĞIRLIK,"18, 21, 22, 23, 24, 64, 68",8467.0,Siyasal Bilgiler Fakültesi,(İngilizce) (Burslu),ANKARA,VAKIF,0,6.0,0.0,0.0,0.0,0.0,380.34164,354.68214,162126.0,6.0,5.0,7.0,1.0,0.0,4.0,2.0,2.0,5.0,0.0,0.0,0.0,0.0,354.0,416.0,25.0,52.0,72.0,125.0,207.0,295.0,6.0,1,0.0,1.0,0.0,6.0,383.33301,0.0,0.0,1.0,354.3324,0.0,0.0,0.0,0.0,0.0,1.0,0.0,0.0,118339,364.58062,7,0,1,0,1,359.89801025390625,101125,380.4289855957031,7,0
209210090,Pazarlama,ANKARA MEDİPOL ÜNİVERSİTESİ,2,TYT,"18, 21, 64, 68",21764.0,Meslek Yüksekokulu,(Burslu),ANKARA,VAKIF,1,4.0,0.0,0.0,0.0,0.0,317.62326,302.20654,777038.0,4.0,0.0,1.0,4.0,2.0,0.0,1.0,1.0,0.0,0.0,1.0,3.0,1.0,99.0,118.0,8.0,10.0,25.0,31.0,60.0,84.0,3.0,1,0.0,1.0,0.0,3.0,325.90144,0.0,0.0,0.0,0.0,0.0,0.0,0.0,0.0,0.0,1.0,0.0,1.0,641051,322.63728,4,0,0,0,1,334.12701416015625,525786,354.23199462890625,4,0
209210093,Eczacılık,ANKARA MEDİPOL ÜNİVERSİTESİ,5,SAYISAL,"18, 22, 23, 24, 64, 68, 148, 149",8414.0,Eczacılık Fakültesi,(İngilizce) (Ücretli),ANKARA,VAKIF,0,3.0,0.0,0.0,0.0,0.0,443.22949,437.44913,67887.0,3.0,3.0,3.0,0.0,1.0,0.0,2.0,3.0,2.0,0.0,0.0,0.0,0.0,98.0,131.0,2.0,5.0,11.0,25.0,63.0,79.0,4.0,0,0.0,0.0,0.0,4.0,439.22276,0.0,0.0,0.0,0.0,0.0,0.0,0.0,0.0,1.0,0.0,0.0,0.0,72096,435.0993,4,0,0,0,0,397.1579895019531,85599,408.3429870605469,4,0
209210094,Eczacılık,ANKARA MEDİPOL ÜNİVERSİTESİ,5,SAYISAL,"18, 21, 22, 23, 24, 64, 68, 148, 149",8415.0,Eczacılık Fakültesi,(İngilizce) (Burslu),ANKARA,VAKIF,0,9.0,0.0,0.0,0.0,0.0,466.36892,461.38312,46797.0,9.0,5.0,9.0,4.0,1.0,6.0,3.0,3.0,7.0,0.0,0.0,0.0,0.0,557.0,654.0,13.0,18.0,72.0,106.0,269.0,373.0,9.0,1,0.0,1.0,0.0,9.0,479.6695,0.0,0.0,1.0,461.61067,0.0,0.0,0.0,0.0,0.0,1.0,0.0,0.0,46995,462.61296,9,0,1,0,1,438.2900085449219,47458,443.5559997558594,9,0
209210096,Bilgisayar Mühendisliği,ANKARA MEDİPOL ÜNİVERSİTESİ,4,SAYISAL,"18, 21, 22, 23, 24, 64, 68, 144",8443.0,Mühendislik ve Doğa Bilimleri Fakültesi,(İngilizce) (Burslu),ANKARA,VAKIF,0,7.0,0.0,0.0,0.0,0.0,509.88525,492.52499,22484.0,7.0,2.0,1.0,5.0,9.0,5.0,6.0,2.0,3.0,0.0,1.0,0.0,0.0,743.0,537.0,105.0,70.0,174.0,142.0,456.0,345.0,8.0,1,0.0,1.0,0.0,8.0,508.55613,0.0,0.0,1.0,495.39995,0.0,0.0,1.0,322.0,0.0,0.0,0.0,0.0,19524,498.57014,10,0,1,0,1,463.52301025390625,29316,477.5790100097656,10,0
209210100,Hemşirelik,ANKARA MEDİPOL ÜNİVERSİTESİ,4,SAYISAL,"18, 21, 22, 23, 24, 64, 68",8462.0,Sağlık Bilimleri Fakültesi,(İngilizce) (Burslu),ANKARA,VAKIF,0,7.0,0.0,0.0,0.0,0.0,414.68237,382.46769,127088.0,7.0,6.0,8.0,1.0,1.0,1.0,3.0,6.0,6.0,0.0,0.0,0.0,0.0,330.0,348.0,27.0,26.0,93.0,89.0,213.0,238.0,8.0,1,0.0,1.0,0.0,8.0,417.56343,0.0,0.0,1.0,386.25133,0.0,0.0,0.0,0.0,0.0,1.0,0.0,0.0,119244,393.27202,8,0,1,0,1,372.4429931640625,114784,398.1659851074219,8,0
209210102,Odyoloji,ANKARA MEDİPOL ÜNİVERSİTESİ,4,SAYISAL,"18, 21, 64, 68",8464.0,Sağlık Bilimleri Fakültesi,(Burslu),ANKARA,VAKIF,0,6.0,0.0,0.0,0.0,0.0,340.76326,330.48915,214285.0,6.0,4.0,5.0,2.0,3.0,3.0,1.0,3.0,6.0,0.0,0.0,0.0,1.0,418.0,238.0,15.0,13.0,71.0,45.0,209.0,150.0,6.0,1,0.0,1.0,0.0,6.0,401.90455,0.0,0.0,1.0,335.26174,0.0,0.0,1.0,310.0,0.0,0.0,0.0,0.0,216752,337.07259,6,0,1,0,1,303.510986328125,253791,318.0060119628906,6,0
209210110,Elektrik-Elektronik Mühendisliği,ANKARA MEDİPOL ÜNİVERSİTESİ,4,SAYISAL,"18, 21, 22, 23, 24, 64, 68, 144",8445.0,Mühendislik ve Doğa Bilimleri Fakültesi,(İngilizce) (Burslu),ANKARA,VAKIF,0,6.0,0.0,0.0,0.0,0.0,489.33018,455.36675,51908.0,6.0,0.0,2.0,6.0,5.0,3.0,1.0,3.0,6.0,0.0,0.0,0.0,0.0,498.0,422.0,43.0,36.0,146.0,108.0,324.0,245.0,6.0,1,0.0,1.0,0.0,6.0,487.03086,0.0,0.0,1.0,456.40201,0.0,0.0,0.0,0.0,0.0,1.0,0.0,0.0,41747,468.61653,6,0,1,0,1,442.23699951171875,44368,452.8389892578125,6,0
209210145,Bilgisayar Programcılığı,ANKARA MEDİPOL ÜNİVERSİTESİ,2,TYT,"18, 21, 64, 68",21757.0,Meslek Yüksekokulu,(%25 İndirimli),ANKARA,VAKIF,1,,,,,,,,,,,,,,,,,,,,,,,,,,,,,,,,,,,,,,,,,,,,,,,,,0,0.0,76,0,0,0,0,289.6650085449219,1021787,361.35699462890625,76,0
209210152,İç Mekan Tasarımı,ANKARA MEDİPOL ÜNİVERSİTESİ,2,TYT,"18, 21, 64, 68",21759.0,Meslek Yüksekokulu,(%25 İndirimli),ANKARA,VAKIF,1,,,,,,,,,,,,,,,,,,,,,,,,,,,,,,,,,,,,,,,,,,,,,,,,,0,0.0,67,0,0,0,0,258.67999267578125,1504048,339.5719909667969,67,0
209210159,İnşaat Teknolojisi,ANKARA MEDİPOL ÜNİVERSİTESİ,2,TYT,"18, 21, 64, 68",21761.0,Meslek Yüksekokulu,(%25 İndirimli),ANKARA,VAKIF,1,,,,,,,,,,,,,,,,,,,,,,,,,,,,,,,,,,,,,,,,,,,,,,,,,0,0.0,68,0,0,0,0,253.73599243164062,1588319,337.2409973144531,68,0
209210166,Mahkeme Büro Hizmetleri,ANKARA MEDİPOL ÜNİVERSİTESİ,2,TYT,"18, 21, 64, 68",21762.0,Meslek Yüksekokulu,(Burslu),ANKARA,VAKIF,1,,,,,,,,,,,,,,,,,,,,,,,,,,,,,,,,,,,,,,,,,,,,,,,,,0,0.0,4,0,1,0,1,344.1390075683594,451087,393.8030090332031,4,0
209210173,Mahkeme Büro Hizmetleri,ANKARA MEDİPOL ÜNİVERSİTESİ,2,TYT,"18, 21, 64, 68",21763.0,Meslek Yüksekokulu,(%25 İndirimli),ANKARA,VAKIF,1,,,,,,,,,,,,,,,,,,,,,,,,,,,,,,,,,,,,,,,,,,,,,,,,,0,0.0,25,0,0,0,0,272.2640075683594,1282380,338.760986328125,25,0
209210180,Pazarlama,ANKARA MEDİPOL ÜNİVERSİTESİ,2,TYT,"18, 21, 64, 68",21765.0,Meslek Yüksekokulu,(%25 İndirimli),ANKARA,VAKIF,1,,,,,,,,,,,,,,,,,,,,,,,,,,,,,,,,,,,,,,,,,,,,,,,,,0,0.0,20,0,0,0,0,242.5229949951172,1784199,310.739990234375,20,0
209210187,Ağız ve Diş Sağlığı,ANKARA MEDİPOL ÜNİVERSİTESİ,2,TYT,"18, 21, 64, 68",21768.0,Sağlık Hizmetleri Meslek Yüksekokulu,(%25 İndirimli),ANKARA,VAKIF,1,,,,,,,,,,,,,,,,,,,,,,,,,,,,,,,,,,,,,,,,,,,,,,,,,0,0.0,51,0,0,0,0,308.1510009765625,783170,339.4840087890625,51,0
209210194,Ameliyathane Hizmetleri,ANKARA MEDİPOL ÜNİVERSİTESİ,2,TYT,"18, 21, 64, 68",21770.0,Sağlık Hizmetleri Meslek Yüksekokulu,(%25 İndirimli),ANKARA,VAKIF,1,,,,,,,,,,,,,,,,,,,,,,,,,,,,,,,,,,,,,,,,,,,,,,,,,0,0.0,53,0,0,0,0,296.9849853515625,922089,324.62298583984375,53,0
209210201,Anestezi,ANKARA MEDİPOL ÜNİVERSİTESİ,2,TYT,"18, 21, 64, 68",21772.0,Sağlık Hizmetleri Meslek Yüksekokulu,(%25 İndirimli),ANKARA,VAKIF,1,,,,,,,,,,,,,,,,,,,,,,,,,,,,,,,,,,,,,,,,,,,,,,,,,0,0.0,49,0,0,0,0,329.09698486328125,568462,365.28900146484375,49,0
209210208,Biyomedikal Cihaz Teknolojisi,ANKARA MEDİPOL ÜNİVERSİTESİ,2,TYT,"18, 21, 64, 68",21774.0,Sağlık Hizmetleri Meslek Yüksekokulu,(%25 İndirimli),ANKARA,VAKIF,1,,,,,,,,,,,,,,,,,,,,,,,,,,,,,,,,,,,,,,,,,,,,,,,,,0,0.0,51,0,0,0,0,260.2720031738281,1477216,323.7510070800781,51,0
209210215,Diş Protez Teknolojisi,ANKARA MEDİPOL ÜNİVERSİTESİ,2,TYT,"18, 21, 64, 68",21776.0,Sağlık Hizmetleri Meslek Yüksekokulu,(%25 İndirimli),ANKARA,VAKIF,1,,,,,,,,,,,,,,,,,,,,,,,,,,,,,,,,,,,,,,,,,,,,,,,,,0,0.0,48,0,0,0,0,327.697998046875,580817,375.4289855957031,48,0
209210222,Diyaliz,ANKARA MEDİPOL ÜNİVERSİTESİ,2,TYT,"18, 21, 64, 68",21778.0,Sağlık Hizmetleri Meslek Yüksekokulu,(%25 İndirimli),ANKARA,VAKIF,1,,,,,,,,,,,,,,,,,,,,,,,,,,,,,,,,,,,,,,,,,,,,,,,,,0,0.0,54,0,0,0,0,286.05499267578125,1073251,319.1619873046875,54,0
209210229,Fizyoterapi,ANKARA MEDİPOL ÜNİVERSİTESİ,2,TYT,"18, 21, 64, 68",21780.0,Sağlık Hizmetleri Meslek Yüksekokulu,(%25 İndirimli),ANKARA,VAKIF,1,,,,,,,,,,,,,,,,,,,,,,,,,,,,,,,,,,,,,,,,,,,,,,,,,0,0.0,49,0,0,0,0,300.17401123046875,880476,340.90899658203125,49,0
209210236,İlk ve Acil Yardım,ANKARA MEDİPOL ÜNİVERSİTESİ,2,TYT,"18, 21, 64, 68",21782.0,Sağlık Hizmetleri Meslek Yüksekokulu,(%25 İndirimli),ANKARA,VAKIF,1,,,,,,,,,,,,,,,,,,,,,,,,,,,,,,,,,,,,,,,,,,,,,,,,,0,0.0,49,0,0,0,0,315.6130065917969,699908,348.06298828125,49,0
209210243,Odyometri,ANKARA MEDİPOL ÜNİVERSİTESİ,2,TYT,"18, 21, 64, 68",21784.0,Sağlık Hizmetleri Meslek Yüksekokulu,(%25 İndirimli),ANKARA,VAKIF,1,,,,,,,,,,,,,,,,,,,,,,,,,,,,,,,,,,,,,,,,,,,,,,,,,0,0.0,52,0,0,0,0,281.43499755859375,1141481,330.87298583984375,52,0
209210250,Optisyenlik,ANKARA MEDİPOL ÜNİVERSİTESİ,2,TYT,"18, 21, 64, 68",21786.0,Sağlık Hizmetleri Meslek Yüksekokulu,(%25 İndirimli),ANKARA,VAKIF,1,,,,,,,,,,,,,,,,,,,,,,,,,,,,,,,,,,,,,,,,,,,,,,,,,0,0.0,44,0,0,0,0,285.5580139160156,1080462,343.6960144042969,44,0
209210257,Radyoterapi,ANKARA MEDİPOL ÜNİVERSİTESİ,2,TYT,"18, 21, 64, 68",21788.0,Sağlık Hizmetleri Meslek Yüksekokulu,(%25 İndirimli),ANKARA,VAKIF,1,,,,,,,,,,,,,,,,,,,,,,,,,,,,,,,,,,,,,,,,,,,,,,,,,0,0.0,52,0,0,0,0,283.2699890136719,1114133,315.0369873046875,52,0
209210264,Sağlık Turizmi İşletmeciliği,ANKARA MEDİPOL ÜNİVERSİTESİ,2,TYT,"18, 21, 64, 68",21790.0,Sağlık Hizmetleri Meslek Yüksekokulu,(%25 İndirimli),ANKARA,VAKIF,1,,,,,,,,,,,,,,,,,,,,,,,,,,,,,,,,,,,,,,,,,,,,,,,,,0,0.0,24,0,0,0,0,238.9149932861328,1848936,327.3139953613281,24,0
209210271,Tıbbi Görüntüleme Teknikleri,ANKARA MEDİPOL ÜNİVERSİTESİ,2,TYT,"18, 21, 64, 68",21792.0,Sağlık Hizmetleri Meslek Yüksekokulu,(%25 İndirimli),ANKARA,VAKIF,1,,,,,,,,,,,,,,,,,,,,,,,,,,,,,,,,,,,,,,,,,,,,,,,,,0,0.0,49,0,0,0,0,315.8580017089844,697270,341.6029968261719,49,0
209210278,Tıbbi Laboratuvar Teknikleri,ANKARA MEDİPOL ÜNİVERSİTESİ,2,TYT,"18, 21, 64, 68",21794.0,Sağlık Hizmetleri Meslek Yüksekokulu,(%25 İndirimli),ANKARA,VAKIF,1,,,,,,,,,,,,,,,,,,,,,,,,,,,,,,,,,,,,,,,,,,,,,,,,,0,0.0,49,0,0,0,0,306.2829895019531,805113,329.77301025390625,49,0
209210285,Diş Hekimliği,ANKARA MEDİPOL ÜNİVERSİTESİ,5,SAYISAL,"18, 21, 64, 68, 147",8404.0,Diş Hekimliği Fakültesi,(%25 İndirimli),ANKARA,VAKIF,0,,,,,,,,,,,,,,,,,,,,,,,,,,,,,,,,,,,,,,,,,,,,,,,,,0,0.0,68,0,0,0,0,437.7049865722656,47944,458.2690124511719,68,0
209210292,Diş Hekimliği,ANKARA MEDİPOL ÜNİVERSİTESİ,5,SAYISAL,"18, 21, 22, 23, 24, 64, 68, 147",8407.0,Diş Hekimliği Fakültesi,(İngilizce) (%25 İndirimli),ANKARA,VAKIF,0,,,,,,,,,,,,,,,,,,,,,,,,,,,,,,,,,,,,,,,,,,,,,,,,,0,0.0,68,0,0,0,0,430.3760070800781,53966,452.8080139160156,68,0
209210299,Eczacılık,ANKARA MEDİPOL ÜNİVERSİTESİ,5,SAYISAL,"18, 21, 64, 68, 148, 149",8413.0,Eczacılık Fakültesi,(%25 İndirimli),ANKARA,VAKIF,0,,,,,,,,,,,,,,,,,,,,,,,,,,,,,,,,,,,,,,,,,,,,,,,,,0,0.0,55,0,0,0,0,414.4580078125,68185,433.3550109863281,55,0
209210306,Eczacılık,ANKARA MEDİPOL ÜNİVERSİTESİ,5,SAYISAL,"18, 21, 22, 23, 24, 64, 68, 148, 149",8416.0,Eczacılık Fakültesi,(İngilizce) (%25 İndirimli),ANKARA,VAKIF,0,,,,,,,,,,,,,,,,,,,,,,,,,,,,,,,,,,,,,,,,,,,,,,,,,0,0.0,55,0,0,0,0,398.6910095214844,84050,430.9849853515625,55,0
209210313,Gastronomi ve Mutfak Sanatları,ANKARA MEDİPOL ÜNİVERSİTESİ,4,SÖZEL,"18, 21, 22, 23, 24, 64, 68",8419.0,Güzel Sanatlar Tasarım ve Mimarlık Fakültesi,(İngilizce) (%25 İndirimli),ANKARA,VAKIF,0,,,,,,,,,,,,,,,,,,,,,,,,,,,,,,,,,,,,,,,,,,,,,,,,,0,0.0,63,0,0,0,0,288.39300537109375,484868,414.5899963378906,63,0
209210320,İç Mimarlık ve Çevre Tasarımı,ANKARA MEDİPOL ÜNİVERSİTESİ,4,EŞİT AĞIRLIK,"18, 21, 64, 68",8421.0,Güzel Sanatlar Tasarım ve Mimarlık Fakültesi,(%25 İndirimli),ANKARA,VAKIF,0,,,,,,,,,,,,,,,,,,,,,,,,,,,,,,,,,,,,,,,,,,,,,,,,,0,0.0,44,0,0,0,0,303.9859924316406,323918,345.0469970703125,44,0
209210327,Hukuk,ANKARA MEDİPOL ÜNİVERSİTESİ,4,EŞİT AĞIRLIK,"18, 21, 64, 68, 162",8425.0,Hukuk Fakültesi,(%25 İndirimli),ANKARA,VAKIF,0,,,,,,,,,,,,,,,,,,,,,,,,,,,,,,,,,,,,,,,,,,,,,,,,,0,0.0,116,0,0,0,0,384.3080139160156,55018,418.0050048828125,116,0
209210334,Psikoloji,ANKARA MEDİPOL ÜNİVERSİTESİ,4,EŞİT AĞIRLIK,"18, 21, 22, 23, 24, 64, 68",8430.0,"İktisadi, İdari ve Sosyal Bilimler Fakültesi",(İngilizce) (%25 İndirimli),ANKARA,VAKIF,0,,,,,,,,,,,,,,,,,,,,,,,,,,,,,,,,,,,,,,,,,,,,,,,,,0,0.0,68,0,0,0,0,328.9809875488281,195883,390.4570007324219,68,0
209210341,Uluslararası Ticaret ve Finansman,ANKARA MEDİPOL ÜNİVERSİTESİ,4,EŞİT AĞIRLIK,"18, 21, 22, 23, 24, 64, 68",8436.0,"İktisadi, İdari ve Sosyal Bilimler Fakültesi",(İngilizce) (%25 İndirimli),ANKARA,VAKIF,0,,,,,,,,,,,,,,,,,,,,,,,,,,,,,,,,,,,,,,,,,,,,,,,,,0,0.0,51,0,0,0,0,279.2590026855469,512614,344.9909973144531,51,0
209210348,Uluslararası Ticaret ve Finansman,ANKARA MEDİPOL ÜNİVERSİTESİ,4,EŞİT AĞIRLIK,"18, 21, 64, 68",8432.0,"İktisadi, İdari ve Sosyal Bilimler Fakültesi",(%25 İndirimli),ANKARA,VAKIF,0,,,,,,,,,,,,,,,,,,,,,,,,,,,,,,,,,,,,,,,,,,,,,,,,,0,0.0,31,0,0,0,0,265.0,654118,301.8919982910156,31,0
209210355,Yönetim Bilişim Sistemleri,ANKARA MEDİPOL ÜNİVERSİTESİ,4,EŞİT AĞIRLIK,"18, 21, 64, 68",8438.0,"İktisadi, İdari ve Sosyal Bilimler Fakültesi",(%25 İndirimli),ANKARA,VAKIF,0,,,,,,,,,,,,,,,,,,,,,,,,,,,,,,,,,,,,,,,,,,,,,,,,,0,0.0,76,0,0,0,0,313.56500244140625,267880,369.7359924316406,76,0
209210362,Halkla İlişkiler ve Reklamcılık,ANKARA MEDİPOL ÜNİVERSİTESİ,4,SÖZEL,"18, 21, 64, 68",8441.0,İletişim Fakültesi,(%25 İndirimli),ANKARA,VAKIF,0,,,,,,,,,,,,,,,,,,,,,,,,,,,,,,,,,,,,,,,,,,,,,,,,,0,0.0,49,0,0,0,0,200.45700073242188,1313384,386.12799072265625,49,0
209210369,Bilgisayar Mühendisliği,ANKARA MEDİPOL ÜNİVERSİTESİ,4,SAYISAL,"18, 21, 22, 23, 24, 64, 68, 144",8444.0,Mühendislik ve Doğa Bilimleri Fakültesi,(İngilizce) (%25 İndirimli),ANKARA,VAKIF,0,,,,,,,,,,,,,,,,,,,,,,,,,,,,,,,,,,,,,,,,,,,,,,,,,0,0.0,59,0,0,0,0,362.2019958496094,129002,451.9460144042969,59,0
209210376,Elektrik-Elektronik Mühendisliği,ANKARA MEDİPOL ÜNİVERSİTESİ,4,SAYISAL,"18, 21, 22, 23, 24, 64, 68, 144",8446.0,Mühendislik ve Doğa Bilimleri Fakültesi,(İngilizce) (%25 İndirimli),ANKARA,VAKIF,0,,,,,,,,,,,,,,,,,,,,,,,,,,,,,,,,,,,,,,,,,,,,,,,,,0,0.0,39,0,0,0,0,335.66900634765625,174079,433.8219909667969,39,0
209210383,Beslenme ve Diyetetik,ANKARA MEDİPOL ÜNİVERSİTESİ,4,SAYISAL,"18, 21, 64, 68",8449.0,Sağlık Bilimleri Fakültesi,(%25 İndirimli),ANKARA,VAKIF,0,,,,,,,,,,,,,,,,,,,,,,,,,,,,,,,,,,,,,,,,,,,,,,,,,0,0.0,34,0,0,0,0,286.54400634765625,314208,361.98199462890625,34,0
209210390,Dil ve Konuşma Terapisi,ANKARA MEDİPOL ÜNİVERSİTESİ,4,SAYISAL,"18, 21, 64, 68",8451.0,Sağlık Bilimleri Fakültesi,(%25 İndirimli),ANKARA,VAKIF,0,,,,,,,,,,,,,,,,,,,,,,,,,,,,,,,,,,,,,,,,,,,,,,,,,0,0.0,54,0,0,0,0,315.25,220557,402.12701416015625,54,0
209210397,Ebelik,ANKARA MEDİPOL ÜNİVERSİTESİ,4,SAYISAL,"18, 21, 31, 64, 68",8453.0,Sağlık Bilimleri Fakültesi,(%25 İndirimli),ANKARA,VAKIF,0,,,,,,,,,,,,,,,,,,,,,,,,,,,,,,,,,,,,,,,,,,,,,,,,,0,0.0,63,0,0,0,0,276.8429870605469,357020,310.8760070800781,63,0
209210404,Ergoterapi,ANKARA MEDİPOL ÜNİVERSİTESİ,4,SAYISAL,"18, 21, 64, 68",8455.0,Sağlık Bilimleri Fakültesi,(%25 İndirimli),ANKARA,VAKIF,0,,,,,,,,,,,,,,,,,,,,,,,,,,,,,,,,,,,,,,,,,,,,,,,,,0,0.0,43,0,0,0,0,247.11099243164062,557039,332.3919982910156,43,0
209210411,Fizyoterapi ve Rehabilitasyon,ANKARA MEDİPOL ÜNİVERSİTESİ,4,SAYISAL,"18, 21, 64, 68",8457.0,Sağlık Bilimleri Fakültesi,(%25 İndirimli),ANKARA,VAKIF,0,,,,,,,,,,,,,,,,,,,,,,,,,,,,,,,,,,,,,,,,,,,,,,,,,0,0.0,43,0,0,0,0,261.9670104980469,440710,317.2829895019531,43,0
209210418,Hemşirelik,ANKARA MEDİPOL ÜNİVERSİTESİ,4,SAYISAL,"18, 21, 64, 68",8459.0,Sağlık Bilimleri Fakültesi,(%25 İndirimli),ANKARA,VAKIF,0,,,,,,,,,,,,,,,,,,,,,,,,,,,,,,,,,,,,,,,,,,,,,,,,,0,0.0,67,0,0,0,0,303.7099914550781,253161,357.375,67,0
209210425,Hemşirelik,ANKARA MEDİPOL ÜNİVERSİTESİ,4,SAYISAL,"18, 21, 22, 23, 24, 64, 68",8463.0,Sağlık Bilimleri Fakültesi,(İngilizce) (%25 İndirimli),ANKARA,VAKIF,0,,,,,,,,,,,,,,,,,,,,,,,,,,,,,,,,,,,,,,,,,,,,,,,,,0,0.0,49,0,0,0,0,284.99200439453125,320705,350.05499267578125,49,0
209210432,Odyoloji,ANKARA MEDİPOL ÜNİVERSİTESİ,4,SAYISAL,"18, 21, 64, 68",8465.0,Sağlık Bilimleri Fakültesi,(%25 İndirimli),ANKARA,VAKIF,0,,,,,,,,,,,,,,,,,,,,,,,,,,,,,,,,,,,,,,,,,,,,,,,,,0,0.0,39,0,0,0,0,239.58399963378906,632888,288.47900390625,39,0
209210439,Siyaset Bilimi ve Uluslararası İlişkiler,ANKARA MEDİPOL ÜNİVERSİTESİ,4,EŞİT AĞIRLIK,"18, 21, 22, 23, 24, 64, 68",8468.0,Siyasal Bilgiler Fakültesi,(İngilizce) (%25 İndirimli),ANKARA,VAKIF,0,,,,,,,,,,,,,,,,,,,,,,,,,,,,,,,,,,,,,,,,,,,,,,,,,0,0.0,44,0,0,0,0,290.75201416015625,416427,337.06201171875,44,0
209210446,Tıp,ANKARA MEDİPOL ÜNİVERSİTESİ,6,SAYISAL,"18, 21, 64, 68, 155",8472.0,Tıp Fakültesi,(%25 İndirimli),ANKARA,VAKIF,0,,,,,,,,,,,,,,,,,,,,,,,,,,,,,,,,,,,,,,,,,,,,,,,,,0,0.0,72,0,0,0,0,472.84100341796875,23646,496.7860107421875,72,0
209210453,Tıp,ANKARA MEDİPOL ÜNİVERSİTESİ,6,SAYISAL,"18, 21, 22, 23, 24, 64, 68, 155",8475.0,Tıp Fakültesi,(İngilizce) (%25 İndirimli),ANKARA,VAKIF,0,,,,,,,,,,,,,,,,,,,,,,,,,,,,,,,,,,,,,,,,,,,,,,,,,0,0.0,71,0,0,0,0,461.1260070800781,30912,478.1600036621094,71,0
209510010,Psikoloji,ANKARA BİLİM ÜNİVERSİTESİ,4,EŞİT AĞIRLIK,"22, 23, 24, 64, 253",8369.0,İnsan ve Toplum Bilimleri Fakültesi,(İngilizce) (Ücretli),ANKARA,VAKIF,0,39.0,0.0,0.0,0.0,0.0,313.44247,279.36689,567803.0,39.0,32.0,34.0,7.0,8.0,12.0,14.0,22.0,13.0,2.0,5.0,3.0,7.0,283.0,154.0,19.0,6.0,67.0,32.0,173.0,95.0,42.0,0,0.0,0.0,0.0,42.0,323.04282,0.0,0.0,0.0,0.0,0.0,0.0,0.0,0.0,16.0,0.0,0.0,0.0,1295620,219.32061,23,0,0,0,0,235.0749969482422,1032227,281.135009765625,23,0
209510011,Psikoloji,ANKARA BİLİM ÜNİVERSİTESİ,4,EŞİT AĞIRLIK,"21, 22, 23, 24, 64, 253",8370.0,İnsan ve Toplum Bilimleri Fakültesi,(İngilizce) (Burslu),ANKARA,VAKIF,0,9.0,0.0,0.0,0.0,0.0,399.30904,394.2506,67999.0,9.0,7.0,8.0,2.0,3.0,2.0,4.0,7.0,7.0,0.0,0.0,0.0,0.0,348.0,312.0,16.0,11.0,61.0,42.0,200.0,175.0,10.0,1,0.0,1.0,0.0,10.0,400.66421,0.0,0.0,1.0,393.08989,0.0,0.0,0.0,0.0,0.0,1.0,0.0,0.0,55707,393.55048,10,0,1,0,1,377.1000061035156,66513,383.35198974609375,10,0
209510013,Bilgisayar Mühendisliği,ANKARA BİLİM ÜNİVERSİTESİ,4,SAYISAL,"22, 23, 24, 64, 144, 253",8384.0,Mühendislik ve Mimarlık Fakültesi,(İngilizce) (Ücretli),ANKARA,VAKIF,0,8.0,0.0,0.0,0.0,0.0,359.46932,340.37114,193775.0,8.0,4.0,8.0,4.0,12.0,5.0,7.0,3.0,13.0,0.0,0.0,0.0,0.0,165.0,95.0,9.0,6.0,54.0,25.0,132.0,57.0,20.0,0,0.0,0.0,0.0,20.0,366.31164,0.0,0.0,0.0,0.0,0.0,0.0,0.0,0.0,2.0,0.0,0.0,0.0,241498,327.11367,12,0,0,0,0,292.8089904785156,290025,323.8890075683594,3,0
209510014,Bilgisayar Mühendisliği,ANKARA BİLİM ÜNİVERSİTESİ,4,SAYISAL,"21, 22, 23, 24, 64, 144, 253",8385.0,Mühendislik ve Mimarlık Fakültesi,(İngilizce) (Burslu),ANKARA,VAKIF,0,9.0,0.0,0.0,0.0,0.0,479.0592,467.00519,42177.0,9.0,4.0,2.0,5.0,10.0,3.0,3.0,6.0,9.0,0.0,0.0,0.0,0.0,458.0,431.0,12.0,37.0,56.0,92.0,226.0,255.0,10.0,1,0.0,1.0,0.0,10.0,493.69093,0.0,0.0,1.0,472.16415,0.0,0.0,1.0,395.0,0.0,0.0,0.0,0.0,33416,478.97169,10,0,2,0,1,430.3070068359375,54016,468.1029968261719,10,0
209510015,Bilgisayar Mühendisliği,ANKARA BİLİM ÜNİVERSİTESİ,4,SAYISAL,"21, 22, 23, 24, 64, 144, 253",8386.0,Mühendislik ve Mimarlık Fakültesi,(İngilizce) (%50 İndirimli),ANKARA,VAKIF,0,43.0,0.0,0.0,0.0,0.0,422.23903,354.60156,168041.0,43.0,17.0,23.0,26.0,21.0,14.0,17.0,26.0,27.0,3.0,0.0,0.0,0.0,426.0,521.0,28.0,35.0,115.0,114.0,286.0,351.0,44.0,0,0.0,0.0,0.0,44.0,434.53636,0.0,0.0,0.0,0.0,0.0,0.0,0.0,0.0,0.0,0.0,0.0,0.0,144167,375.56726,56,0,0,0,0,297.218994140625,274490,407.7279968261719,56,0
209510016,Film Tasarımı ve Yönetimi,ANKARA BİLİM ÜNİVERSİTESİ,4,SÖZEL,"22, 23, 24, 64, 253",8345.0,Güzel Sanatlar ve Tasarım Fakültesi,(İngilizce) (Ücretli),ANKARA,VAKIF,0,,,,,,,,,,,,,,,,,,,,,,,,,,,,,,,,,,,,,,,,,,,,,,,,,0,0.0,2,0,0,0,0,210.03500366210938,1246818,246.44500732421875,2,0
209510017,Film Tasarımı ve Yönetimi,ANKARA BİLİM ÜNİVERSİTESİ,4,SÖZEL,"21, 22, 23, 24, 64, 253",8346.0,Güzel Sanatlar ve Tasarım Fakültesi,(İngilizce) (Burslu),ANKARA,VAKIF,0,3.0,0.0,0.0,0.0,0.0,419.34421,373.33586,56905.0,3.0,3.0,1.0,0.0,3.0,1.0,0.0,0.0,1.0,1.0,1.0,1.0,2.0,120.0,98.0,14.0,13.0,28.0,32.0,85.0,70.0,4.0,1,0.0,1.0,0.0,4.0,448.91526,0.0,0.0,0.0,0.0,0.0,0.0,0.0,0.0,0.0,1.0,0.0,1.0,31920,389.33762,4,0,1,0,1,394.02301025390625,39501,402.0660095214844,4,0
209510018,Film Tasarımı ve Yönetimi,ANKARA BİLİM ÜNİVERSİTESİ,4,SÖZEL,"21, 22, 23, 24, 64, 253",8347.0,Güzel Sanatlar ve Tasarım Fakültesi,(İngilizce) (%50 İndirimli),ANKARA,VAKIF,0,15.0,0.0,0.0,0.0,0.0,342.07132,230.89995,1036615.0,15.0,7.0,12.0,8.0,13.0,10.0,4.0,1.0,13.0,2.0,3.0,0.0,3.0,39.0,81.0,1.0,5.0,9.0,15.0,23.0,53.0,25.0,0,0.0,0.0,0.0,25.0,348.19671,0.0,0.0,0.0,0.0,0.0,0.0,0.0,0.0,13.0,0.0,0.0,0.0,1532228,169.46014,23,0,0,0,0,174.80099487304688,1412428,342.0400085449219,19,0
209510019,Yeni Medya ve İletişim,ANKARA BİLİM ÜNİVERSİTESİ,4,SÖZEL,"22, 23, 24, 64, 253",8351.0,Güzel Sanatlar ve Tasarım Fakültesi,(İngilizce) (Ücretli),ANKARA,VAKIF,0,,,,,,,,,,,,,,,,,,,,,,,,,,,,,,,,,,,,,,,,,,,,,,,,,0,0.0,2,0,0,0,0,229.88099670410156,1070077,229.88099670410156,1,0
209510020,Yeni Medya ve İletişim,ANKARA BİLİM ÜNİVERSİTESİ,4,SÖZEL,"21, 22, 23, 24, 64, 253",8352.0,Güzel Sanatlar ve Tasarım Fakültesi,(İngilizce) (Burslu),ANKARA,VAKIF,0,4.0,0.0,0.0,0.0,0.0,393.99644,384.17208,40077.0,4.0,2.0,1.0,2.0,4.0,0.0,1.0,3.0,2.0,0.0,0.0,1.0,2.0,141.0,153.0,17.0,19.0,39.0,43.0,89.0,110.0,4.0,1,0.0,1.0,0.0,4.0,417.59792,0.0,0.0,1.0,190.89223,0.0,0.0,0.0,0.0,0.0,1.0,0.0,1.0,12824,411.98737,6,0,1,0,1,368.7439880371094,86560,440.9750061035156,6,0
209510021,Yeni Medya ve İletişim,ANKARA BİLİM ÜNİVERSİTESİ,4,SÖZEL,"21, 22, 23, 24, 64, 253",8353.0,Güzel Sanatlar ve Tasarım Fakültesi,(İngilizce) (%50 İndirimli),ANKARA,VAKIF,0,18.0,0.0,0.0,0.0,0.0,329.41579,255.384,758711.0,18.0,13.0,26.0,5.0,3.0,7.0,9.0,7.0,18.0,2.0,2.0,0.0,0.0,87.0,107.0,2.0,9.0,11.0,31.0,50.0,70.0,29.0,0,0.0,0.0,0.0,29.0,322.80659,0.0,0.0,0.0,0.0,0.0,0.0,0.0,0.0,2.0,0.0,0.0,0.0,932690,239.35165,35,0,0,0,0,173.4219970703125,1414507,358.614990234375,22,0
209510022,Yazılım Mühendisliği,ANKARA BİLİM ÜNİVERSİTESİ,4,SAYISAL,"22, 23, 24, 64, 144, 253",8397.0,Mühendislik ve Mimarlık Fakültesi,(İngilizce) (Ücretli),ANKARA,VAKIF,0,8.0,0.0,0.0,0.0,0.0,346.53274,337.71757,199103.0,8.0,2.0,5.0,6.0,4.0,3.0,2.0,5.0,7.0,0.0,0.0,0.0,0.0,163.0,87.0,1.0,0.0,31.0,10.0,129.0,44.0,20.0,0,0.0,0.0,0.0,9.0,345.51831,0.0,0.0,0.0,0.0,0.0,0.0,0.0,0.0,12.0,0.0,0.0,0.0,0,0.0,8,0,0,0,0,0.0,0,0.0,0,0
209510023,Yazılım Mühendisliği,ANKARA BİLİM ÜNİVERSİTESİ,4,SAYISAL,"21, 22, 23, 24, 64, 144, 253",8398.0,Mühendislik ve Mimarlık Fakültesi,(İngilizce) (Burslu),ANKARA,VAKIF,0,9.0,0.0,0.0,0.0,0.0,465.52995,462.22244,46056.0,9.0,1.0,3.0,8.0,8.0,6.0,4.0,3.0,7.0,0.0,0.0,0.0,0.0,498.0,395.0,13.0,14.0,62.0,44.0,253.0,204.0,10.0,1,0.0,1.0,0.0,10.0,477.36765,0.0,0.0,1.0,467.76409,0.0,0.0,0.0,0.0,0.0,1.0,0.0,0.0,39304,471.53142,10,0,1,0,1,417.0639953613281,65667,434.5989990234375,10,0
209510024,Yazılım Mühendisliği,ANKARA BİLİM ÜNİVERSİTESİ,4,SAYISAL,"21, 22, 23, 24, 64, 144, 253",8399.0,Mühendislik ve Mimarlık Fakültesi,(İngilizce) (%50 İndirimli),ANKARA,VAKIF,0,43.0,0.0,0.0,0.0,0.0,435.63477,347.09103,181172.0,43.0,25.0,18.0,18.0,26.0,11.0,5.0,30.0,36.0,2.0,2.0,0.0,1.0,418.0,545.0,17.0,18.0,93.0,107.0,275.0,346.0,44.0,0,0.0,0.0,0.0,44.0,414.2933,0.0,0.0,0.0,0.0,0.0,0.0,0.0,0.0,0.0,0.0,0.0,0.0,166174,362.06992,56,0,0,0,0,291.1809997558594,295940,369.0539855957031,19,0
209510025,Elektrik-Elektronik Mühendisliği,ANKARA BİLİM ÜNİVERSİTESİ,4,SAYISAL,"21, 22, 23, 24, 64, 144, 253",8393.0,Mühendislik ve Mimarlık Fakültesi,(İngilizce) (Burslu),ANKARA,VAKIF,0,6.0,0.0,0.0,0.0,0.0,459.68146,443.70929,62162.0,6.0,1.0,5.0,5.0,4.0,0.0,4.0,6.0,5.0,0.0,0.0,0.0,0.0,225.0,203.0,7.0,6.0,21.0,30.0,85.0,94.0,8.0,1,0.0,1.0,0.0,8.0,457.30227,0.0,0.0,1.0,444.48969,0.0,0.0,0.0,0.0,0.0,1.0,0.0,0.0,60155,447.87237,8,0,1,0,1,417.2539978027344,65509,431.3059997558594,8,0
209510027,Endüstri Mühendisliği,ANKARA BİLİM ÜNİVERSİTESİ,4,SAYISAL,"21, 22, 23, 24, 64, 144, 253",8395.0,Mühendislik ve Mimarlık Fakültesi,(İngilizce) (Burslu),ANKARA,VAKIF,0,5.0,0.0,0.0,0.0,0.0,439.77774,435.00135,70120.0,5.0,5.0,6.0,0.0,0.0,1.0,0.0,4.0,6.0,0.0,0.0,0.0,0.0,139.0,253.0,10.0,12.0,17.0,34.0,51.0,125.0,5.0,1,0.0,1.0,0.0,5.0,454.07775,0.0,0.0,1.0,442.36587,0.0,0.0,0.0,0.0,0.0,1.0,0.0,0.0,60652,447.34584,6,0,1,0,1,410.87298583984375,71630,420.9110107421875,6,0
209510028,Endüstri Mühendisliği,ANKARA BİLİM ÜNİVERSİTESİ,4,SAYISAL,"21, 22, 23, 24, 64, 144, 253",8396.0,Mühendislik ve Mimarlık Fakültesi,(İngilizce) (%50 İndirimli),ANKARA,VAKIF,0,22.0,0.0,0.0,0.0,0.0,363.28851,298.0304,299704.0,20.0,17.0,26.0,3.0,8.0,4.0,15.0,15.0,17.0,1.0,0.0,0.0,1.0,85.0,183.0,1.0,4.0,8.0,21.0,41.0,95.0,34.0,0,0.0,0.0,0.0,34.0,361.06236,0.0,0.0,0.0,0.0,0.0,0.0,0.0,0.0,2.0,0.0,0.0,0.0,294170,309.36833,38,0,0,0,0,292.4630126953125,291284,318.31201171875,13,0
209510029,İç Mimarlık ve Çevre Tasarımı,ANKARA BİLİM ÜNİVERSİTESİ,4,EŞİT AĞIRLIK,"22, 23, 24, 64, 253",8348.0,Güzel Sanatlar ve Tasarım Fakültesi,(İngilizce) (Ücretli),ANKARA,VAKIF,0,4.0,0.0,0.0,0.0,0.0,285.36863,274.49271,612044.0,4.0,3.0,3.0,1.0,1.0,3.0,1.0,1.0,3.0,0.0,0.0,0.0,0.0,242.0,112.0,10.0,4.0,48.0,20.0,160.0,77.0,4.0,0,0.0,0.0,0.0,4.0,276.37602,0.0,0.0,0.0,0.0,0.0,0.0,0.0,0.0,1.0,0.0,0.0,0.0,821979,255.46321,4,0,0,0,0,260.7879943847656,701325,295.56201171875,4,0
209510030,İç Mimarlık ve Çevre Tasarımı,ANKARA BİLİM ÜNİVERSİTESİ,4,EŞİT AĞIRLIK,"21, 22, 23, 24, 64, 253",8349.0,Güzel Sanatlar ve Tasarım Fakültesi,(İngilizce) (Burslu),ANKARA,VAKIF,0,5.0,0.0,0.0,0.0,0.0,366.2012,362.43169,140282.0,5.0,5.0,5.0,0.0,1.0,1.0,3.0,4.0,3.0,0.0,0.0,0.0,0.0,350.0,266.0,16.0,18.0,75.0,65.0,220.0,181.0,5.0,1,0.0,1.0,0.0,5.0,381.17967,0.0,0.0,1.0,354.46392,0.0,0.0,0.0,0.0,0.0,1.0,0.0,0.0,99614,372.12615,5,0,1,0,1,363.7040100097656,92411,368.47100830078125,5,0
209510031,İç Mimarlık ve Çevre Tasarımı,ANKARA BİLİM ÜNİVERSİTESİ,4,EŞİT AĞIRLIK,"21, 22, 23, 24, 64, 253",8350.0,Güzel Sanatlar ve Tasarım Fakültesi,(İngilizce) (%50 İndirimli),ANKARA,VAKIF,0,21.0,0.0,0.0,0.0,0.0,337.81763,288.37536,493383.0,21.0,15.0,21.0,6.0,9.0,12.0,10.0,6.0,14.0,0.0,0.0,2.0,4.0,493.0,260.0,36.0,20.0,117.0,58.0,323.0,186.0,30.0,0,0.0,0.0,0.0,30.0,326.43341,0.0,0.0,0.0,0.0,0.0,0.0,0.0,0.0,5.0,0.0,0.0,0.0,638760,272.83362,30,0,0,0,0,277.55499267578125,528330,330.65899658203125,30,0
209510032,Yönetim Bilişim Sistemleri,ANKARA BİLİM ÜNİVERSİTESİ,4,EŞİT AĞIRLIK,"22, 23, 24, 64, 253",8377.0,İnsan ve Toplum Bilimleri Fakültesi,(İngilizce) (Ücretli),ANKARA,VAKIF,0,6.0,0.0,0.0,0.0,0.0,291.83147,274.78398,609371.0,6.0,2.0,2.0,4.0,3.0,2.0,2.0,3.0,1.0,1.0,1.0,0.0,1.0,73.0,44.0,4.0,0.0,11.0,6.0,46.0,24.0,5.0,0,0.0,0.0,0.0,5.0,287.34586,0.0,0.0,0.0,0.0,0.0,0.0,0.0,0.0,2.0,0.0,0.0,0.0,807913,256.70307,4,0,0,0,0,237.88400268554688,993016,257.3710021972656,4,0
209510033,Yönetim Bilişim Sistemleri,ANKARA BİLİM ÜNİVERSİTESİ,4,EŞİT AĞIRLIK,"21, 22, 23, 24, 64, 253",8378.0,İnsan ve Toplum Bilimleri Fakültesi,(İngilizce) (Burslu),ANKARA,VAKIF,0,5.0,0.0,0.0,0.0,0.0,386.65881,372.80285,113935.0,5.0,4.0,3.0,1.0,3.0,1.0,1.0,4.0,5.0,0.0,0.0,0.0,0.0,264.0,448.0,5.0,29.0,24.0,107.0,166.0,308.0,5.0,1,0.0,1.0,0.0,5.0,399.40895,0.0,0.0,1.0,382.18205,0.0,0.0,0.0,0.0,0.0,1.0,0.0,0.0,70644,385.45486,7,0,1,0,1,375.3450012207031,69690,393.5060119628906,7,0
209510034,Yönetim Bilişim Sistemleri,ANKARA BİLİM ÜNİVERSİTESİ,4,EŞİT AĞIRLIK,"21, 22, 23, 24, 64, 253",8379.0,İnsan ve Toplum Bilimleri Fakültesi,(İngilizce) (%50 İndirimli),ANKARA,VAKIF,0,19.0,0.0,0.0,0.0,0.0,351.66872,279.38817,567613.0,19.0,6.0,12.0,13.0,17.0,4.0,6.0,14.0,22.0,0.0,0.0,0.0,0.0,257.0,347.0,2.0,16.0,38.0,93.0,166.0,261.0,29.0,0,0.0,0.0,0.0,29.0,327.80087,0.0,0.0,0.0,0.0,0.0,0.0,0.0,0.0,1.0,0.0,0.0,0.0,484173,290.40797,38,0,0,0,0,257.4570007324219,739841,360.57598876953125,38,0
209510035,İngilizce Mütercim ve Tercümanlık,ANKARA BİLİM ÜNİVERSİTESİ,4,DİL,"22, 23, 24, 64, 253",8359.0,İnsan ve Toplum Bilimleri Fakültesi,(Ücretli),ANKARA,VAKIF,0,6.0,0.0,0.0,0.0,0.0,408.2173,298.66595,63102.0,6.0,5.0,6.0,1.0,4.0,3.0,5.0,3.0,3.0,0.0,1.0,0.0,0.0,94.0,44.0,6.0,1.0,28.0,8.0,74.0,29.0,11.0,0,0.0,0.0,0.0,10.0,297.33154,0.0,0.0,0.0,0.0,0.0,0.0,0.0,0.0,2.0,0.0,0.0,0.0,0,0.0,7,0,0,0,0,214.0780029296875,130024,261.4320068359375,7,0
209510036,İngilizce Mütercim ve Tercümanlık,ANKARA BİLİM ÜNİVERSİTESİ,4,DİL,"21, 22, 23, 24, 64, 253",8360.0,İnsan ve Toplum Bilimleri Fakültesi,(Burslu),ANKARA,VAKIF,0,5.0,0.0,0.0,0.0,0.0,436.17796,429.7497,14432.0,5.0,4.0,4.0,1.0,3.0,1.0,6.0,2.0,1.0,1.0,0.0,1.0,0.0,171.0,186.0,9.0,8.0,32.0,37.0,104.0,109.0,6.0,1,0.0,1.0,0.0,6.0,448.24488,0.0,0.0,1.0,421.23524,0.0,0.0,0.0,0.0,0.0,1.0,0.0,0.0,13801,439.44784,6,0,1,0,1,436.96600341796875,11899,449.739990234375,6,0
209510037,İngilizce Mütercim ve Tercümanlık,ANKARA BİLİM ÜNİVERSİTESİ,4,DİL,"21, 22, 23, 24, 64, 253",8361.0,İnsan ve Toplum Bilimleri Fakültesi,(%50 İndirimli),ANKARA,VAKIF,0,22.0,0.0,0.0,0.0,0.0,422.11516,311.61858,57770.0,22.0,12.0,16.0,10.0,14.0,10.0,15.0,5.0,8.0,2.0,5.0,3.0,0.0,237.0,163.0,17.0,14.0,63.0,37.0,162.0,115.0,30.0,0,0.0,0.0,0.0,30.0,412.52343,0.0,0.0,0.0,0.0,0.0,0.0,0.0,0.0,2.0,0.0,0.0,0.0,72907,302.74206,34,0,0,0,0,286.5050048828125,80759,409.1189880371094,34,0
209510039,Hukuk,ANKARA BİLİM ÜNİVERSİTESİ,4,EŞİT AĞIRLIK,"21, 64, 162, 253",8356.0,Hukuk Fakültesi,(Burslu),ANKARA,VAKIF,0,55.0,0.0,0.0,0.0,0.0,428.65224,413.8573,35445.0,55.0,34.0,7.0,21.0,4.0,17.0,3.0,30.0,7.0,1.0,0.0,7.0,1.0,620.0,724.0,22.0,49.0,90.0,122.0,350.0,428.0,10.0,1,0.0,2.0,0.0,10.0,431.626,0.0,0.0,1.0,423.19151,0.0,0.0,0.0,0.0,0.0,2.0,0.0,0.0,17246,423.78579,10,0,2,0,1,410.7349853515625,23905,423.25799560546875,10,0
209510042,Siyaset Bilimi ve Kamu Yönetimi,ANKARA BİLİM ÜNİVERSİTESİ,4,EŞİT AĞIRLIK,"21, 22, 23, 24, 64, 253",8372.0,İnsan ve Toplum Bilimleri Fakültesi,(İngilizce) (Burslu),ANKARA,VAKIF,0,3.0,0.0,0.0,0.0,0.0,344.80165,332.31621,240075.0,3.0,2.0,5.0,1.0,1.0,2.0,1.0,1.0,3.0,0.0,0.0,0.0,2.0,249.0,209.0,14.0,8.0,47.0,37.0,140.0,124.0,4.0,1,0.0,1.0,0.0,4.0,364.68331,0.0,0.0,1.0,339.39358,0.0,0.0,1.0,216.0,0.0,0.0,0.0,0.0,161002,350.09369,5,0,1,0,1,336.47601318359375,167771,342.8349914550781,5,0
209510043,Siyaset Bilimi ve Kamu Yönetimi,ANKARA BİLİM ÜNİVERSİTESİ,4,EŞİT AĞIRLIK,"21, 22, 23, 24, 64, 253",8373.0,İnsan ve Toplum Bilimleri Fakültesi,(İngilizce) (%50 İndirimli),ANKARA,VAKIF,0,13.0,0.0,0.0,0.0,0.0,305.18648,255.85541,807369.0,13.0,7.0,10.0,6.0,15.0,5.0,9.0,8.0,12.0,0.0,2.0,0.0,1.0,99.0,131.0,3.0,6.0,13.0,23.0,49.0,69.0,25.0,0,0.0,0.0,0.0,25.0,325.9231,0.0,0.0,0.0,0.0,0.0,0.0,0.0,0.0,2.0,0.0,0.0,0.0,1107859,232.69205,34,0,0,0,0,186.10800170898438,1639250,322.9469909667969,25,0
209510046,İşletme,ANKARA BİLİM ÜNİVERSİTESİ,4,EŞİT AĞIRLIK,"21, 22, 23, 24, 64, 253",8362.0,İnsan ve Toplum Bilimleri Fakültesi,(İngilizce) (Burslu),ANKARA,VAKIF,0,3.0,0.0,0.0,0.0,0.0,347.05957,334.34674,231786.0,3.0,2.0,4.0,1.0,1.0,1.0,2.0,2.0,3.0,0.0,0.0,0.0,0.0,276.0,216.0,6.0,7.0,37.0,31.0,141.0,113.0,4.0,1,0.0,1.0,0.0,4.0,356.47603,0.0,0.0,1.0,338.85665,0.0,0.0,0.0,0.0,0.0,1.0,0.0,0.0,175334,345.89501,5,0,1,0,1,340.6409912109375,153918,348.1059875488281,5,0
209510054,Elektrik-Elektronik Mühendisliği,ANKARA BİLİM ÜNİVERSİTESİ,4,SAYISAL,"21, 22, 23, 24, 64, 144, 253",8394.0,Mühendislik ve Mimarlık Fakültesi,(İngilizce) (%50 İndirimli),ANKARA,VAKIF,0,27.0,0.0,0.0,0.0,0.0,373.61839,302.45157,286029.0,27.0,9.0,13.0,18.0,28.0,13.0,14.0,14.0,27.0,0.0,0.0,0.0,0.0,112.0,327.0,1.0,4.0,5.0,37.0,45.0,166.0,41.0,0,0.0,0.0,0.0,41.0,374.15182,0.0,0.0,0.0,0.0,0.0,0.0,0.0,0.0,2.0,0.0,0.0,0.0,270729,316.76459,47,0,0,0,0,292.0369873046875,292758,343.76300048828125,14,0
209510061,Psikoloji,ANKARA BİLİM ÜNİVERSİTESİ,4,EŞİT AĞIRLIK,"64, 253",8364.0,İnsan ve Toplum Bilimleri Fakültesi,(Ücretli),ANKARA,VAKIF,0,11.0,0.0,0.0,0.0,0.0,321.77078,305.63709,374095.0,11.0,10.0,35.0,1.0,7.0,3.0,2.0,4.0,16.0,0.0,5.0,4.0,19.0,465.0,175.0,30.0,13.0,123.0,51.0,313.0,120.0,42.0,0,0.0,0.0,0.0,42.0,322.21193,0.0,0.0,0.0,0.0,0.0,0.0,0.0,0.0,19.0,0.0,0.0,0.0,1000556,240.79444,23,0,0,0,0,260.1990051269531,708074,326.3320007324219,23,0
209510068,Psikoloji,ANKARA BİLİM ÜNİVERSİTESİ,4,EŞİT AĞIRLIK,"21, 64, 253",8365.0,İnsan ve Toplum Bilimleri Fakültesi,(Burslu),ANKARA,VAKIF,0,9.0,0.0,0.0,0.0,0.0,408.20471,389.65514,77022.0,9.0,5.0,9.0,4.0,3.0,1.0,0.0,5.0,9.0,1.0,0.0,2.0,3.0,1398.0,412.0,195.0,22.0,442.0,65.0,1033.0,239.0,10.0,1,0.0,1.0,0.0,10.0,396.86548,0.0,0.0,1.0,388.62702,0.0,0.0,1.0,305.0,0.0,0.0,0.0,0.0,60433,390.89761,10,0,1,0,1,376.7550048828125,67075,387.9020080566406,10,0
209510075,Psikoloji,ANKARA BİLİM ÜNİVERSİTESİ,4,EŞİT AĞIRLIK,"21, 64, 253",8366.0,İnsan ve Toplum Bilimleri Fakültesi,(%50 İndirimli),ANKARA,VAKIF,0,40.0,0.0,0.0,0.0,0.0,358.29117,333.7561,234050.0,40.0,31.0,14.0,9.0,3.0,8.0,4.0,22.0,8.0,4.0,2.0,6.0,2.0,1009.0,421.0,85.0,52.0,310.0,126.0,699.0,296.0,17.0,0,0.0,0.0,0.0,17.0,348.07081,0.0,0.0,0.0,0.0,0.0,0.0,0.0,0.0,2.0,0.0,0.0,0.0,227093,332.83528,36,0,0,0,0,316.0299987792969,254834,342.65301513671875,36,0
209510082,Bilişim Sistemleri Mühendisliği,ANKARA BİLİM ÜNİVERSİTESİ,4,SAYISAL,"22, 23, 24, 64, 144, 253",8387.0,Mühendislik ve Mimarlık Fakültesi,(İngilizce) (Ücretli),ANKARA,VAKIF,0,8.0,0.0,0.0,0.0,0.0,335.82784,312.76088,256810.0,8.0,2.0,0.0,6.0,0.0,2.0,0.0,6.0,0.0,0.0,0.0,0.0,0.0,25.0,30.0,0.0,0.0,3.0,2.0,20.0,15.0,10.0,0,0.0,0.0,0.0,0.0,0.0,0.0,0.0,0.0,0.0,0.0,0.0,0.0,0.0,11.0,0.0,0.0,0.0,0,0.0,4,0,0,0,0,0.0,0,0.0,0,0
209510089,Bilişim Sistemleri Mühendisliği,ANKARA BİLİM ÜNİVERSİTESİ,4,SAYISAL,"21, 22, 23, 24, 64, 144, 253",8388.0,Mühendislik ve Mimarlık Fakültesi,(İngilizce) (Burslu),ANKARA,VAKIF,0,9.0,0.0,0.0,0.0,0.0,455.2854,412.4117,92626.0,9.0,2.0,3.0,7.0,8.0,3.0,2.0,5.0,9.0,0.0,0.0,1.0,0.0,175.0,254.0,8.0,13.0,29.0,51.0,107.0,152.0,10.0,1,0.0,1.0,0.0,10.0,467.9118,0.0,0.0,1.0,432.52194,0.0,0.0,0.0,0.0,0.0,1.0,0.0,0.0,61744,446.1183,11,0,2,0,1,397.281005859375,85472,416.3970031738281,11,0
209510096,Bilişim Sistemleri Mühendisliği,ANKARA BİLİM ÜNİVERSİTESİ,4,SAYISAL,"21, 22, 23, 24, 64, 144, 253",8391.0,Mühendislik ve Mimarlık Fakültesi,(İngilizce) (%50 İndirimli),ANKARA,VAKIF,0,43.0,0.0,0.0,0.0,0.0,333.32573,303.11524,284103.0,21.0,9.0,12.0,12.0,38.0,3.0,8.0,17.0,38.0,0.0,2.0,1.0,0.0,63.0,165.0,0.0,6.0,2.0,24.0,29.0,107.0,54.0,0,0.0,0.0,0.0,50.0,360.78558,0.0,0.0,0.0,0.0,0.0,0.0,0.0,0.0,4.0,0.0,0.0,0.0,0,0.0,68,0,0,0,0,292.7900085449219,290086,302.4179992675781,8,0
209510103,İşletme,ANKARA BİLİM ÜNİVERSİTESİ,4,EŞİT AĞIRLIK,"21, 22, 23, 24, 64, 253",8363.0,İnsan ve Toplum Bilimleri Fakültesi,(İngilizce) (%50 İndirimli),ANKARA,VAKIF,0,13.0,0.0,0.0,0.0,0.0,305.94799,252.7194,844478.0,13.0,7.0,13.0,6.0,12.0,6.0,4.0,6.0,19.0,0.0,1.0,0.0,0.0,130.0,261.0,1.0,6.0,9.0,35.0,53.0,139.0,25.0,0,0.0,0.0,0.0,25.0,308.85972,0.0,0.0,0.0,0.0,0.0,0.0,0.0,0.0,3.0,0.0,0.0,0.0,965259,243.54757,34,0,0,0,0,200.28799438476562,1507524,278.3030090332031,34,0
209510110,Elektrik-Elektronik Mühendisliği,ANKARA BİLİM ÜNİVERSİTESİ,4,SAYISAL,"22, 23, 24, 64, 144, 253",8392.0,Mühendislik ve Mimarlık Fakültesi,(İngilizce) (Ücretli),ANKARA,VAKIF,0,7.0,0.0,0.0,0.0,0.0,335.89445,305.45484,277282.0,7.0,2.0,0.0,5.0,2.0,2.0,1.0,5.0,1.0,0.0,0.0,0.0,0.0,18.0,36.0,0.0,0.0,1.0,3.0,14.0,19.0,10.0,0,0.0,0.0,0.0,2.0,315.0577,0.0,0.0,0.0,0.0,0.0,0.0,0.0,0.0,9.0,0.0,0.0,0.0,0,0.0,4,0,0,0,0,0.0,0,0.0,0,0
209510117,Hukuk,ANKARA BİLİM ÜNİVERSİTESİ,4,EŞİT AĞIRLIK,"64, 162, 253",8355.0,Hukuk Fakültesi,(Ücretli),ANKARA,VAKIF,0,,,,,,,,,,,7.0,,4.0,,3.0,,7.0,,0.0,,1.0,,75.0,,0.0,,2.0,,43.0,20.0,0,0.0,0.0,0.0,11.0,366.60098,0.0,0.0,0.0,0.0,0.0,0.0,0.0,0.0,11.0,0.0,0.0,0.0,0,0.0,8,0,0,0,0,351.5069885253906,122109,351.5069885253906,1,0
209510124,Hukuk,ANKARA BİLİM ÜNİVERSİTESİ,4,EŞİT AĞIRLIK,"21, 64, 162, 253",8357.0,Hukuk Fakültesi,(%50 İndirimli),ANKARA,VAKIF,0,,,,,,,,,,,29.0,,19.0,,12.0,,30.0,,5.0,,1.0,,343.0,,6.0,,36.0,,225.0,48.0,0,0.0,0.0,0.0,48.0,390.97724,0.0,0.0,0.0,0.0,0.0,0.0,0.0,0.0,2.0,0.0,0.0,0.0,112481,366.84644,60,0,0,0,0,358.2070007324219,105164,380.4679870605469,60,0
209510131,Psikoloji,ANKARA BİLİM ÜNİVERSİTESİ,4,EŞİT AĞIRLIK,"21, 22, 23, 24, 64, 253",8371.0,İnsan ve Toplum Bilimleri Fakültesi,(İngilizce) (%50 İndirimli),ANKARA,VAKIF,0,,,,,,,,,,,14.0,,3.0,,4.0,,10.0,,1.0,,1.0,,447.0,,69.0,,149.0,,320.0,17.0,0,0.0,0.0,0.0,17.0,343.29626,0.0,0.0,0.0,0.0,0.0,0.0,0.0,0.0,0.0,0.0,0.0,0.0,266932,324.3884,36,0,0,0,0,308.8559875488281,294545,330.4309997558594,36,0
209510138,Bilişim Güvenliği Teknolojisi,ANKARA BİLİM ÜNİVERSİTESİ,2,TYT,"21, 64, 253",21746.0,Meslek Yüksekokulu,(Burslu),ANKARA,VAKIF,1,,,,,,,,,,,2.0,,6.0,,1.0,,5.0,,1.0,,0.0,,936.0,,21.0,,194.0,,609.0,6.0,1,0.0,1.0,0.0,6.0,365.83318,0.0,0.0,1.0,299.47225,0.0,0.0,1.0,235.0,0.0,0.0,0.0,0.0,359840,360.70315,6,0,1,0,1,363.8190002441406,333870,395.2879943847656,6,0
209510145,Bilişim Güvenliği Teknolojisi,ANKARA BİLİM ÜNİVERSİTESİ,2,TYT,"21, 64, 253",21747.0,Meslek Yüksekokulu,(%50 İndirimli),ANKARA,VAKIF,1,,,,,,,,,,,7.0,,27.0,,6.0,,23.0,,5.0,,0.0,,435.0,,8.0,,63.0,,262.0,34.0,0,0.0,0.0,0.0,34.0,357.09125,0.0,0.0,0.0,0.0,0.0,0.0,0.0,0.0,4.0,0.0,0.0,0.0,1317249,268.26353,39,0,0,0,0,260.22698974609375,1477946,337.24200439453125,39,0
209510152,Yönetim Bilişim Sistemleri,ANKARA BİLİM ÜNİVERSİTESİ,4,EŞİT AĞIRLIK,"64, 253",8374.0,İnsan ve Toplum Bilimleri Fakültesi,(Ücretli),ANKARA,VAKIF,0,,,,,,,,,,,1.0,,1.0,,0.0,,2.0,,0.0,,0.0,,69.0,,2.0,,8.0,,40.0,2.0,0,0.0,0.0,0.0,2.0,277.52864,0.0,0.0,0.0,0.0,0.0,0.0,0.0,0.0,1.0,0.0,0.0,0.0,701073,266.58157,4,0,0,0,0,209.98699951171875,1385799,217.34500122070312,3,0
209510159,Yönetim Bilişim Sistemleri,ANKARA BİLİM ÜNİVERSİTESİ,4,EŞİT AĞIRLIK,"21, 64, 253",8375.0,İnsan ve Toplum Bilimleri Fakültesi,(Burslu),ANKARA,VAKIF,0,,,,,,,,,,,5.0,,3.0,,2.0,,5.0,,1.0,,0.0,,924.0,,158.0,,361.0,,701.0,6.0,1,0.0,1.0,0.0,6.0,382.35093,0.0,0.0,1.0,372.48264,0.0,0.0,1.0,271.0,0.0,0.0,0.0,0.0,88572,376.98201,7,0,1,0,1,373.60101318359375,72774,374.5190124511719,7,0
209510166,Yönetim Bilişim Sistemleri,ANKARA BİLİM ÜNİVERSİTESİ,4,EŞİT AĞIRLIK,"21, 64, 253",8376.0,İnsan ve Toplum Bilimleri Fakültesi,(%50 İndirimli),ANKARA,VAKIF,0,,,,,,,,,,,11.0,,21.0,,5.0,,23.0,,2.0,,1.0,,338.0,,16.0,,87.0,,244.0,32.0,0,0.0,0.0,0.0,32.0,325.49679,0.0,0.0,0.0,0.0,0.0,0.0,0.0,0.0,3.0,0.0,0.0,0.0,605844,276.30139,39,0,0,0,0,261.3269958496094,695078,322.10198974609375,39,0
209510173,Bilgisayar Programcılığı,ANKARA BİLİM ÜNİVERSİTESİ,2,TYT,"21, 64, 253",21744.0,Meslek Yüksekokulu,(Burslu),ANKARA,VAKIF,1,,,,,,,,,,,3.0,,5.0,,1.0,,3.0,,2.0,,2.0,,1683.0,,196.0,,531.0,,1180.0,6.0,1,0.0,1.0,0.0,6.0,393.84289,0.0,0.0,1.0,346.4705,0.0,0.0,1.0,236.0,0.0,0.0,0.0,0.0,298162,372.75183,8,0,1,0,1,377.4549865722656,271241,419.4179992675781,8,0
209510180,Bilgisayar Programcılığı,ANKARA BİLİM ÜNİVERSİTESİ,2,TYT,"21, 64, 253",21745.0,Meslek Yüksekokulu,(%50 İndirimli),ANKARA,VAKIF,1,,,,,,,,,,,8.0,,26.0,,7.0,,26.0,,0.0,,1.0,,832.0,,43.0,,179.0,,531.0,34.0,0,0.0,0.0,0.0,34.0,335.26127,0.0,0.0,0.0,0.0,0.0,0.0,0.0,0.0,2.0,0.0,0.0,0.0,1055970,286.40062,51,0,0,0,0,271.5140075683594,1294367,355.260986328125,51,0
209510187,İnsansız Hava Aracı Teknolojisi ve Operatörlüğü,ANKARA BİLİM ÜNİVERSİTESİ,2,TYT,"21, 64, 253",21750.0,Meslek Yüksekokulu,(Burslu),ANKARA,VAKIF,1,,,,,,,,,,,3.0,,5.0,,1.0,,3.0,,1.0,,3.0,,1235.0,,175.0,,427.0,,884.0,6.0,1,0.0,1.0,0.0,6.0,409.23832,0.0,0.0,1.0,350.16265,0.0,0.0,1.0,275.0,1.0,0.0,0.0,0.0,349320,362.60825,6,0,1,0,1,386.59100341796875,235487,415.57598876953125,6,0
209510194,İnsansız Hava Aracı Teknolojisi ve Operatörlüğü,ANKARA BİLİM ÜNİVERSİTESİ,2,TYT,"21, 64, 253",21751.0,Meslek Yüksekokulu,(%50 İndirimli),ANKARA,VAKIF,1,,,,,,,,,,,7.0,,27.0,,6.0,,22.0,,4.0,,1.0,,613.0,,41.0,,168.0,,408.0,34.0,0,0.0,0.0,0.0,34.0,328.34116,0.0,0.0,0.0,0.0,0.0,0.0,0.0,0.0,3.0,0.0,0.0,0.0,1132327,280.85574,39,0,0,0,0,282.15301513671875,1130780,339.9280090332031,39,0
209510201,E-Ticaret ve Pazarlama,ANKARA BİLİM ÜNİVERSİTESİ,2,TYT,"21, 64, 253",21748.0,Meslek Yüksekokulu,(Burslu),ANKARA,VAKIF,1,,,,,,,,,,,0.0,,8.0,,0.0,,3.0,,1.0,,4.0,,581.0,,39.0,,124.0,,376.0,6.0,1,0.0,1.0,0.0,6.0,348.19144,0.0,0.0,1.0,288.13081,0.0,0.0,1.0,190.0,2.0,0.0,0.0,0.0,532581,335.15477,7,0,1,0,1,341.1080017089844,472524,349.0060119628906,7,0
209510208,E-Ticaret ve Pazarlama,ANKARA BİLİM ÜNİVERSİTESİ,2,TYT,"21, 64, 253",21749.0,Meslek Yüksekokulu,(%50 İndirimli),ANKARA,VAKIF,1,,,,,,,,,,,6.0,,28.0,,15.0,,14.0,,3.0,,0.0,,240.0,,8.0,,47.0,,130.0,34.0,0,0.0,0.0,0.0,34.0,328.91595,0.0,0.0,0.0,0.0,0.0,0.0,0.0,0.0,6.0,0.0,0.0,0.0,2000257,228.85225,43,0,0,0,0,218.906005859375,2216729,298.5050048828125,43,0
209510215,Bilgisayar Mühendisliği,ANKARA BİLİM ÜNİVERSİTESİ,4,SAYISAL,"64, 144, 253",8381.0,Mühendislik ve Mimarlık Fakültesi,(Ücretli),ANKARA,VAKIF,0,,,,,,,,,,,4.0,,3.0,,4.0,,2.0,,0.0,,1.0,,49.0,,0.0,,5.0,,30.0,14.0,0,0.0,0.0,0.0,7.0,368.82619,0.0,0.0,0.0,0.0,0.0,0.0,0.0,0.0,10.0,0.0,0.0,0.0,0,0.0,4,0,0,0,0,0.0,0,0.0,0,0
209510222,Bilgisayar Mühendisliği,ANKARA BİLİM ÜNİVERSİTESİ,4,SAYISAL,"21, 64, 144, 253",8382.0,Mühendislik ve Mimarlık Fakültesi,(Burslu),ANKARA,VAKIF,0,,,,,,,,,,,3.0,,5.0,,5.0,,2.0,,1.0,,0.0,,1029.0,,204.0,,429.0,,770.0,6.0,1,0.0,1.0,0.0,6.0,477.62787,0.0,0.0,1.0,454.48384,0.0,0.0,1.0,417.0,0.0,0.0,0.0,0.0,38898,472.03412,5,0,1,0,1,424.5889892578125,59033,438.25799560546875,5,0
209510229,Bilgisayar Mühendisliği,ANKARA BİLİM ÜNİVERSİTESİ,4,SAYISAL,"21, 64, 144, 253",8383.0,Mühendislik ve Mimarlık Fakültesi,(%50 İndirimli),ANKARA,VAKIF,0,,,,,,,,,,,8.0,,12.0,,9.0,,10.0,,0.0,,1.0,,311.0,,14.0,,52.0,,211.0,20.0,0,0.0,0.0,0.0,20.0,382.56373,0.0,0.0,0.0,0.0,0.0,0.0,0.0,0.0,1.0,0.0,0.0,0.0,187267,350.73487,31,0,0,0,0,292.0450134277344,292734,386.7030029296875,21,0
209510236,Bilgisayar Destekli Tasarım ve Animasyon,ANKARA BİLİM ÜNİVERSİTESİ,2,TYT,"21, 64, 253",21742.0,Meslek Yüksekokulu,(Burslu),ANKARA,VAKIF,1,,,,,,,,,,,3.0,,5.0,,1.0,,3.0,,2.0,,2.0,,751.0,,44.0,,169.0,,502.0,6.0,1,0.0,1.0,0.0,6.0,394.47827,0.0,0.0,1.0,297.69784,0.0,0.0,1.0,210.0,0.0,0.0,0.0,0.0,420909,350.56439,6,0,1,0,1,351.2030029296875,404553,412.7139892578125,6,0
209510243,Bilgisayar Destekli Tasarım ve Animasyon,ANKARA BİLİM ÜNİVERSİTESİ,2,TYT,"21, 64, 253",21743.0,Meslek Yüksekokulu,(%50 İndirimli),ANKARA,VAKIF,1,,,,,,,,,,,15.0,,19.0,,11.0,,16.0,,3.0,,1.0,,291.0,,6.0,,39.0,,166.0,34.0,0,0.0,0.0,0.0,34.0,309.36092,0.0,0.0,0.0,0.0,0.0,0.0,0.0,0.0,6.0,0.0,0.0,0.0,1773049,240.99385,39,0,0,0,0,239.42599487304688,1839730,319.5660095214844,39,0
209510250,Web Tasarımı ve Kodlama,ANKARA BİLİM ÜNİVERSİTESİ,2,TYT,"21, 64, 253",21752.0,Meslek Yüksekokulu,(Burslu),ANKARA,VAKIF,1,,,,,,,,,,,,,,,,,,,,,,,,,,,,,,,,,,,,,,,,,,,,,,,,,0,0.0,4,0,1,0,1,346.8609924316406,432438,361.8580017089844,4,0
209510257,Web Tasarımı ve Kodlama,ANKARA BİLİM ÜNİVERSİTESİ,2,TYT,"21, 64, 253",21753.0,Meslek Yüksekokulu,(%50 İndirimli),ANKARA,VAKIF,1,,,,,,,,,,,,,,,,,,,,,,,,,,,,,,,,,,,,,,,,,,,,,,,,,0,0.0,25,0,0,0,0,243.01199340820312,1775743,320.6780090332031,25,0
